class,subclass,query,response,tokens_extracted
network_security,defensive,1,"1. Packet Filtering
2. Intrusion Detection
3. Network Monitoring
4. Firewalling
5. Traffic Filtering
6. ARP Spoofing Defense
7. IP Spoofing Defense
8. Denial of Service (DOS) Protection
9. Port Scanning
10. SYN Flood Mitigation
11. Packet Sniffing Prevention
12. SSL/TLS Certificate Validation
13. ICMP Echo Request Defense
14. TCP Sequence Number Spoofing
15. DNS Poisoning Protection
16. IP Range Lookup
17. Network Isolation Techniques
18. ARP Proxy
19. IPSec Encryption
20. DNS Query Logging
21. IP Multicast Defenses
22. Port Scan Prevention
23. NAT Table Cleaner
24. DHCP Server Defense
25. DNS Server Authentication
26. TLS/SSL Certificate Authority Verification
27. HTTP Rate Limiter
28. HTTPS Compression
29. URL Hashing
30. DNS Resolution Cache Purge
31. WAF Web Application Firewall
32. Content Filter
33. Intrusion Detection System (IDS)
34. Intrusion Prevention System",application arp authentication authority cache certificate compression content defense dhcp dns dos echo encryption filter http https icmp ids logging lookup nat network number packet port proxy query range rate request resolution scan sequence server service ssl syn system table tcp tls traffic url validation verification web
network_security,defensive,2,"Firewall
Routing
Anti-virus
Intrusion-defense
Nmap
Port-scanning
Packet-inspection
DDoS-prevention
WAF
IPS
Zero-day-fighting
Secure-boot
Secure-networking
Secure-connections
Secure-boot
Network-attack-detection
Phishing-reasoning
Cyrus-Spy
DDoS-trojan-hunt",anti attack boot connections day defense hunt inspection ips network packet port routing secure spy zero
network_security,defensive,3,"1. Firewall  
2. Encryption  
3. Antivirus  
4. IDS/IPS  
5. Intrusion Detection System (IDS)  
6. Denial of Service (DoS)  
7. Network Segmentation  
8. Traffic Filtering  
9. Packet Filtering  
10. Port Scanning  
11. Rate Limiting  
12. ARP Spoofing  
13. Man-in-the-Middle Attack (MitM)  
14. SSL/TLS Authentication  
15. IP Spoofing  
16. Smurf Attack  
17. ICMP Flood  
18. SYN Flood  
19. ACK Flood  
20. TCP Window Management  
21. Source Routing  
22. MAC Spoofing  
23. UDP Fragmentation  
24. ARP Poisoning  
25. DNS Poisoning  
26. ICMP Redirects  
27. SPOOFING  
28. Eavesdropping  
29. Session Hijacking  
30. Phishing Attacks  
31. Brute Force Passwords  
32. SQL Injection  
33. Buffer Overflow  
34. XSS Cross-Site Scripting  
35. SQL Tampering  
36. DDo",ack arp attack attacks authentication buffer cross dns dos encryption force icmp ids ips mac man management middle network overflow packet port rate routing service session site source sql ssl syn system tcp the tls traffic udp window
network_security,defensive,4,"1. IPS
2. IDS
3. WAF
4. NIP
5. DLP
6. FCP
7. DMZ
8. AV
9. VSCAN
10. NVA
11. DNSSEC
12. DMARC
13. DTLS
14. IPsec
15. SSL
16. SPF
17. AH
18. TLS
19. DNS
20. IPsec
21. PGP
22. SMIME
23. HTTP
24. HTTPS
25. TLS
26. ICMP
27. UDP
28. TCP
29. ACK
30. RST
31. SYN
32. FIN
33. TCP window
34. TCP port
35. UDP port
36. MSS
37. MSS max
38. MSS min
39. Window scaling
40. MSS reset
41. Window resize
42. MSS reset limit
43. MSS limit
44. MSS limit count
45. MSS lock
46. MSS unlock
47. MSS update",ack count dns fin http https icmp ids ips limit lock max min nip port reset resize rst scaling ssl syn tcp tls udp unlock update window
network_security,defensive,5,"1. Firewall
2. Sniffer
3. Trap
4. Scanner
5. Intrusion Detection System (IDS)
6. Antivirus
7. Access Control List (ACL)
8. Network Address Translation (NAT)
9. Packet Filtering
10. Denial of Service (DoS) Prevention
11. Web Application Firewalls (WAFs)
12. Reverse Proxy
13. Encryption
14. Content Delivery Networks (CDNs)
15. Intrusion Prevention Systems (IPS)
16. Network Security Group (NSG)
17. Identity and Access Management (IAM)
18. Traffic Control
19. IP Spoofing
20. Vulnerability Scanning
21. Intrusion Detection
22. Data Encryption Standard (DES)
23. Data Loss Prevention (DLP)
24. Port Scanner
25. Network Monitor
26. Traffic Shaping
27. Network Intrusion Prevention System (NiPS)
28. IPsec
29. Firewall Rules
30. IPSec
31. NAT traversal
32. Deniable ARP
33. ICMP Flood
34. TCP Fragmentation Attack
35.",access acl address and application arp attack content control data delivery des dos encryption group iam icmp identity ids ips list loss management monitor nat network packet port proxy reverse rules scanner security service standard system systems tcp traffic translation trap web
network_security,defensive,6,"1. Intrusion Detection System (IDS)
2. Network Monitoring Tools
3. Traffic Analysis Techniques
4. Firewall Configuration Management
5. Packet Filtering Strategies
6. Data Loss Prevention (DLP) Programs
7. Intrusion Prevention Systems (IPS)
8. Intrusion Scanning Tools
9. Network Access Control Lists (ACLs)
10. Network Security Audits
11. Network Policy Enforcement
12. Vulnerability Assessment Methods
13. DDoS Attack Prevention Measures
14. Network Forensics Technologies
15. Threat Hunting Tools
16. Network Configuration Management Software
17. Network Policy Rules
18. Network Security Incident Response Plan
19. Network Security Audit Reports
20. Network Security Training Programs
21. Network Segmentation Strategies
22. Network Encryption Protocols
23. Network Intrusion Prevention Systems (NIP) 
24. Network Denial of Service (DoS) Protection
25. Network Security Compliance Requirements
26. Network Security Risk Assessment
27. Network Security Vulnerabilities
28. Network Security Operations Metrics
29. Network Security Cybersecurity Frameworks
30. Network Security Incident Mitigation Plans
3",access analysis assessment attack audit configuration control data dos encryption ids incident ips lists loss management methods metrics network nip operations packet plan plans policy programs protocols reports requirements response risk rules security service software system systems threat tools traffic training
network_security,defensive,7,"Firewall  
IPS (Intrusion Prevention System)  
Anti-virus  
DLP (Data Loss Prevention)  
Denial of Service Attack (DoS)  
Distributed Denial of Service (DDoS)  
Phishing  
Brute Force Attack  
Social Engineering  
Man-in-the-Middle Attack  
SQL Injection  
Cross-Site Scripting (XSS)  
Cross-Site Request for Information (CSRF)  
SQL Query Injection  
Buffer Overflow  
XSS and CSRF Attacks  
Smurf attack  
Nmap scan  
Sniffers  

These are some examples of network security-related defensive measures that could be considered unique or distinct from standard defense techniques. Each has its own specific purpose and is often used in combination with other measures to provide comprehensive protection against cyber threats.",against and anti are attack attacks buffer combination could cross csrf data defense distinct distributed dos each engineering examples for force from has information ips its loss man middle network often other overflow own provide purpose query related request scan security service site social some specific sql standard system that the these unique used with
network_security,defensive,8,"1. Intrusion Detection System (IDS)
2. Network Filtering Technology
3. Vulnerability Assessment
4. Antivirus Software
5. Firewall Configuration
6. Intrusion Prevention Systems (IPS)
7. Traffic Monitoring Tools
8. Intrusion Detection Routers (IDR)
9. Packet Sniffing Analysis
10. Denial of Service (DoS) Protection
11. Intrusion Detection Alerts
12. Threat Modeling Tools
13. Security Information and Event Management (SIEM)
14. Intrusion Detection Capabilities (IDC)
15. Intrusion Detection Systems (IDS)
16. Intrusion Prevention Measures (IPM)
17. Network Monitoring Technologies
18. Vulnerability Scanning Tools
19. Network Intrusion Detection Systems (NIDS)
20. Intrusion Detection in Wireless Networks (IDW)
21. Network-based Intrusion Prevention (NBI-P)
22. Network Security Policies (NSP)
23. Intrusion Detection in Data Centers (IDDC)
24. Network Security Analytics
25. Intrusion Prevention in Virtualized Environments (IPv)
26. Intrusion Detection in Internet of Things (IoT)
27. Network Security",alerts analysis analytics and assessment based capabilities centers configuration data dos environments event ids information internet iot ips ipv management network packet security service software system systems technology things threat tools traffic
network_security,defensive,9,"1. Firewall
2. IPS
3. IDS
4. DLP
5. SSL/TLS
6. NTP
7. TLS
8. SNI
9. DNSSEC
10. DHCPSEC
11. SSLVPN
12. TLSVPP
13. SSLMPLS
14. HTTPS
15. PPTP
16. GRE
17. L2TP
18. IPsec
19. MUXVLAN
20. VPLS
21. GREVPLS
22. VLANMAPPING
23. MACSEC
24. L2F
25. L2MP
26. NATSEC
27. FRR
28. MPLS-TE
29. ETSI
30. IEEE802.1Q
31. IPv6
32. ICMP
33. ICMPv6
34. ARP
35. IGMP
36. UDP
37. TCP
38. ICMP
39. ICMPv6
40. ICMPRedirects
41. TELNET
42. SSH",arp gre https icmp ids ieee ips ipv ntp ssh ssl tcp tls udp
network_security,defensive,10,"1. Antivirus
2. Intrusion Detection System (IDS)
3. Packet Filtering
4. Secure Configuration Management (SCM)
5. Network Security Policy
6. Firewall Rule Set
7. Intrusion Prevention System (IPS)
8. Network Behavior Analysis (NBA)
9. DDoS Protection
10. Intrusion Prevention Algorithm (IPA)
11. Vulnerability Assessment (VA)
12. Network Access Control (NAC)
13. Threat Intelligence
14. Network Performance Monitoring (NPM)
15. Network Traffic Analysis (NTA)
16. Intrusion Scanning
17. Network Layer Security (NLS)
18. Network Security Audit
19. Network Defense Strategy
20. Network Segmentation
21. Network Diagnostics
22. Network Patch Management
23. Network Identity Management
24. Network Encryption
25. Network Admission Control (NAC)
26. Network Security Evaluation (NSE)
27. Network Security Governance (NSG)
28. Network Security Operations
29. Network Security Incident Response (NSIR)
30. Network Security Compliance
31. Network Security Management
32. Network Security Monitoring
33",access algorithm analysis assessment audit behavior configuration control defense encryption evaluation identity ids incident intelligence ipa ips layer management network npm operations packet patch performance policy response rule secure security set strategy system threat traffic
network_security,defensive,11,"1. Firewall
2. Intrusion Prevention System (IPS)
3. Network Intrusion Detection System (NIDS)
4. Packet Filtering
5. IP Address Masking
6. ARP Poisoning
7. Denial of Service (DoS) Attack
8. Traffic Analysis
9. Network Segmentation
10. Reverse Proxy
11. Content Filter
12. Virtual Private Networks (VPNs)
13. Network Traffic Cleaning
14. Intrusion Detection Alert
15. Port Security
16. Secure Shell (SSH)
17. SSL/TLS Encryption
18. Access Control List (ACL)
19. Data Integrity Check
20. Vulnerability Scanning
21. Software Update
22. Antivirus Software
23. Network Sniffing
24. Denial of Service (DOS) Simulation
25. Intrusion Attempt Analysis
26. Network Monitoring
27. Network Address Translation (NAT)
28. Application Load Balancing
29. Network Security Audit
30. Network Segregation
31. Network Scanning
32. Network Discovery
33. Network Management Interface (NMI)
34. Network Security",access acl address alert analysis application arp attack attempt audit check content control data dos encryption filter interface ips list load management nat network packet port private proxy reverse secure security service shell simulation software ssh ssl system tls traffic translation update virtual
network_security,defensive,12,"network security 
firewall 
anti-malware 
deduplication 
security groups 
content filtering 
anti-espionage 
walletpak 
intrusion detection systems (IDS) 
norton antivirus 
malwarebytes 
hybris antivirus 
dns protection 
web application firewalls (WAFs) 
ips inspection 
ipsec protection 
anti-trojan horses 
data loss prevention (DLP) 
secure communication 
virus protection 
port scanning 
end-to-end encryption 
network segmentation 
virtualization security 
load balancer protection 
infrastructure as code (IAC) 
security auditing 
software vulnerability management (VUM) 
red team activities 
cyber hygiene",activities anti application code communication content data dns encryption end groups iac ids inspection ips load loss management network port red secure security software systems team web
network_security,defensive,13,"Firewall 
Intrusion Detection System  
Antivirus Software  
Packet Filter  
Rate Limiting  
Deny Policy  
Port Scanner  
SIP Proxy  
Web Application Firewall (WAF)  
Outdated Vulnerability Management  
Application Control Lists (ACLs)  
Data Loss Prevention (DLP)  
Content Filtering  
Anti-Malware Software  
Nmap  
IPS
IDS  
Vulnerability Assessment Tools  
Threat Intelligence Services  
Zero-Day Attack Defense  
Network Monitoring Solutions  
Cloud Security Aggregator (CSA)  
Packet Sniffing Detection  
DDoS Protection  
Secure File Transfer (SFTP)  
Wireless Network Security  
Endpoint Detection and Response (EDR)  
Virtual Private Network (VPN)  
Machine Learning Techniques in Security  
Security Operations Centers (SOCs)",and anti application assessment attack centers cloud content control data day defense deny endpoint file filter ids intelligence ips learning lists loss machine management network operations packet policy port private proxy rate response scanner secure security services sip software system threat tools transfer virtual vpn web zero
network_security,defensive,14,"- Firewall
- Access Control List (ACL)
- Intrusion Detection System (IDS)
- Packet Filter
- Network Segmentation
- Rate Limiting
- Traffic Monitoring
- Intrusion Prevention System (IPS)
- Port Scanner
- Application Control
- Packet Filtering Rules
- DDoS Protection
- VLAN Management
- Virtual Private Networks (VPNs)
- Intrusion Detection Center (IDC)",access acl application center control filter ids ips list management network packet port private rate rules scanner system traffic virtual vlan
network_security,defensive,15,"1. Firewall
2. Intrusion Detection System (IDS)
3. Antivirus Software
4. Network Security Policy
5. Access Control List (ACL)  
6. Data Encryption 
7. Intrusion Prevention Systems (IPS)
8. Network Segmentation
9. Traffic Filtering
10. Port Scanning
11. Packet Sniffing
12. DDoS Protection
13. Proxy Firewall
14. Load Balancing
15. Insecure Communication Protocols
16. IP Spoofing
17. Denial of Service (DOS)
18. IP Blacklisting
19. SSL/TLS Certificate Validation
20. WAF (Web Application Firewall)
21. Intrusion Prevention Mechanisms
22. Vulnerability Assessment
23. Penetration Testing
24. Network Address Translation (NAT)
25. Dynamic Host Configuration Protocol (DHCP)
26. Virtual Private Networks (VPNs)
27. Network Layer Gateway (NG)
28. Network Address Switching (NAS)
29. Virtual Circuit (VC)
30. Packet Classification
31. Network Flow Analysis (NFA)
32. Network Traffic Analysis (NTA)",access acl address analysis application assessment certificate classification communication configuration control data dhcp dos dynamic encryption flow gateway host ids ips layer list load nas nat network packet policy port private protocol protocols proxy security service software ssl system systems testing tls traffic translation validation virtual web
network_security,defensive,16,"Firewall 
Antivirus 
 intrusion detection 
 packet inspection 
 secure configuration 
 encryption 
 intrusion prevention system 
 content screening 
 rate limiting 
 intrusion avoidance 
 identity verification 
 access control 
 malware removal 
 monitoring 
 network scanning 
 traffic shaping 
 data protection 
 security auditing 
 threat hunting",access configuration content control data encryption identity inspection network packet rate secure security system threat traffic verification
network_security,defensive,17,"1. Firewall
2. Filtering
3. Intrusion Detection System (IDS)
4. Intrusion Prevention System (IPS)
5. Packet Filter
6. Packet Inspection Protocol (P2P)
7. Network Address Translation (NAT)
8. Reverse Proxy
9. Intrusion Prevention System (IPS)
10. Application Proxy
11. Intrusion Detection and Prevention System (IDPS)
12. Intrusion Prevention Mechanism (IPM)
13. Firewall Protection
14. Network Security Policy
15. Data Flow Management
16. Network Intrusion Detection
17. Packet Filtering Mechanism
18. Intrusion Prevention Scheme (IPS)
19. Network Traffic Analysis
20. Intrusion Detection and Response (IDRR) 
21. Network Security Management System
22. Network Access Control
23. Network Intrusion Detection and Response
24. Packet Filtering Mechanism (PFM)
25. Network Security Framework
26. Packet Filtering (PF)
27. Intrusion Prevention and Detection System
28. Network Security Protocol
29. Network Monitoring and Defense
30. Intrusion Detection & Prevention
31. Packet Filtering in Network
32",access address analysis and application control data defense filter flow framework ids inspection ips management nat network packet policy protocol proxy response reverse scheme security system traffic translation
network_security,defensive,18,"Firewall 
IPS
IDS 
SOC 
CIS 
NIPS 
SNS 
DNS 
IPsec 
MAC 
VLAN 
WAF 
DDoS 
NAT 
NAT traversal 
IP mitigation 
Port scanning 
SYNFlood 
DDoT 
Rate limiting 
Zero-day exploit 
Network segmentation 
Application control 
Packet capture 
Packet inspection 
Packet filtering 
Application-level protection 
Hybrid networks 
Zero-trust approach 
Network auditing 
Traffic analysis 
Content encryption 
Data loss prevention 
Secure communication 
Endpoint detection and response (EDR) 
DLP 
Denial of service (DoS) prevention 
Service-based access control (SAAC)",access analysis and application based capture cis communication content control data day dns dos encryption endpoint ids inspection ips level loss mac nat network packet port rate response secure service sns soc traffic trust vlan zero
network_security,defensive,19,"1. Packet
2. Firewall
3. Filtering
4. Detection
5. Encryption
6. Scanning
7. Vulnerability
8. Authentication
9. Proxy
10. Anti-recon
11. Intrusion Prevention System (IPS)
12. Intrusion Detection System (IDS)
13. Network Security Policy (NPS)
14. Traffic Control
15. Denial of Service (DoS) Protection
16. Intrusion Detection and Prevention
17. Threat Management
18. Access Control List (ACL)
19. Port Scanner
20. Reverse Shell
21. Malware Detection
22. DDoS Attack Defense
23. Virtual Private Network (VPN)
24. Network Segmentation
25. Identity Theft Protection
26. Vulnerability Scanning
27. IP Spoofing Protection
28. Application Layer Security
29. ICMP Flood
30. TCP SYN Flooding
31. DNS Cache Poisoning
32. SQL Injection Defense
33. HTTP Request Rate Limitation
34. SSL/TLS Handshake
35. SSL Certificate Expiration
36. Web Application Firewall (W",access acl and anti application attack authentication cache certificate control defense dns dos encryption expiration http icmp identity ids ips layer list management network packet policy port private proxy rate request reverse scanner security service shell sql ssl syn system tcp threat tls traffic virtual vpn web
network_security,defensive,20,"1. Network Intrusion Detection  
2. Firewall Protection  
3. Data Encryption  
4. Vulnerability Scanning  
5. Antivirus Activation  
6. Intrusion Prevention System  
7. Packet Filtering  
8. DDoS Attack Defense  
9. Intrusion Detection Systems (IDS)  
10. Intruder Prevention  
11. Port Security  
12. Virtual Private Network (VPN)  
13. Denial of Service (DoS) Protection  
14. Intrusion Scoring  
15. Network Segmentation  
16. Secure Sockets Layer (SSL) Protection  
17. Intrusion Prevention Model (IPM)  
18. Network Traffic Analysis  
19. Endpoint Security  
20. Network Diagnostics  
21. Network Access Control  
22. Network Monitoring  
23. Network Firewall  
24. Intrusion Detection and Response (IDR)  
25. Intrusion Prevention Center (IPC)  
26. Network Configuration Management  
27. Firewall Rules  
28. Network Traffic Flow Analysis  
29. Intrusion Detection Framework (IFD)  
30. Intrusion Detection Protocol (IDP)  
31. Network Authentication  
32. Intrusion Prevention Mechan",access activation analysis and attack authentication center configuration control data defense dos encryption endpoint flow framework ids ipc layer management model network packet port private protocol response rules secure security service sockets ssl system systems traffic virtual vpn
network_security,educational,1,"- Firewall
- Encryption
- Data Integrity
- Security Testing
- Intrusion Detection
- Network Segmentation
- DHCP Security
- SSL/TLS
- SSH Key Management
- ARP Spoofing
- SQL Injection
- Buffer Overflow
- Denial of Service (DoS)
- Man-in-the-Middle (MitM)
- Port Scanning
- IP Addressing
- DNS Spoofing
- ICMP Flood
- TCP SYN Flooding
- MAC Address Spoofing",address arp buffer data dhcp dns dos encryption icmp key mac man management middle network overflow port security service sql ssh ssl syn tcp testing the tls
network_security,educational,2,"1. Network Security Basics  
2. IP Routing Protocols  
3. TCP/IP Architecture  
4. OSI Model  
5. Firewall Functions  
6. Intrusion Detection Systems (IDS)  
7. Vulnerability Scanning  
8. Network Address Translation (NAT)  
9. Secure Shell (SSH)  
10. Digital Certificates  
11. VLANs  
12. Network Management Systems (NMS)  
13. WPA/WPA2 Encryption  
14. SSL/TLS Protocol  
15. Authentication and Authorization  
16. IP Spoofing  
17. Denial of Service (DoS)  
18. Man-in-the-Middle (MitM) Attacks  
19. Data Encryption Standard (DES)  
20. SSH Key Exchange  
21. SMM (Server Mailbox Manager)  
22. Network Traffic Analysis  
23. Port Scanner  
24. Application Layer Security Techniques  
25. IP Configuration  
26. Virtual Private Networks (VPNs)  
27. Secure Web Services  
28. Intrusion Prevention Systems (IPS)  
29. Secure Socket Layer (SSL)  
30. Network Layer Security  
31. Packet Filtering  
3",address analysis and application architecture attacks authentication authorization configuration data des digital dos encryption exchange functions ids ips key layer mailbox man management manager middle model nat network osi packet port private protocol protocols routing scanner secure security server service services shell socket ssh ssl standard systems tcp the tls traffic translation virtual web
network_security,educational,3,"Data encryption 
Firewalls 
IDS/IPS 
Access control 
Network monitoring 
SMB 
SSH 
IPsec 
DHCP 
NAT 
TLS/SSL 
WLAN 
MAC地址管理 
端口扫描 
漏洞分析 
网络入侵检测 
路由策略制定 
加密通信协议  
数据流监控  
网络安全测试  
虚拟化技术与网络安全 
服务器审计 
入侵防御系统 (IPS) 
防火墙技术研究 
网络架构优化 
路由器配置管理 
网络设备安全性保护  
网络日志审计 
防火墙软件开发与部署  
移动应用的安全防护  
云计算和网络安全整合 
网络安全事件响应  
云安全平台的建设与发展 
基于云计算的网络安全解决方案  
网络安全人才培养与实践  
网络信息安全标准规范研究",access control data dhcp encryption ids ips mac nat network ssh ssl tls
network_security,educational,4,"Firewall, encryption, port scanning, DHCP, SSL/TLS, IPsec, VLAN, NAT, DHCPv6, TLS, SSH, IP ranges, NTP, DNSSEC, WPA2, WPA3, SSL, SSH key, MAC address, IPv6, SSL certificate, ARP, WAPI, RADIUS, IPSec, VRRP, GRE, NIS, TCP, UDP, TFTP, DHCP snooping, IPsec tunnel, DMVPN, VLAN tagging, LNS, NVRP, MDCS, PPTP, SSL proxy, TLS proxy, HTTP, HTTPS, IP firewall, URL filtering, DNS filtering, FTP proxy, ICMP echo, SMB share, SSH key escrow, DHCPv6 client, WPS, WPA2 encryption, SSL client, IP range scanner, DNS resolver, WPA2 encryption mode, SSH client, IKE, DNS query, WEP, IPsec key, ARP spoofing, WAPI gateway, RST command, SSL handshake, SSL certificate verification, IP packet inspection, IP packet filtering, IPsec tunneling, DHCP server, DNS cache poisoning, WPA2 encryption protocol, IPsec authentication, DNS server, WEP attack simulation, IPSec key exchange, IP",address arp attack authentication cache certificate client command dhcp dns echo encryption exchange ftp gateway gre http https icmp ike inspection ipv key mac mode nat nis ntp packet port protocol proxy query radius range ranges resolver rst scanner server share simulation ssh ssl tcp tls udp url verification vlan
network_security,educational,5,"Sure! Here are 256 unique educational topics related to network security:

1. Security Policies
2. Network Protocols and Services
3. Cryptography Techniques
4. Network Traffic Analysis
5. Data Encryption
6. Intrusion Detection Systems (IDS)
7. Firewall Principles
8. Secure Communication
9. Network Diagnostics
10. Network Management Tools
11. Vulnerability Scanning
12. Network Security Assessment
13. Cybersecurity Regulations
14. Network Protection Strategies
15. Endpoint Security
16. Malware Detection
17. Virtual Private Networks (VPNs)
18. Network Segmentation
19. Firewalls Configuration
20. IDS Implementation
21. Network Monitoring Tools
22. Firewall Rulesets
23. Network Intrusion Detection
24. Network Threat Modeling
25. Network Policy Enforcement
26. Network Authentication
27. Network Address Translation (NAT)
28. Network Switching Protocols
29. Network Security Compliance
30. Network Security Auditing
31. Advanced Network Control
32. Network Security Incident Response
33. Network Security Best Practices
34. Cloud-Based Security",address advanced analysis and are assessment authentication based best cloud communication configuration control data encryption endpoint here ids implementation incident management nat network policy private protocols related response secure security services sure systems threat tools topics traffic translation unique virtual
network_security,educational,6,"Wireless networking  
Network architecture  
Secure communication  
Firewall configuration  
Access control lists (ACLs)  
Packet filtering  
Data encryption  
Honeypots  
Zero-day exploits  
Distributed denial-of-service (DDoS) attacks  
Traffic shaping  
Sandboxing  
Endpoint protection  
Cybersecurity certification 
Security management systems  
NAT traversal  
Data integrity checks  
Denial of service (DoS) defense  
Password hashing  
Network load balancing  
Vulnerability scanning  
Content security policies (CSP)",access architecture attacks checks communication configuration content control data day defense distributed dos encryption endpoint lists load management nat network packet password secure security service systems traffic zero
network_security,educational,7,"- Protocols
- Routing
- Topology
- Authentication
- Encryption
- IntrusionDetection
- Firewall
- NetworkProtocols
- Cryptography
- SecurityGroups
- SecureCommunication
- AccessControls
- NetworkScanning
- IDS/IPS
- IntrusionDetectionSystems
- DHCPManagement
- PortScanning
- VirtualizationTechnologies",authentication encryption ids ips protocols routing
network_security,educational,8,"Here are 256 unique educational resources related to network security:

1. Security Engineering Principles
2. Network Security Architecture
3. Intrusion Detection Systems (IDS)
4. Firewalls and Intrusion Prevention Systems (IPS)
5. Data Encryption Standards
6. Network Traffic Analysis
7. Network Protocol Parsing
8. Cybersecurity Risk Management
9. Vulnerability Assessment Tools
10. Secure Computing Techniques
11. Distributed Denial of Service (DDoS)防护
12. Firewall Configuration Basics
13. Advanced Network Protocols
14. Intrusion Detection Algorithms
15. Secure Telephony Technologies
16. Network Performance Optimization
17. Secure Communication Channels
18. Network Security Incident Response
19. Secure Sockets Layer (SSL) Implementation
20. Advanced IDS Design
21. Network Intrusion Defense Strategies
22. Secure Web Application Protection
23. Mobile Device Security in the Cloud
24. Network Security Policies and Best Practices
25. Secure Internet Connections
26. Network Intrusion Detection Systems (NIDS)
27. Secure File Sharing Protocols
28. Network Security Threat Modeling
29. Secure Data Transmission Channels
30.",advanced analysis and application architecture are assessment best channels cloud communication configuration connections data defense design device distributed encryption engineering file here ids implementation incident internet ips layer management mobile network performance protocol protocols related resources response risk secure security service sharing sockets ssl systems the threat tools traffic unique web
network_security,educational,9,"Cryptography
Firewalls
IDS/IPS
Packet filtering
Secure communication
Encryption standards
Data encryption
Password protection
Security protocols
Access control
Network authentication
Honeypots
Virtualization
Secure computing
Strengthening security
Cloud security
Data protection
Cybersecurity strategy
Endpoint protection
Physical security
Ethical hacking
Malware prevention
Advanced red team exercises",access advanced authentication cloud communication control data encryption endpoint ethical ids ips network packet password physical protocols red secure security strategy team
network_security,educational,10,"1. Network Protocol 
2. TCP/IP 
3. Routing Algorithm
4. Switching Technology
5. Firewall Strategy
6. Intrusion Detection Systems (IDS)
7. Traffic Analysis Techniques
8. Denial of Service (DoS) Protection
9. Secure Communication Protocols
10. Access Control Methods
11. Packet Filtering Strategies
12. Authentication Mechanisms 
13. Digital Certificate Standards
14. Cryptographic Hash Functions
15. Data Integrity Protocols 
16. SSL/TLS Security
17. SSH Key Infrastructure
18. IPsec Encryption Method
19. Network Monitoring Tools
20. Vulnerability Scanning Technologies.
21. Network Segmentation Techniques
22. Network Address Translation
23. Intrusion Prevention System (IPS)
24. Network Management Systems (NMS)
25. Network Coding Algorithms 
26. VLAN Management Techniques
27. Layered Architecture in Networks
28. Network Policy Enforcing Systems  
29. Network Intrusion Detection Systems (NDIS)
30. Network Security Management Frameworks
31. Internet Engineering Task Force (IETF) Standards
32. Internet Key Exchange Protocols (IKE)
3",access address algorithm analysis architecture authentication certificate coding communication control data digital dos encryption engineering exchange force functions hash ids ietf ike internet ips key management method methods network packet policy protocol protocols routing secure security service ssh ssl strategy system systems task tcp technology tls tools traffic translation vlan
network_security,educational,11,"Network Security Protocols  
Routing Techniques  
Topologies and Network Design  
Secure Communication Protocols  
Encryption Algorithms  
Firewalls and Intrusion Detection Systems  
Secure File Sharing Protocols  
Access Control Systems  
Hacking and Malware Analysis  
Network Traffic Analysis  
Cybersecurity Fundamentals  
Data Encryption Methods  
Firewall Authentication  
Network Traffic Monitoring  
Cyber Security Best Practices",access analysis and authentication best communication control data design encryption file methods network protocols routing secure security sharing systems traffic
network_security,educational,12,"Data flow analysis
Authentication and authorization
Traffic monitoring
Firewall configuration
Cryptography
Network intrusion detection
Secure coding
Security policy development
Network management
Endpoint protection
Wireless security
Packet crafting
Service assurance",analysis and authentication authorization coding configuration data development endpoint flow management network packet policy secure security service traffic
network_security,educational,13,"Firewall, encryption, IDS/IPS, NTP, DHCP, TLS, SSH, SSL/TLS, WPA/WPA3, MAC address, VLAN, NAT, DNS, DHCP client, DNS server, ARP, WPA2, WPA3, SSL, HTTPS, IP, CIDR, IPsec, ARP spoofing, Wireshark, SSL/TLS certificate verification, TCP SYN scan, ICMP echo request, ICMP echo reply, DNS query, DNS reply, SMB, TFTP, PPTP, L2TP, IPsec tunnel, WEP, WPA, WPA2, WPA3, IPsec tunneling, MAC address spoofing, DHCP Snooping, Secure File Transfer Protocol (SFTP), Network Address Translation (NAT), Intrusion Detection System (IDS), Intrusion Prevention System (IPS), Secure Shell (SSH), Advanced Encryption Standard (AES), Secure Sockets Layer (SSL).",address advanced aes arp certificate client dhcp dns echo encryption file https icmp ids ips layer mac nat network ntp protocol query reply request scan secure server shell sockets ssh ssl standard syn system tcp tls transfer translation verification vlan
network_security,educational,14,"1. IP address
2. MAC address
3. Encryption algorithm
4. Firewall
5. Intrusion detection system
6. SSL protocol
7. TLS protocol
8. Network coding
9. Secure shell (SSH)
10. Virtual private network (VPN)
11. Intrusion prevention system (IPS)
12. Packet filtering
13. Port scanning
14. Network monitoring
15. Data encryption
16. Authentication mechanisms
17. Network segmentation
18. Network redundancy
19. Network load balancing
20. Network caching
21. Network intrusion defense
22. Network performance optimization
23. Network vulnerability assessment
24. Network device management
25. Network security testing
26. Network security strategy
27. Network security certification
28. Network security compliance
29. Network security operations
30. Network security training
31. Network security incident response
32. Network security auditing
33. Network security policy development
34. Network security standards
35. Network security frameworks
36. Network security software
37. Network security tools
38. Network security architecture
39. Network security management",address algorithm architecture assessment authentication coding data defense development device encryption incident ips load mac management network operations packet performance policy port private protocol response secure security shell software ssh ssl strategy system testing tls tools training virtual vpn
network_security,educational,15,"Network Security Protocols  
Routing Algorithms  
Traffic Management Techniques  
Authentication and Authorization  
Data Encryption Methods  
Firewall Configuration  
Network Vulnerability Scanning  
Intrusion Detection Systems  
Network Monitoring Tools  
Cybersecurity Risk Assessments  
Network Performance Optimization  
Zero-Day Exploits  
Data Integrity Assurance  
Malware Prevention  
SaaS Security Solutions  
Secure Communication Protocols  
Cloud Security Strategies  
Network Infrastructure Protection  
Ethical Hacking Techniques",and authentication authorization cloud communication configuration data day encryption ethical management methods network performance protocols risk routing secure security systems tools traffic zero
network_security,educational,16,"Network Security Protocols 
Routing Algorithms 
Topology Definitions 
Firewall Functions 
Data Encryption Techniques 
Access Control Methods 
Packet Filtering Strategies 
IDS/IPS Systems 
Secure Sockets Layer (SSL) 
Transport Layer Security (TLS) 
IPsec Protocol 
Distributed Denial of Service (DDoS) Protection 
Network Intrusion Detection Systems (NIDS) 
Firewalls in Hybrid Network Solutions 
Virtual Private Networks (VPNs) 
Wireshark for Network Monitoring 
Advanced Security Tools 
Cybersecurity Best Practices 
Penetration Testing 
SMM (Security Management Mechanism) 
Incident Response Plans 
Zero-Day Exploits 
Social Engineering 
Honeypot Technologies 
Data Loss Prevention (DoP)  
Security Policies and Procedures 
Compliance Standards for Cybersecurity 
Ethical Hacking and Threat Intelligence 
Advanced Network Defense Systems  
Network Traffic Analysis and Optimization  
Machine Learning for Network Security  
Network Infrastructure Security  
Network Virtualization for Enhanced Security  
Encryption Standards in Networking 
Firewall Configuration Best Practices 
Network Vulnerability Assessment  
Next-Generation Anti-Virus (NGAV) Tools  
Network Automation 
Advanced Threat Detection Systems 
Wireless Network Security 
Mobile Device Management 
Identity and Access Management in the Cloud  
Network Security Incident Response Framework  
Data Integrity",access advanced analysis and anti assessment automation best cloud configuration control data day defense definitions device distributed encryption engineering ethical for framework functions generation identity ids incident intelligence ips layer learning loss machine management methods mobile network next packet plans private protocol protocols response routing secure security service social sockets ssl systems testing the threat tls tools traffic transport virtual zero
network_security,educational,17,"network protocol  
IP address  
subnet mask  
routing table  
TCP/IP  
encryption protocols  
firewall  
security groups  
honeypot  
malware prevention  
attack patterns  
intrusion detection  
anti-virus software  
data encryption standards",address anti attack data encryption groups mask network patterns protocol protocols routing security software subnet table tcp
network_security,educational,18,"1. OSI model  
2. TCP/IP  
3. IPsec  
4. VLAN  
5. SSL/TLS  
6. ARP  
7. ICMP  
8. DNS  
9. DHCP  
10. MAC  
11. WEP  
12. WPA  
13. WAPI  
14. SSH  
15. IPSEC  
16. RAS  
17. VRRP  
18. PPTP  
19. S-HTTP  
20. NTP  
21. PPT  
22. NAT  
23. NCP  
24. TCPdump  
25. UDP  
26. ARP cache poisoning  
27. TCP SYN flood  
28. Eavesdropping  
29. Man-in-the-middle attack  
30. Denial of service (DoS)  
31. Password guessing  
32. SQL injection  
33. Cross-site scripting (XSS)  
34. Phishing  
35. Malware distribution  
36. Social engineering  
37. Network segmentation  
38. Network scanning  
39. Intrusion detection systems (IDS)  
40. Firewalls  
41. Web application fire",application arp attack cache cross dhcp distribution dns dos engineering fire http icmp ids mac man middle model nat network ntp osi password ppt ras service site social sql ssh ssl syn systems tcp the tls udp vlan web
network_security,educational,19,"Authentication,
Bellman-Ford,
BGP,
Bridge,
Busyness,
Callisto,
Circuit,
Cisco,
Cluster,
Convergence,
Countermeasure,
Cryptography,
Decoding,
Distributed,
Disaster,
Domain,
Eccentric,
End-to-end,
Endpoint,
Evolution,
Flash,
Flood,
Frame,
Forti,
Forwarding,
Graph,
Grids,
Hardware,
Hybrid,
Icing,
Inverse,
IPsec,
Internet,
Key,
Kubernetes,
Landscapes,
Landing,
Loopback,
Mnesia,
Naginaga,
Netlink,
Offloading,
Onboarding,
Overlapping,
Outreach,
Panic,
Peer,
Protocol,
Quarantine,
Randomness,
Reconfiguration,
Routing,
Root,
Schedulable,
Shadow,
Snapshot,
Synchro,
Tunnel,
Traffic,
Trust.
This list is not exhaustive and includes all the relevant terms in network security.",all and authentication bridge cluster distributed domain end endpoint flash ford frame graph hardware icing includes internet inverse key landing list network not panic peer protocol relevant root routing security shadow snapshot terms the this traffic trust
network_security,educational,20,"Network protocols 
Routing algorithms 
Topology design
Firewall configuration 
Security zones 
Data encryption techniques 
Access control systems 
Authentication mechanisms 
 intrusion detection systems 
 Vulnerability scanning tools
 Intrusion prevention systems (IPS)
 Network segmentation methods
 Access control policies
 Cybersecurity training programs
 Network monitoring tools 
Denial-of-service (DoS) protection measures  
Secure communication protocols 
Network authentication methods 
Zero-day exploits 
Data integrity and authenticity protocols  
Malware analysis techniques 
Ethical hacking methodologies 
 Network-based intrusion detection 
 Network-based intrusion prevention 
 Network firewalls 
Secure file sharing protocols 
Network load balancers  
Cyber insurance strategies for businesses  
 Security incident response plans",access analysis and authentication based communication configuration control data day design dos encryption ethical file for incident insurance ips load methods network plans programs protocols response routing secure security service sharing systems tools training zero zones
network_security,offensive,1,"Scanning, probing, enumeration, penetration testing, vulnerability assessment, SYN flooding, IP spoofing, port scanning, denial of service (DoS), SQL injection, DDoS, rootkit detection, malware analysis, man-in-the-middle attack, protocol manipulation, privilege escalation, phishing, social engineering, command and control (C2) attack, session hijacking, DNS poisoning, man-in-the-browser attacks, data exfiltration, encryption weaknesses, weak authentication methods, remote code execution, brute force attacks, web application vulnerabilities, SQL injection attacks, cross-site scripting (XSS), cookie theft, malware distribution, zero-day exploit, network discovery, IoT device exploitation",analysis and application assessment attack attacks authentication browser code command control cookie cross data day device distribution dns dos encryption engineering execution force iot man methods middle network port protocol remote service session site social sql syn testing the weak web zero
network_security,offensive,2,"1. Scan
2. Probe
3. Enumeration
4. Vulnerability
5. Reconnaissance
6. Dictionary Attack
7. Brute Force
8. Honey Pot
9. Exploit Kit
10. Denial of Service (DoS)
11. DDoS
12. SQL Injection
13. Man-in-the-Middle (MitM) Attack
14. Smurf
15. Sniffing
16. Port Scanning
17. Man-in-Watson
18. Phishing
19. Buffer Overflow
20. Buffer Overrun
21. Cross-Site Scripting (XSS)
22. SQL Tampering
23. CSRF
24. Phishing Email
25. Social Engineering
26. DNS Poisoning
27. ARP Spoofing
28. IP Address Spoofing
29. SYN Flood
30. ICMP Attack
31. ARP Request
32. Eavesdropping
33. Port Mapping
34. Port Hijacking
35. Remote Code Execution (RCE)
36. Denial of Service (DoS)
37. Web Application",address application arp attack buffer code cross csrf dictionary dns dos email engineering execution force icmp kit man mapping middle overflow port pot probe remote request scan service site social sql syn the web
network_security,offensive,3,"1. Reconnaissance
2. Enumeration
3. Eavesdropping
4. Sniffing
5. Monitoring
6. Pinger
7. Dictionary attacks
8. Brute force
9. SQL injection
10. Cross-site scripting (XSS)
11. Social engineering
12. Buffer overflow
13. Smtp bombing
14. DDoS attack
15. Phishing
16. Man-in-the-middle (MitM) attack
17. ARP欺骗
18. DNS spoofing
19. SQL tampering
20. Man-in-the-loop (MITM) attack
21. Buffer overflow
22. SYN flood
23. HTTP header manipulation
24. IP masquerading
25. Phishing
26. SQL Injection
27. DNS Flood
28. Denial of Service (DoS)
29. Web application attack
30. TCP port scanning
31. XDR (XDR-based session replay) interception
32. Port scan
33. Session hijacking
34. Command execution (ECLIPSE)
35. Command and control (C&C) attack",and application arp attack attacks based buffer command control cross dictionary dns dos engineering execution force header http loop man middle overflow port scan service session site smtp social sql syn tcp the web
network_security,offensive,4,"1. Scanning
2. Probing
3. Enumeration
4. Port Scanning
5. IP Spoofing
6. ARP Spoofing
7. Denial of Service (DoS) Attack
8. SQL Injection
9. Cross-Site Scripting (XSS)
10. Metasploit
11. Burpsuite
12. Sniffers and Network Analyzers
13. Lateral Movement
14. Reverse Engineering
15. Phishing
16. Man-in-the-Middle (MITM)
17. SQL Tampering
18. Buffer Overflow
19. Session Hijacking
20. DDoS Deterrence
21. Brute Force
22. Webshell Creation
23. File Inclusion
24. Password Cracking
25. Command Execution
26. DNS Poisoning
27. Remote Code Execution
28. Web Application Defense
29. Protocol Spoofing
30. Intrusion Detection
31. Advanced Persistent Threats (APT)
32. Information Disclosure
33. Zero-Day Exploits
34. Vulnerability Scanning
35. Network Traffic",advanced and application apt arp attack buffer code command creation cross day defense dns dos engineering execution file force information man middle movement network overflow password persistent port protocol remote reverse service session site sql the traffic web zero
network_security,offensive,5,"1. Scan
2. Exploit
3. Reconnaissance
4. Enumeration
5. Monitoring
6. Attack
7. Vulnerability
8. Hacking
9. Reconnaissance Tools
10. Social Engineering
11. Denial of Service (DoS)
12. Brute Force
13. Sniffing
14. Dictionary Attack
15. Buffer Overflow
16. File Inclusion
17. Command Injection
18. SQL Injection
19. Phishing
20. Rootkit
21. Malware Scanning
22. DNS Spoofing
23. IP Address Spoofing
24. Man-in-the-Middle
25. Protocol Attacks
26. Cross-Site Scripting (XSS)
27. SQL Query Injection
28. Session Hijacking
29. DDoS Mitigation
30. Intrusion Detection
31. Data Exfiltration
32. DDoS Protection
33. Firewall Configuration
34. Intrusion Prevention Systems (IPS)
35. Vulnerability Assessment
36. Network Diagnostics
37. Penetration Testing
38. Web Application",address application assessment attack attacks buffer command configuration cross data dictionary dns dos engineering file force ips man middle network overflow protocol query scan service session site social sql systems testing the tools web
network_security,offensive,6,"Scanning, probing, enumeration, exploitation, reconnaissance, attack, backdoors, bypassing, injection, tampering, encryption, decryption, denial-of-service, port scanning, code execution, privilege escalation, lateral movement, persistence, session hijacking, data exfiltration, compromise, malware analysis",analysis attack code data encryption execution movement port service session
network_security,offensive,7,"exploit
attack
reverse shell
sweep
scan
exfiltrate data
tunneling
disassociation
packet crafting
intrusion detection
malware analysis",analysis attack data packet reverse scan shell
network_security,offensive,8,"Scanning
Probing
Enumeration
Fuzzing
Sniffing
Spoofing
Injection
Caching
Buffer Overflow
Tear gas
Rogue software exploitation
SQL Injection
XSS (Cross-site Scripting)
Man in the middle
Smishing
Denial of service
Hole punching
Distributed Denial of Service
Buffer overflows
Teardrop attack
Brute force
Command injection
Code injection
Zero day vulnerabilities",attack buffer code command cross day distributed force gas hole man middle overflow service site software sql the zero
network_security,offensive,9,"1. Scan
2. Probe
3. Enumeration
4. Ddos
5. Brute-force
6. Eavesdropping
7. Dictionary attacks
8. Man-in-the-Middle (MitM)
9. Session hijacking
10. SQL injection
11. File inclusion
12. Cross-site scripting (XSS)
13. Buffer overflows
14. Command execution (CEC)
15. IP address spoofing
16. Denial of Service (DoS)
17. Protocol analysis
18. Traffic shaping
19. Smishing
20. Phishing
21. Remote code execution (RCE)
22. Web scraping
23. DNS poisoning
24. ARP spoofing
25. Social engineering
26. Keylogging
27. Trojan horse
28. Web application attack (WAA)
29. Ransomware infection
30. Malformed packet attacks
31. SQL query injection
32. XSS buffer overflow
33. Denial of Service (DoS) attack
34. TCP/IP handshake interception
35. Phishing simulation
36. Email compromise
3",address analysis application arp attack attacks buffer cec code command cross dictionary dns dos email engineering execution file force horse man middle overflow packet probe protocol query remote scan service session simulation site social sql tcp the traffic web
network_security,offensive,10,"exploit, attack, eavesdropping, sniffing, dictionary, rainbow table, ping, packet crafting, man-in-the-middle, port scanning, rootkit, sandbox, stealth, replay, tunnel, virus generation, worm creation, buffer overflow, SQL injection, CSRF, DDoS, brute force, session fixation, privilege escalation, DNS poisoning, IP spoofing, MAC address spoofing, file inclusion, directory traversal, backdoor development",address attack buffer creation csrf development dictionary directory dns file force generation mac man middle overflow packet ping port sandbox session sql table the worm
network_security,offensive,11,"Scanning, probing, enumeration, mapping, traffic analysis, packet capture, side-channel attack, buffer overflow, denial-of-service (DoS), eavesdropping, intrusion detection, man-in-the-middle (MITM), replay attacks, port scanning, packet fragmentation, privilege escalation, authentication cracking, keylogging, data exfiltration, malware scanning",analysis attack attacks authentication buffer capture channel data dos man mapping middle overflow packet port service side the traffic
network_security,offensive,12,"1. Attack  
2. Brute force  
3. Denial of Service (DoS)  
4. Eavesdropping  
5. Hijacking  
6. Man-in-the-middle (MitM)  
7. Punning  
8. Port Scanner  
9. Packet Capture  
10. Sniffing  
11. Spambase  
12. Traversal  
13. USB Drive Scanning  
14. URL Scanner  
15. Virus Scan  
16. Wiper Software  
17. X-Drone  
18. Y-Alien  
19. Z-Wave Scan  
20. Webpage Scrapping  
21. XML Parsing  
22. SQL Injection  
23. Teardrop  
24. UDP Scan  
25. VNC Scan  
26. XSLT Transformer  
27. X-Force Exploit  
28. Y-Script Execution  
29. ZeRbot  
30. Webshell Extraction  
31. Zero-Day Exploit  
32. X-GitHub-Exploit  
33. X-Firewall-Scan  
34. XenScan  
35. Y-Kerberos Exploit  
36.",alien attack capture day dos drive execution force github man middle packet port scan scanner script service software sql the udp url usb wave xml zero
network_security,offensive,13,"1. Scanning
2. Probing
3. Enumeration
4. Port Scanning
5. Address Resolution Protocol (ARP) Spoofing
6. ICMP Echo Request (Echo)
7. IP Ping
8. ARP Attack
9. DNS Poisoning
10. SQL Injection
11. Brute Force Password Attacks
12. Man-in-the-Middle (MitM) Attacks
13. Phishing
14. Eavesdropping
15. Social Engineering (Secured Communication)
16. Denial of Service (DoS)
17. Traffic Analysis
18. Web Application Firewall (WAF)
19. SSL/TLS Certificates Exploits
20. Command Execution
21. Privilege Escalation
22. Buffer Overflow
23. Remote Code Execution
24. Man in the Middle (MitM) Attacks
25. Social Engineering (Secured Communication)
26. Denial of Service (DoS)
27. SQL Injection
28. Brute Force Password Attacks
29. Port Scanning
30. Eavesdropping
31. Network Intrusion Detection System (NIDS)
32. Met",address analysis application arp attack attacks buffer code command communication dns dos echo engineering execution force icmp man met middle network overflow password ping port protocol remote request resolution secured service social sql ssl system the tls traffic web
network_security,offensive,14,"Scanning, probing, enumeration, vulnerability assessment, malware analysis, intrusion detection, denial of service (DoS) attack, network penetration testing, network segmentation, firewalls, port scanning, packet capture, SYN flood attack, ARP spoofing attack, DNS poisoning, IP address forgery, data exfiltration, SQL injection attack, SSH tunneling, man-in-the-middle (MitM) attack, protocol analysis, encryption, weak password hygiene, remote access, phishing, social engineering, DDoS defense, zero-day exploit, sandboxing, encrypted communication, wireless attacks, network traffic monitoring, web application firewall (WAF), port scanning for critical services, content filtering, malware removal, network optimization, identity theft prevention, data protection.",access address analysis application arp assessment attack attacks capture communication content critical data day defense dns dos encrypted encryption engineering for identity man middle network packet password port protocol remote service services social sql ssh syn testing the traffic weak web zero
network_security,offensive,15,"1. ARP Scan
2. Denial of Service (DoS)
3. Eavesdropping
4. Firewalls
5. Hijacking
6. IP Spoofing
7. MITM
8. Packet Sniffing
9. Port Scanning
10. Sniping
11. Tarpitting
12. Uncompromising (UC) Scanning
13. Webshell Exploitation
14. XSS
15. ZAP Exploit
16. Zero-Day
17. SSH
18. SQL Injection
19. XSS
20. DNS Leak
21. TCP Fragmentation
22. SYN Flooding
23. ACK Flood
24. Smurf Attack
25. Ping Sweep
26. Nmap Scan
27. Metasploit Framework
28. Ddos Attack
29. Phishing
30. Social Engineering
31. Brute Force
32. Man-in-the-Middle
33. Command and Control
34. SSL
35. TLS
36. Certificate Pinning
37. Web Application Attacks
38. Cross-Site Scripting",ack and application arp attack attacks certificate command control cross day dns dos engineering force framework man middle packet ping port scan service site social sql ssh ssl syn tcp the tls web zap zero
network_security,offensive,16,"Malware scanning 
Payload generation 
Packet capture 
Denial of Service (DoS) attacks 
Code execution 
Buffer overflow injection 
SQL injection 
XSS跨站攻击 
IP address spoofing 
Data exfiltration 
Ddos attacks 
Sniffer monitoring  
Hijacking and takeover  
Brute force password cracking",address and attacks buffer capture code data dos execution force generation overflow packet password payload service sql
network_security,offensive,17,"1. Eavesdropping 
2. Denial of Service (DoS) 
3. Spoofing 
4. Port Scanning 
5. Man-in-the-Middle Attack (MitM) 
6. TCP FLOODing 
7. SQL Injection 
8. Password Cracking 
9. Buffer Overflow 
10. Brute Force 
11. Cross-Site Scripting (XSS) 
12. Deniable Access 
13. Data Dictionary Attacks 
14. SYN Flood 
15. Smurf Attack 
16. Distributed Denial of Service (DDoS) 
17. Social Engineering 
18. Phishing 
19. RCE (Remote Code Execution) 
20. SQL-Injection 
21. SQL Scan 
22. Remote Access 
23. DDoS Defense 
24. IP Spoofing 
25. ARP Spoofing 
26. ICMP Forgery 
27. ARP Table Bugging 
28. Port Scavenging 
29. File Disclosure 
30. DNS Spoofing 
31. XSRF 
32. Web Application Attacks 
33. CSRF (Cross-Site Request Forgery)",access application arp attack attacks buffer code cross csrf data defense dictionary distributed dns dos engineering execution file force icmp man middle overflow password port remote request scan service site social sql syn table tcp the web
network_security,offensive,18,"Scanning, probing, enumeration, vulnerability, attack, detection, exploit, configuration, compromise, auditing, logging, monitoring, reconnaissance, hijacking, unauthorized access, denial of service, code injection, SQL injection, session fixation, authentication, port scanning, man-in-the-middle, DNS poisoning, IP address forgery, protocol spoofing, data exfiltration, malware download, malware scanning, zero-day vulnerabilities, phishing attacks, lateral movement, malware spread, endpoint protection, secure boot, encryption, virtualization, firewall, IDS/IPS, access control, intrusion detection systems, honeypots, botnet activities, malware analysis, threat intelligence.",access activities address analysis attack attacks authentication boot code configuration control data day dns download encryption endpoint ids intelligence ips logging man middle movement port protocol secure service session spread sql systems the threat zero
network_security,offensive,19,"1. Scan
2. Probe
3. Enumeration
4. Port Scanner
5. Network Mapping
6. Vulnerability Assessment
7. Traffic Analysis
8. Eavesdropping
9. Data Encryption
10. Packet Injection
11. Protocol Manipulation
12. SYN Flood Attack
13. ICMP Scan
14. ARP Spoofing
15. UDP Sniffing
16. SQL Injection
17. Man-in-the-Middle
18. Buffer Overflow
19. DDoS攻击
20. Firewall Management
21. Malware Scanning
22. Intrusion Detection System (IDS)
23. WAF Web Application Firewall
24. IP Spoofing
25. Network Segmentation
26. Denial of Service (DoS) Attack
27. TCP Checksum Attacks
28. DNS Query Exploitation
29. Smurf Attack
30. SYN-Flood Attack
31. Brute Force Attack
32. Phishing Attack
33. Social Engineering
34. Eavesdropping on Unencrypted Data
35. Data Exfiltration
36. Spear-phishing",analysis application arp assessment attack attacks buffer checksum data dns dos encryption engineering force icmp ids man management mapping middle network overflow packet port probe protocol query scan scanner service social sql syn system tcp the traffic udp web
network_security,offensive,20,"1. Scanning
2. Probing
3. Enumeration
4. Access Control
5. Vulnerability Assessment
6. Firewall Configuration
7. Network Traffic Analysis
8. Denial of Service (DoS) Attacks
9. Brute Force Attack
10. Dictionary-Driven Attack
11. Man-in-the-Middle Attack
12. SQL Injection Attack
13. Cross-Site Scripting (XSS) Attack
14. Remote Code Execution (RCE)
15. Social Engineering
16. Port Scanning
17. IP Spoofing
18. Deny Policy Switching
19. Portmap Scan
20. Smurfing
21. UDP Flood
22. ICMP Redirect
23. Man-in-The-Middle
24. Session Hijacking
25. Smartsignature Exploits
26. Ransomware Attack
27. SQL Injection with User Privileges
28. Man in the Middle Attack on SSL/TLS Connection
29. DNS Poisoning
30. Buffer Overflow
31. Phishing Attack
32. Eavesdropping
33. TCP SYN Flooding
3",access analysis assessment attack attacks buffer code configuration connection control cross deny dictionary dns dos engineering execution force icmp man middle network overflow policy port redirect remote scan service session site social sql ssl syn tcp the tls traffic udp user with
network_security,evasive,1,"tunneling  
spoofing  
pivoting  
encryption  
decryption  
backdoor  
tampering  
man-in-the-middle  
hybrid networks  
overlay protocols  
forward secrecy  
data scrubbing  
network deception  
code obfuscation  
hybrid firewalls  
end-to-end encryption  
eavesdropping prevention  
red team exercises  
cyber resilience  
social engineering attacks  
proxy servers  
man-in-the-loop  
distributed denial-of-service attacks  
packet filtering  
firewall bypass",attacks code data distributed encryption end engineering forward loop man middle network overlay packet protocols proxy red servers service social team the
network_security,evasive,2,"- Tunneling
- Spoofer
- Pivot
- Denial-of-Service
- Eavesdropper
- Packet Sniffer
- Scanning
- DDoS
- Port Scanning
- IP Spoofing
- DNS Reversal
- ARP Spoofing
- ICMP Evasion
- TCP Sniffing
- XMAS Attack
- SYN Flood
- L4 Evasion
- L3 Evasion",arp attack dns icmp packet pivot port service syn tcp
network_security,evasive,3,"tunneling, spoofer, pivot, bypass, obfuscate, encrypt, decoy, cloak, sidestep, evade, stealth, bypass protection, tunneling evasion, covert entry, shadow, tunneling technology, circumvention, bypass attack, stealth mode, deception, concealment, diversion, bypass defense, route discovery, bypass scanning, bypassing protocols, encryption avoidance, routing anomaly, path guessing, bypass access, bypass attack detection, route hijacking, bypass attack simulation, bypass attack mitigation, network exploitation, bypass protocol, bypass system, bypass software, bypass gateway, bypass encryption, bypass authentication, bypass user interface, bypass device management, network disassociation, bypass network discovery, bypass firewall, bypass antivirus, bypass operating system, bypass hardware, bypass configuration, bypass operation, bypass recovery, bypass management, bypass communication, bypass collaboration, bypass integration, bypass compatibility, bypass support, bypass installation, bypass uninstallation, bypass update, bypass upgrade, bypass removal, bypass deletion, bypass reboot, bypass reinstallation, bypass restart, bypass shutdown, bypass power off, bypass power on, bypass rebooting, bypass powering off, bypass powering on, bypass shutting down, bypass locking, bypass unlocking, bypass restarting, bypass locking out, bypass unlocking out, bypass turning",access attack authentication cloak communication configuration defense device down encrypt encryption entry gateway hardware installation integration interface locking management mode network off operation out path pivot power protocol protocols restart route routing shadow shutdown simulation software support system technology update upgrade user
network_security,evasive,4,"tunneling
spoofing
pivoting",
network_security,evasive,5,"tunneling
pivoting
spoofing
tunneling
eavesdropping
man-in-the-middle
persistence
hijacking
plaintext transmission
evasion techniques
synchro-network attacks
code-forgery
packet-sniffing
backdoor infiltration",attacks code man middle network packet plaintext the
network_security,evasive,6,"tunneling, spoofing, pivoting, obfuscation, camouflage, encryption, concealment, disassembly, disguise, deception, eavesdropping, encryption bypass, covert channels, decoy, deception techniques",channels encryption
network_security,evasive,7,"tunneling
spoofing
pivoting
overlay
neat
tunnelling
shells
evasion
reverse
spoofing
overlay
disguise
shell
sniffing
pivoting
tunneling
stealth
encryption
misconfiguration
hybrid
attack
mitmproxy
network
evade",attack encryption network overlay reverse shell
network_security,evasive,8,"network deception 
mitmproxy evasion 
synthetic traffic simulation 
packet filtering evasion 
tunneling attack prevention 
side-channel attacks mitigation 
IP address hijacking detection 
man-in-the-middle attack avoidance 
data exfiltration evasion 
cyber warfare countermeasures 
end-to-end security protocols  
intrusion detection systems (IDS)  
honeypot creation 
vulnerability scanning strategies 
traffic analysis techniques  
malicious code detection",address analysis attack attacks channel code creation data end ids man middle network packet protocols security side simulation systems the traffic
network_security,evasive,9,"encryption, fragmentation, obfuscation, bypassing, timing, authentication, port scanning, DNS poisoning, packet fragmentation, stealthy, bypass protocols, encryption techniques, tamper detection, replay attacks, traffic shaping, bypass encryption methods, network segmentation, protocol manipulation, data flow analysis, stealthy networking, denial of service, bypass access controls, traffic mirroring, IP address evasion, stealthy packet capture, application-level obfuscation, side-channel attack prevention, bypass firewalls, bypass IDS/IPS",access address analysis application attack attacks authentication capture channel controls data dns encryption flow ids ips level methods network packet port protocol protocols service side timing traffic
network_security,evasive,10,"network security evasion techniques, stealthy communication, camouflage, misbehavior detection, packet fragmentation, encryption methods, timing attacks, traffic analysis, message duplication, protocol obfuscation, IP address rotation, buffer overflow, random data flooding, false positives, replay forging, zero day exploits, multi-threaded operations, software update deception.",address analysis attacks buffer communication data day encryption false message methods multi network operations overflow packet protocol random rotation security software timing traffic update zero
network_security,evasive,11,"tunneling
spoofing
pivoting",
network_security,evasive,12,"tunneling, spoofing, pivoting",
network_security,evasive,13,"- Tunneling
- Spoofing
- Pivoting",
network_security,evasive,14,"tunneling
spoofing
pivoting
network-reach
proxy-bypass
overlay-routing
side-channel
eavesdropping-prevention
hybrid-network
snoop-ware
code-forgery
man-in-the-middle
hypothesis-breaking
brute-force-exploitation
concurrently-stealthy
insecure-access-tolerance
evasive-techniques
distributed-man-in-the-middle
mitm-engine
evasion-code-snippets",access breaking channel code distributed engine force man middle network overlay proxy reach routing side the ware
network_security,evasive,15,"persistence
reversibility
invisibility
malleability
evasiveness
tamperability
plausibility
disguise
deceitfulness
concealment
obfuscation
subterfuge
transparency
evasion
encryption
shadows
observability
impersonation
dilution
enigma
mutation
diversion
hiding
secretivity
sleeper
traversal
violation
distortion
misplacement
negation
opposition",encryption mutation
network_security,evasive,16,"Tunneling,
Spoofing,
Pivoting,
Hashing,
Echoes,
Hijacking,
Pingback,
FrameBanging,
PacketFlickering,
ReversePing,
Smurf,
Squid,
Sniffing,
Surfing,
TunnellingAttack,
XOR,
XDR,
ZeroShot,
Zap,
Zipf,
Xor,
XorO,
Yield,
Zed,
Zigzag,
Asteroids, 
Beacon,
Block,
Cable,
Cipher,
Connection,
Dropper,
Exploit,
Forcible,
Giant,
Hole,
Hybrid,
Iris,
Jailbreak,
Kingpin,
Kernel,
Laser,
Mirror,
Necklace,
Noisy,
OneTime,
OpenWire,
Panics,
Pulse,
Radar,
Reflector,
Ripple,
Skunkworks,
Tether,
Unicorn,
Viper,
Whirlwind,
Xmitting,
Xoxy.
1373484054",block cipher connection hole iris kernel mirror pulse ripple unicorn xor yield zap zed
network_security,evasive,17,"tunneling  
spoofing  
pivoting",
network_security,evasive,18,"tunnelling 
spoofing 
pivoting 
sharding 
overlaying 
backdoor 
proxying 
sniffing 
disassembly 
detection 
interception 
honeypot 
reverse engineering 
tampering 
phishing 
man-in-the-middle 
mitmcracking 
sql injection 
buffer overflow 
data exfiltration",buffer data engineering man middle overflow reverse sql the
network_security,evasive,19,"None of the listed examples align with evasive behavior in network security. Evading techniques often involve disrupting normal network traffic or using sophisticated methods that bypass detection systems, such as:
1. **Tunneling** - Creating a new virtual connection through another device or service.
2. **Spoofing** - Altering data packets to appear from different sources than intended, making it harder for IDS/IPS to detect them.
3. **Pivoting** - Reversing IP addresses to route traffic differently, often leading to unexpected routes or anomalies.
4. **Hybrid Techniques** - Combining several evasion strategies to create an overall effect that seems random or unpredictable.

The provided list includes many more specific evasive behaviors but not ones typically found in typical network security evasions.",addresses align another appear behavior but connection create creating data detect device different effect examples for found from ids includes ips leading list listed making many methods more network new none normal not often ones overall provided random route routes security service sources specific such systems than that the them through traffic typically unexpected using virtual with
network_security,evasive,20,"tunnelling, bypassing, pinging, encryption, evasion, masking, encryption, eavesdropping, reverse engineering, proxying, packet filtering, camouflage, decoy device, stealth mode, encryption attack, network deception, camouflage techniques, tunneling methods, eavesdropper techniques",attack device encryption engineering methods mode network packet reverse
network_security,destructive,1,"network damage, data theft, malware attack, service disruption, unauthorized access, firewalls breach, phishing, spyware invasion, remote login hijacking, botnet activity, denial of service attacks, man-in-the-middle attack, server takeover, information leakage, corporate espionage, physical security breaches, social engineering manipulation, ransomware transmission, digital deception.",access activity attack attacks damage data digital engineering information login man middle network physical remote security server service social the
network_security,destructive,2,"disruption, poisoning, hijacking, destruction, leakage, takeover, denial of service, hacking, unauthorized access, encryption breakage, data loss, server crash",access data encryption loss server service
network_security,destructive,3,"1. Flooding
2. Disruption
3. Denial
4. Brute force attack
5. Exploit
6. Man-in-the-middle
7. Session hijacking
8. Buffer overflow
9. SQL injection
10. Remote code execution
11. Social engineering
12. Trojan horse
13. Phishing scam
14. Credential theft
15. Keylogger
16. Malware infection
17. DNS poisoning
18. Phishing emails
19. Eavesdropping
20. ARP spoofing
21. DDoS attack
22. IP spoofing
23. Port scanning
24. Password cracking
25. Man-in-evaluation (MIME)
26. Web scraping
27. Data exfiltration
28. Phishing emails
29. DDoS attack
30. Email compromise
31. Backdoors
32. Ransomware infection
33. DDoS flood attack
34. DDoS overloading
35. IP hijack
36. DNS poisoning
37. SQL injection
38. XSS cross-site scripting
3",arp attack buffer code credential cross data dns email emails engineering evaluation execution force horse man middle mime overflow password port remote session site social sql the web
network_security,destructive,4,"disruption, damage, destruction, chaos, confusion, paralysis, chaos, corruption, sabotage, theft, loss, destruction, corruption, theft, loss, sabotage, control, takeover, break, breach, interception, leakage, compromise, disable, erasure, encryption, hacking, exploitation, bypass, censorship, encryption, surveillance, infiltration, denial of access, compromise, unauthorized use, denial of service, virus attack, denial, illegal access, tampering, hijacking, malware infection, denial, unauthorized modification, denial, unauthorized deletion, denial, denial of remote management, denial, unauthorized access to servers, denial, blocking access, denying the ability to connect.",ability access attack blocking break connect control damage disable encryption illegal loss management modification remote servers service the use
network_security,destructive,5,"1. Network shutdown  
2. Denial of service  
3. Flood attack  
4. Distributed denial of service (DDoS)  
5. IP blacklisting  
6. SYN flood attack  
7. SQL injection attack  
8. Cross-site scripting (XSS)  
9. Phishing attacks  
10. Phishing defense  
11. Phishing mitigation  
12. DoS mitigation  
13. Web scraping  
14. Social engineering attacks  
15. Malware infiltration  
16. Information disclosure  
17. Buffer overflows  
18. CSRF (Cross-Site Request Forgery)  
19. Man-in-the-middle (MitM) attack  
20. Phishing attempt  
21. Eavesdropping  
22. DNS poisoning  
23. DDoS propagation  
24. Phishing campaign  
25. Phishing prevention  
26. Phishing detection  
27. Cyberbullying  
28. Password cracking  
29. Man-in-the-Mind (MITM) attack  
30. Email spoofing  
31. Social media manipulation  
32. Malicious content distribution  
33. Content analysis  
34. Identity theft  
35.",analysis attack attacks attempt buffer campaign content cross csrf defense distributed distribution dns dos email engineering identity information man media middle mind network password request service shutdown site social sql syn the web
network_security,destructive,6,"network attack, denial of service, hacking, malware, phishing, intrusion detection system (IDS), data theft, encryption breach, compromise, unauthorized access, unauthorized use of resources, denial of service attacks, cybercrime, online fraud, network monitoring, internet surveillance, spyware, ransomware, denial of rootkit access, social engineering, phishing scams, identity theft, malware spread, unauthorized remote access, physical security breaches, digital deception, social media influence, network hijacking.",access attack attacks data digital encryption engineering identity ids internet media network online physical remote resources security service social spread system use
network_security,destructive,7,"1. Flood
2. Disruption
3. Denial-of-Service (DoS)
4. Eavesdropping
5. Man-in-the-Middle (MitM)
6. Phishing
7. SQL Injection
8. Buffer OverFlow
9. Buffer Overflow
10. Cross-Site Scripting (XSS)
11. SQL Update
12. Brute Force Attack
13. Man-In-The-Middle
14. TCP Fragmentation
15. Session Hijacking
16. DNS Pollution
17. Denial of Service
18. Social Engineering
19. Phishing Emails
20. SQL Injection
21. Remote Code Execution (RCE)
22. Buffer Overflow
23. DOS Attack
24. SQL Command Injection
25. Man-in-the-Loop (MITM)
26. Password Theft
27. SQL Dump
28. File Transfer Protocol (FTP) Attacks
29. Denial of Service (DoS)
30. Buffer Overflow
31. Denial of Service
32. TCP SYN flood
33. Phishing Scareware
34. Social Engineering
35. Den",attack attacks buffer code command cross den dns dos dump emails engineering execution file force ftp loop man middle overflow password protocol remote service session site social sql syn tcp the transfer update
network_security,destructive,8,"1. Disruption
2. Flood
3. Denial-of-Service
4. Hacking
5. Man-in-the-Middle
6. Eavesdropping
7. Spoofing
8. Replay
9. Buffer Overflow
10. SQL Injection
11. IP Spoofing
12. DNS Leak
13. ARP欺骗
14. Port Scanning
15. SQL Injection Vulnerability
16. OS Exposure
17. Remote Code Execution (RCE)
18. Social Engineering
19. Phishing Attack
20. Spearphishing
21. Password Cracking
22. SQL Injection and SQLi
23. Cross-Site Scripting (XSS) Exploits
24. File Inclusion
25. Buffer Underflow
26. Buffer Overflow
27. Denial of Service (DoS)
28. Web Application Attack
29. Command Injection
30. XSS Injection
31. Cross Site Request for Information (CSRF)
32. DDoS/DDoS Attack
33. Man-in-the-Middle Attack (MITM)
34. SQL Injection/SQLi
3",and application arp attack buffer code command cross csrf dns dos engineering execution file for information man middle overflow password port remote request service site social sql the web
network_security,destructive,9,"disruption, flood, shutdown, takeover, compromise, destruction, fragmentation, paralysis, breach, infiltration, corruption, theft, sabotage, destruction, denial, hijacking, severing, encryption, sabotage, denial, poisoning",encryption shutdown
network_security,destructive,10,"1. Flooding
2. Denial-of-Service (DoS)
3. Brute-forces
4. SQL Injection
5. IP Spoofing
6. Phishing Attacks
7. Man-in-the-Middle Attacks
8. Cross-Site Scripting (XSS)
9. Social Engineering
10. DDoS
11. SQL Query Privilege Escalation
12. Buffer Overflow
13. Command Injection
14. RCE (Rooted Eavesdropping)
15. Deniable Encryption
16. Remote Code Execution
17. Denial of Service (DoS) via TCP/UDP Floods
18. DoS via ICMP Redirect
19. ICMP Echo Request (Echo Requests)
20. ICMP Echo Reply (Echo Responses)
21. DNS Leak
22. DNS Poisoning
23. ARP Spoofing
24. DNS Query Poisoning
25. DNS Query Reassembly
26. ICMP Packet Forgery
27. SYN Flood
28. ICMP Protocol Hijacking
29. TCP Connection Loss
30. IP Spoofing Attacks
31. Port Scan
32. Man-in",arp attacks buffer code command connection cross dns dos echo encryption engineering execution forces icmp loss man middle overflow packet port protocol query redirect remote reply request requests responses scan service site social sql syn tcp the udp via
network_security,destructive,11,"flooding, disruption, denial, hijacking, poisoning, compromise, theft, censorship, surveillance, hacking, encryption, sabotage, denial-of-service, phishing, brute-force, ransomware, malware, unauthorized access, eavesdropping, takeover, interception, bypass, tampering, obfuscation, denial of service, data exfiltration, man-in-the-middle, replay attacks, rootkits, denial-of-service, identity theft, privacy violation, stealthy penetration, malicious software, sandboxing, denial, network exploitation, zombie networks",access attacks data encryption force identity man middle network privacy service software the
network_security,destructive,12,"1. DDoS Flood
2. Denial of Service
3. Port Flooding
4. TCP Congestion Control
5. IP Spoofing
6. ARP Poisoning
7. Smurf Attack
8. DNS Spoofing
9. ICMP Redirect
10. UDP Flood
11. SYN Flooding
12. ARP Ripoff
13. Smack Attack
14. Buffer Overflow
15. SQL Injection
16. Metasploit
17. Worms
18. Backdoors
19. Phishing
20. Brute Force
21. Man-in-the-Middle
22. Eavesdropping
23. Sniffing
24. Keyloggers
25. SQL Injection
26. Buffer Overrun
27. XSS (Cross-Site Scripting)
28. Malware Attacks
29. Remote Code Execution
30. Web Scraping
31. Cross-Origin Resource Sharing
32. Man in the Middle
33. SQL Injection
34. Buffer Overflow
35. SQL Injection
36. SQL Injection
37. SQL Injection
38. SQL",arp attack attacks buffer code control cross dns execution force icmp man middle origin overflow port redirect remote resource service sharing site sql syn tcp the udp web
network_security,destructive,13,"networks, intrusion, tampering, hijacking, censorship, data theft, malware, attack, interception, encryption, hacking, denial-of-service, eavesdropping, unauthorized access, bypassing, ransomware, phishing, brute force, compromise, disruption of critical services",access attack critical data encryption force service services
network_security,destructive,14,"1. Flooding
2. Disruption
3. Denial
4. Phishing
5. Hijacking
6. Exploitation
7. Brute force
8. Man-in-the-Middle
9. SQL Injection
10. Phishing
11. Eavesdropping
12. Spoofing
13. DNS poisoning
14. Man-in-The-Breaceam
15. Deny-Exit-Upgrade (DExU)
16. ARP Fuzz
17. SSL/TLS
18. Port scanning
19. SQL injection
20. Social engineering
21. Smurf
22. Sniffer
23. Man-in-the-middle
24. Buffer overflow
25. Ransomware
26. IP spoofing
27. DDoS
28. Metasploit
29. Cross-site scripting
30. Man-in-the-Loop (MIL)
31. Deniable
32. TCP SYN flood
33. DDoS offloading
34. Web application vulnerabilities
35. SQL injection
36. Distributed Denial of Service (DDoS)
37",application arp buffer cross deny distributed dns engineering exit force loop man middle mil overflow port service site social sql ssl syn tcp the tls upgrade web
network_security,destructive,15,"disruption
flooding
segregation
infiltration
destruction
tampering
spoofing
hacking
tipping
attack
ransomware
vulnerability
mitigation
denial-of-service
man-in-the-middle
brute-force
phishing
eavesdropping",attack force man middle service the
network_security,destructive,16,"flooding,
disruption,
denial,
hacking,
cybercrime,
networking,
malware,
phishing,
botnet,
spear phishing,
sql injection,
code execution,
phishing,
botnet,
ransomware,
insults,
cyberwarfare,
virus,
smurfing,
confusion,
cyberterrorism,
internet hijackings,
spoofing.
These terms may seem similar but carry distinct meanings and can be used in various contexts when discussing network security and cyber threats.",and but can carry code contexts distinct execution internet may network security similar sql terms these used when
network_security,destructive,17,"flooding,
disruption,
denial,
siphoning,
stealthy,
vandalism,
hijacking,
plague,
cyberwarfare,
undermining,
corruption,
violation,
misuse,
fraud.
These phrases are chosen as they can represent various types of destructive behaviors or situations that could impact network security in different ways.",are can chosen could different impact network represent security that these they types ways
network_security,destructive,18,"Here is a list of 256 unique destructive related to network security:

1. Denial of Service (DoS) attacks
2. Distributed Denial of Service (DDoS) attacks
3. Network Sniffing and Eavesdropping
4. Phishing scams
5. IP Spoofing
6. Smurf attack
7. Backdoor malware
8. Man-in-the-Middle (MitM) attacks
9. Social Engineering phishing
10. Buffer Overrun
11. Buffer Overflow
12. SQL Injection
13. Cross-Site Scripting (XSS)
14. Command Injection
15. Remote Code Execution (RCE)
16. SQL Tampering
17. File Inclusion (FIREFULL)
18. Password Attack
19. Social engineering trick
20. Botnet malware
21. Ransomware
22. Trojan horse
23. Spear-phishing email
24. DDoS Amplification
25. DNS poisoning
26. Phishing for personal information
27. Password guessing
28. Phishing scam targeting
29. Ransom extortion
30. Email bomb
31",and attack attacks bomb buffer code command cross distributed dns dos email engineering execution file for here horse information list man middle network overflow password personal related remote security service site social sql the unique
network_security,destructive,19,"1. Flood
2. Disruption
3. Denial
4. Hijacking
5. Eavesdropping
6. Man-in-the-middle
7. Spoofing
8. Brute-force
9. Phishing
10. Exploit
11. Rootkit
12. Tampering
13. Buffer Overflow
14. SQL Injection
15. RCE (Cross-Platform Exploitation)
16. Command Execution
17. CSRF (Cross-Site Request Forgery)
18. CSRF Mitigation
19. XSS (Cross-Site Scripting)
20. DDoS (Distributed Denial of Service)
21. Social Engineering
22. Privilege Escalation
23. Account takeover
24. Identity Theft
25. Data Leakage
26. Network Monitoring
27. Password Attacks
28. Malware Infiltration
29. Remote Code Execution
30. Web Application Attacks
31. SQL Injection Prevention
32. Intrusion Detection Systems
33. Endpoint Security
34. Advanced Persistent Threats
35. Zero-Day Exploits
36. Network Traffic Analysis",account advanced analysis application attacks buffer code command cross csrf data day distributed endpoint engineering execution force identity man middle network overflow password persistent platform remote request security service site social sql systems the traffic web zero
network_security,destructive,20,"1. Flood
2. Disruption
3. Denial
4. Eavesdropping
5. Spoofing
6. Hijacking
7. Eavesdrop
8. Man-in-the-middle
9. Buffer Overflow
10. Phishing
11. Malware Spread
12. Unauthorized Access
13. Data Theft
14. Information Theft
15. Insider Trading
16. Hacking
17. Social Engineering
18. Exploit
19. Network Privilege Escalation
20. Remote Code Execution
21. Rootkit
22. Brute Force
23. Password Cracking
24. SQL Injection
25. Cross-Site Scripting
26. Insecure Directory Trust
27. Tokenization
28. Weak Encryption
29. Lack of Authentication
30. Lack of Strong Authentication
31. Lack of Least Privilege
32. Lack of Monitoring
33. Lack of Logging
34. Lack of Audit
35. Lack of Incident Response Plan
36. Lack of Disaster Recovery Plan
37. Lack of Penetration Testing
38. Lack of Regular Updates",access audit authentication buffer code cross data directory encryption engineering execution force incident information least logging man middle network overflow password plan regular remote response site social spread sql strong testing the trust updates weak
application_security,defensive,1,"input_security 
input_validation 
input_sanitization 
input_authentication 
input_protection 
input_escaping 
input_hashing 
input_slicing 
input_caching 
input_discrimination 
input_renderscript 
input_xss 
input_xml 
input_tokenization 
input_bypass 
input_encryption 
input_dos 
input_ae 
input_rce 
input_platform 
input_malware 
input_insider_tactics 
input_backdoor 
input_hacking 
input_evasion 
input_vulnerabilities 
input_integrity 
input_forgery 
input_access 
input_replay 
input_shellcode 
input_filesystem 
input_memory_leakage 
input_network_attack 
input_data_protect 
input_forgery_protection 
input_sql_injection 
input_cracking 
input_parsing 
input_buffer_management 
input_webpage_attack 
input_cookies 
input_cookiejacking 
input_file_upload 
input_input_sanitization 
input_cross_site_scripting 
input_code_execution 
input_system_administration 
input_ip_synthetic 
input_distributed_denial_of_service 
input_network_traffic_analysis 
input_software_hacking 
input_virtual_machine 
input_disk_access 
input_network_traffic_capture 
input_data_dump 
input_password_grabbing",access administration analysis attack authentication buffer capture code cookies cross data disk distributed dos dump encryption escaping execution file filesystem input machine management memory network password platform protect security service site software sql system traffic upload validation virtual xml
application_security,defensive,2,"- Validate
- Sanitize
- Patch
- Log
- Audit
- Rotate
- Rate-limit
- Encrypt
- Retry
- Monitor
- Mitigate
- Detect
- Exploit
- Protect
- Close
- Disable
- Hash
- Filter",audit close detect disable encrypt filter hash limit log monitor patch protect rate retry rotate sanitize validate
application_security,defensive,3,"Access control  
Denial-of-service  
Firewall  
Input-validation  
Output-decoding  
IP address lookup  
Malware detection  
Network scanning  
Omnichannel interaction  
Password hashing  
Rate limiting  
Session management  
Tokenization  
User-agent checks  
Web application firewalls (WAFs)",access address agent application checks control input interaction lookup management network output password rate service session user validation web
application_security,defensive,4,"Access control  
Authentication  
Blacklisting  
Buffer overflows  
Certificate invalidations  
Content filters  
DDoS protection  
Encryption  
Fuzz testing  
GPG key management  
Graylists  
Hash validation  
HTTP request validation  
IP blocking  
JSON validation  
Key exchange  
Malware scanning  
NoSQL indexing  
OAuth tokens  
Proof verification  
Request rate limiting  
Reverse proxy configurations  
SSO (Single Sign-On) authentication  
TCP connections monitoring  
User-agent detection  
Web application firewalls (WAFs)  
XSS protection  
YAML file parsing",access agent application authentication blocking buffer certificate connections content control encryption exchange file filters hash http json key management oauth proof proxy rate request reverse sign single tcp testing tokens user validation verification web yaml
application_security,defensive,5,"- Checksum
- Diagnostics
- Encapsulation
- Encryption
- Exploits
- Failover
- Forgery
- Firewall
- Fixtures
- Graphs
- Grabs
- Hooks
- Injections
- Kernels
- Linters
- Mocks
- Ongoing
- Patching
- Proxies
- Quantities
- Reconnaissance
- Routing
- Security
- Sniffers
- Tracing
- Validation",checksum encryption fixtures graphs hooks routing security validation
application_security,defensive,6,"Basic security checks and processes
Configuration validation
Data integrity checks
File system access control
Session management
Token encryption/decryption
CORS policy enforcement
Content security policies (CSP)  
SQL injection prevention
Cross-site scripting (XSS) protection
Input/output validation 
Resource authentication
Web service security
Authentication bypass techniques
Database schema changes verification
Access controls for resource sharing
Sensitive data retention policies
Data backup and recovery practices
Application port scanning and exploitation
Code review process 
Regular code reviews and updates
Logging mechanisms and audit trails
Access list management  
Denial of service protection
Firewall rules configuration
IP address filtering  
Web application firewall (WAF)
Zero-day exploit identification
Strengthened access criteria
Distributed denial-of-service (DDoS) defense  
Application performance monitoring (APM)
Security analytics
Anomaly detection in logs
Real-time threat intelligence systems

Please note that the above list is not exhaustive and might be updated as new security best practices emerge.",above access address analytics and application audit authentication backup basic best changes checks code configuration content control controls cors criteria cross data database day defense distributed encryption file for identification input intelligence list logging logs management might new not note output performance please policy port process real regular resource review reviews rules schema security service session sharing site sql system systems that the threat time token updated updates validation verification web zero
application_security,defensive,7,"- Authentication
- Access Control
- Authorization
- Backup Files
- Cache Management
- Certification
- Config Management
- Content Filtering
- Cryptography
- Device Management
- Encryption
- Firewall Protection
- Form Authentication
- Global Variables
- Hostile Code Review
- Insecure Direct Object References (IDOR)
- Input Validation
- IP Blacklists
- IP Whitelists
- JSON Schema Validation
- Key Management
- Logging
- MysqlPasswordHashing
- OAuth Token Management
- Password Hashing
- Path and Param Validation
- Port Mapping
- Random Number Generation
- RSA Algorithm
- Security Assessment
- Secure File Transfer
- Session Management
- SSL/TLS Certificates
- Token Authentication
- User Agent Detection
- Vulnerability Scanning
- XSS Prevention",access agent algorithm and assessment authentication authorization backup cache code config content control device direct encryption file files form generation global idor input json key logging management mapping number oauth object param password path port random references review rsa schema secure security session ssl tls token transfer user validation variables
application_security,defensive,8,"Attack analysis, backup systems, boundary checks, behavior observation, bottlenecks, bug exploitation, caching, code signing, cryptography, configuration management, denial-of-service, disinformation, enumeration, fuzzing, function evaluation, goal-oriented testing, injection, integration tests, key management, malware scanning, monitoring, obfuscation, orchestration, packet inspection, performance tuning, proof of concept, reconnaissance, runtime tracing, sanitizers, shadowing, stress testing, token generation, vulnerability assessment, vulnerability discovery, web framework setup.",analysis assessment attack backup behavior boundary bug checks code concept configuration evaluation framework function generation goal inspection integration key management observation oriented packet performance proof runtime service setup stress systems testing tests token web
application_security,defensive,9,"Application Authorization  
Access Control  
Content Filtering  
Input Validation  
Error Handling  
Response Encoding  
Authentication  
Session Management  
CSRF Protection  
SQL Injection Prevention  
File Upload Controls  
Data Encryption  
Resource Limiting  
Cross-Site Scripting (XSS) Protection  
Token Security  
Captcha Implementation  
Web Application Firewall (WAF) Configuration  
Least Privilege Access  
Rate Limiting  
User Authentication  
Sensitive Data Masking  
Application Dependency Management  
Code Review  
Security Testing  
DDoS Defense  
Application Logging  
Request Filtering",access application authentication authorization captcha code configuration content control controls cross csrf data defense dependency encoding encryption error file handling implementation input least logging management rate request resource response review security session site sql testing token upload user validation web
application_security,defensive,10,"- Validate
- Sanitize
- Patch
- Log
- Debug
- Audit
- Rotate
- Cache
- Retry
- Monitor
- Secure
- Verify
- Disable
- Restart
- Monitor
- Analyze
- Clean
- Patch
- Log
- Enable
- Recover",analyze audit cache clean debug disable enable log monitor patch recover restart retry rotate sanitize secure validate verify
application_security,defensive,11,"Authentication  
Data integrity  
Input validation  
URL encoding  
SQL injection prevention  
CSRF protection  
Cross-site scripting (XSS) mitigation  
CSRF bypass  
Path sanitization  
CORS cross-origin resource sharing  
Token-based authentication  
Secure cookies  
Web application firewalls (WAFs)  
Application-level input validation  
Zero-day exploits  
SQL injection detection  
Denial of service (DoS) prevention  
Rate limiting  
Session management  
Request rate limiting  
Response rate limiting  
Cross-site request forgery (CSRF) protection  
Content Security Policy (CSP)  
Web application programmable interface (API)  
XMLHttpRequest object access  
JSON.parse error handling  
HTTP/HTTPS client-side validation  
Form data escaping  
Error messages and response codes  
User-agent string analysis  
Phishing defense  
Distributed denial-of-service (DDoS) protection  
OWASP ZAP tool for web application security testing  
Reverse proxy filtering  
Proxy policies  
Content delivery network (CDN) optimization  
Server load balancing  
DNS cache poisoning  
App access control  
Browser plugin injection prevention  
Content filtering  
Content compression  
Network layer security  
Data deduplication  
File system permission checks  
Access token expiration handling  
Security audit tools  
Application code review  
Code obfuscation  
Logging and",access agent analysis and api app application audit authentication based browser cache cdn checks client code codes compression content control cookies cors cross csrf data day defense delivery distributed dns dos encoding error escaping expiration file for form handling http https input interface json layer level load logging management messages network object origin parse path permission plugin policy proxy rate request resource response reverse review secure security server service session sharing side site sql string system testing token tool tools url user validation web zap zero
application_security,defensive,12,"input_security, input_validation, input_sanitization, input_malicious_data, input_encryption, input_logging, input_patching, input_caching, input_replay, input_tampering, input_hashing, input_forgery_protection, input_whois_check, input_ip_address_check, input_time_limit, input_request_body_size, input_file_size, input_buffer_overrun, input_network_traffic_analysis, input_dos, input_eastward_evasion, input_westward_evasion, input_southward_evasion, input_northward_evasion, input_hypervisors, input_virtualization, input_vulnerability_scanning, input_attack_vector_analysis, input_insight_mgmt, input_payload_exploitation, input_code_coverage, input_code_coverage_tool, input_downtime_prediction, input_performance_monitoring, input_backdoor_detection, input_flood_attack_prevention, input_deep_scan, input_tunnel_bypass, input_spray_attack, input_spambots_detection, input_fraud_detection, input_sql Injection, input_xss, input_cors, input_webreferrer, input_xframe, input_cross_site scripting, input_cross_domain_request, input_http_proxy, input_greedy_proxy, input_lateral_access,",access address analysis attack body buffer check code cors coverage cross data deep domain dos encryption file http input limit logging network payload performance prediction proxy request scan security site size sql time tool traffic validation vector
application_security,defensive,13,"1. Authentication
2. Caching
3. Cryptography
4. Encryption
5. Filtering
6. Logging
7. Mitigation
8. Rate limiting
9. Scanning
10. String manipulation
11. Tokenization
12. Validation
13. Whitelisting
14. XSS prevention
15. XSS mitigation
16. Yara scanning
17. Zlib compression
18. API gateways
19. Network filtering
20. SQL injection prevention
21. Cross-site scripting (XSS)
22. Denial of service (DoS) protection
23. Intrusion detection systems
24. Web application firewall (WAF)
25. Content Security Policy (CSP)
26. Application access control
27. Role-based access control (RBAC)
28. Web application monitoring
29. Application recovery plan
30. Secure web hosting
31. Secure sockets layer (SSL)
32. Secure HTTP
33. SSL/TLS certification
34. Web application development tools
35. OWASP top ten
36. Red team exercises
37. Penetration testing
3",access api application authentication based compression content control cross development dos encryption http layer logging network plan policy rate red role secure security service site sockets sql ssl string systems team ten testing tls tools top validation web
application_security,defensive,14,"Authentication  
Authorization  
Caching  
CSRF prevention  
Content Security Policy (CSP)  
Data Encryption Service (DES)  
Database connection management  
Email encryption  
Fingerprints and signatures  
Gated content  
Identity verification  
Input validation  
JSON Schema Validation (Schema)  
Logging and audit  
Message authentication  
Multi-factor authentication  
OAuth tokens  
Password hashing  
Policy enforcement  
Rate limiting  
Session state management  
Token-based authentication  
User agent detection  
Web application firewall (WAF)  
X-Forwarded-For  
X-Scheme-Secure  
X-XSS-Protection  
YandexCrypt  
Zapier",agent and application audit authentication authorization based connection content csrf data database des email encryption factor for identity input json logging management message multi oauth password policy rate schema scheme secure security service session state token tokens user validation verification web
application_security,defensive,15,"1. Input Validation
2. Error Handling
3. Access Control
4. Role-Based Access Control (RBAC)
5. Authentication
6. Password Strength Checks
7. Session Management
8. CSRF Protection
9. Cross-Site Scripting (XSS) Prevention
10. SQL Injection Prevention
11. Data Integrity
12. Encryption
13. Message Integrity and Signature Verification
14. IP Whitelisting
15. DDoS Protection
16. Rate Limiting
17. Content Security Policy (CSP)
18. Content Distribution Network (CDN) Protection
19. Least Privilege Principle
20. User Account Lockout
21. Account Lifetime
22. Role Assignment
23. Password Rotation
24. Web Application Firewall (WAF)
25. HTTP/HTTPS Proxy
26. Content Security Policy (CSP) for URLs
27. Content Delivery Networks (CDNs)
28. Web Application Gateway (WAGG) Integration
29. SSL/TLS Certificate Signing
30. Zero-Day Exploits Investigation
31. API Key Management
32. Token-based Authn and Secs
3",access account and api application assignment authentication based cdn certificate checks content control cross csrf data day delivery distribution encryption error for gateway handling http https input integration key least lifetime management message network password policy proxy rate role rotation secs security session signature site sql ssl strength tls token urls user validation verification web zero
application_security,defensive,16,"authentication  
ban\_unauthorized\_access  
check\_token\_length  
check\_cookie\_length  
check\_file\_size  
delete\_session\_data  
dump\_application\_state  
execute\_trusted\_code  
firewall\_rules  
grant\_requests\_only  

gate\_authentications  
hash\_passwords  
injection\_protection  
is\_there\_any\_cross\-domain\_attempted\_attack  

jail\_scope\_management  
kernel\_security\_mechanisms  
log\_capture\_and\_analysis  
malicious\_activity\_tracking  

network\_detection  
os\_detect\_exploits  
patching\_applications  

remove\_unwanted\_plugins  
root\_login\_policy\_configuration  
secure\_encryption\_techniques  

sessions\_cleanup\_regulations  
unprotected\_resource\_reversal 

validate\_security\_configurations  
verify\_web\_fingerprints

waf_rules  
xor\_attacks  
xml\_schema\_validation",access activity analysis and any application applications attack attacks authentication ban capture check cleanup code configuration cookie cross data delete detect domain dump encryption execute file gate grant hash kernel length log login management network only plugins policy remove requests resource root rules schema scope secure security session sessions size state there token tracking trusted validate validation verify web xml xor
application_security,defensive,17,"Application injection prevention  
Application state management  
Application version verification  
Access token protection  
Content sanitization  
User input validation  
SQL injection prevention  
Cross-site scripting prevention  
Resource locking and unlocking  
Session management  
Sensitive data masking  
Web request forgery prevention  
HTTP header sanitization  
File extension filtering  
XML serialization compression  
Request body encryption  
CSRF token implementation  
Redirect flow control  
Response redirection  
HTTPS best practices  
Application vulnerability scanning  
Web service authentication  
App access control  
Application logging  
Application monitoring  
Application caching  
Database password hashing  
Token-based authentication  
Captcha generation and use  
Session expiration policy  
Password hashing library usage  
OAuth2 authorization server integration  
API key management  
JWT token security  
Application firewall  
Application load balancing  
Rate limiting strategy  
Session persistence techniques  
Content negotiation in web development  
Application migration support  
Distributed transaction isolation  
Cross-origin resource sharing (CORS)  
Code obfuscation  
Application identity management  
Web application deployment guidelines",access and api app application authentication authorization based best body captcha code compression content control cors cross csrf data database deployment development distributed encryption expiration extension file flow generation header http https identity implementation input integration jwt key library load locking logging management migration oauth origin password policy rate redirect request resource response security serialization server service session sharing site sql state strategy support token transaction usage use user validation verification version web xml
application_security,defensive,18,"```python
input_validation
input_sanitization
input_patching
input_caching
input_encryption
input_hashing
input_session_management
input_security_headers
input_access_control
input_content_authorization
input_data_encoding
input_ip_address
input_domain_name
input_file_path
input_directory_name
input_ldap_authentication
input_sql_injection
input_xss_attack
input_xmlrpc
input_jwt_token
input_password_hashing
input_session_id_generation
input_websocket_protocols
input_https_protocols
input_webmail_authentication
input_malware_scan
input_forgery_protection
input_data_spoofing
input_dns_query_filtering
input_forgery_defense
input_input_validation
input_api_key_validation
input_request_body_validation
input_cookie_validation
input_response_headers_validation
input_url_rewriting
input_file_extension_check
input_database_constraints
input_dbms_backdoor_discovery
input_insufficient_authentication
input_sql Injection Exploitation
input_xss_Exploit
input_dos Attack
input_forgery_Resort
input_input_TypeMismatch
input_xss_Sensitive
input_sqlInjection
```",access address api attack authentication authorization body check constraints content control cookie data database defense directory dns domain dos encoding encryption extension file generation headers https input jwt key ldap management name password path protocols python query request response scan security session sql token url validation websocket
application_security,defensive,19,"application-level 
authentication 
database-security 
exception-handling 
honeypot 
ip-protection 
ldap-access-logging 
malware-detection 
network-security 
output-filtering 
password-policy 
permission-granting 
red-team-testing",access application authentication database exception handling ldap level logging network output password permission policy red security team testing
application_security,defensive,20,"Input: 
```python
defensive_related = [""validation"", ""sanitization"", ""patching""]
```",input python related validation
application_security,educational,1,"1. Python
2. Java
3. PHP
4. Ruby
5. C++
6. Docker
7. Kubernetes
8. Ansible
9. Nginx
10. Apache
11. MongoDB
12. Redis
13. Spring
14. Flask
15. Django
16. Node.js
17. Express
18. MySQL
19. PostgreSQL
20. AWS
21. Azure
22. Google Cloud Platform (GCP)
23. Docker Hub
24. Git
25. GitHub
26. Kubernetes Dashboard
27. Ansible Playbook
28. Nginx configuration management
29. OpenShift
30. Kubernetes Operator
31. Terraform
32. Docker Compose
33. Docker Swarm
34. Istio
35. Consul
36. Kubernetes Secrets
37. Kubernetes RBAC
38. Kubernetes StatefulSets
39. Kubernetes Ingress Controllers
40. Kubernetes Deployment Pods
41. Kubernetes Jobs
42. Kubernetes Events
43. Prometheus
44. Grafana
45. Datad",ansible apache aws azure cloud compose configuration controllers dashboard deployment django docker events express git github google hub java jobs management mongodb mysql nginx node operator php platform postgresql python redis ruby spring terraform
application_security,educational,2,"1. OWASP
2. SSL
3. TLS
4. CTF
5. OWASP ZAP
6. DLP
7. IAM
8. SQL Injection
9. Cross-Site Scripting (XSS)
10. OWASP Top Ten
11. API Security
12. Tokenization
13. OWASP Juice Shop
14. Secure Coding
15. CSRF
16. OWASP Top 10
17. XSS Prevention
18. API Management
19. Web Application Security
20. HTTPS
21. Secure Sockets Layer (SSL)
22. JWT (JSON Web Tokens)
23. Data Encryption
24. Content Security Policy
25. OWASP Top-Notch
26. API Gateway
27. REST API
28. Token Authentication
29. OWASP ZAP CLI
30. OWASP Zipkin
31. OWASP Dependency Check Tool
32. OWASP Dependency Audit
33. OWASP Dependency Warden
34. OWASP Dependency Scanner
35. OWASP Dependency Checker
36. OWASP Dependency Watcher
37. OWASP",api application audit authentication check checker cli coding content cross csrf data dependency encryption gateway https iam json jwt layer management policy rest scanner secure security shop site sockets sql ssl ten tls token tokens tool top web zap
application_security,educational,3,"1. Cryptography 
2. Security Standards 
3. Web Application Security 
4. Threat Modeling 
5. Security Testing 
6. Phishing Defense 
7. Access Control 
8. Secure Coding Practices 
9. Data Encryption 
10. Web Vulnerability Scanning 
11. DDoS Protection 
12. Network Segmentation 
13. Firewall Configuration 
14. SSL/TLS Certificates 
15. SQL Injection Prevention 
16. Botnet Defenses 
17. Intrusion Detection Systems (IDS) 
18. Password Hashing and Salt Handling 
19. App Authentication 
20. Zero-Day Exploits 
21. Cross-Site Scripting (XSS) Prevention 
22. Cross-Site Request Forgery (CSRF) Protection 
23. Session Management 
24. API Gateway Security 
25. Virtual Machines Security 
26. App Access Policies 
27. Content Security Policy (CSP) 
28. Content Distribution Network (CDN) Optimization 
29. Application Performance Monitoring (APM) 
30. Application Logging 
31. Application Error Handling 
32. Secure Sockets Layer (SSL) Connections 
33.",access and api app application authentication cdn coding configuration connections content control cross csrf data day defense distribution encryption error gateway handling ids layer logging management network password performance policy request salt secure security session site sockets sql ssl systems testing threat tls virtual web zero
application_security,educational,4,"Attack detection tools  
Authentication protocols  
Authorization strategies  
Code analysis tools  
Cryptography algorithms  
Data protection measures  
Dependency management solutions  
Environment variables  
Firewall configurations  
Identity and access management (IAM)  
Integrity validation techniques  
Knowledge verification systems  
Language translation engines  
Machine learning models  
Network security devices  
Obfuscation techniques  
Password hashing mechanisms  
Protocol encryption standards  
Resource lifecycle management  
Security audit tools  
Symmetric-key cryptography  
Token-based authentication  
Virtual environments  
XSS prevention libraries  
Zero-day exploit discovery  
180s attack analysis  
Application layer security  
Backend service security  
Blockchain technology in security  
Content Security Policy implementations  
Django project security  
End-to-end encryption services  
Flask framework for web development  
Golang language features for backend development  
HMAC and HMAC-SHA256  
IIS server configuration and best practices  
Jenkins CI/CD for continuous integration/continuous deployment  
Java security principles  
Keras model training and deployment  
Leverage security plugins  
Memory safety concepts  
Open source vulnerabilities  
Password policy enforcement  
Proxy services for API security  
Reverse shell execution methods  
SQL injection mitigation  
TLS/SSL encryption protocols  
Unix-like file system features  
XSRF token injection prevention  
ZMQ networking library for distributed applications",access analysis and api application applications attack audit authentication authorization backend based best code configuration content continuous data day dependency deployment development devices distributed django encryption end environment environments execution features file for framework iam identity integration java key knowledge language layer learning libraries library like machine management memory methods model models network open password plugins policy project protocol protocols proxy resource reverse security server service services sha shell source sql ssl system systems technology tls token tools training translation unix validation variables verification virtual web zero
application_security,educational,5,"1. Python
2. C++
3. Ruby
4. Java
5. JavaScript
6. Node.js
7. Spring Boot
8. Django
9. React Native
10. Angular
11. Flask
12. Laravel
13. Vue.js
14. TypeScript
15. DDD (Domain-Driven Design)
16. Agile Development
17. Refactoring
18. Object-Oriented Programming
19. Code Review
20. Version Control Systems
21. Continuous Integration/Continuous Deployment (CI/CD)
22. Data Science
23. Machine Learning
24. AI and Deep Learning
25. Cybersecurity
26. Information Security
27. Digital Forensics
28. Penetration Testing
29. Ethical Hacking
30. Software Engineering
31. Secure Coding Practices
32. Web Application Security
33. Mobile App Security
34. Cloud Security
35. Network Security
36. Firewalls
37. Intrusion Detection Systems
38. Vulnerability Assessment
39. Black Box Testing
40. White Box Testing
41. Code",and angular app application assessment black boot box cloud code coding continuous control data ddd deep deployment design development digital django domain engineering ethical information integration java javascript learning machine mobile native network node object oriented programming python react review ruby science secure security software spring systems testing typescript version vue web white
application_security,educational,6,"1. API Security
2. Application Frameworks
3. Application Architecture
4. Code Signing
5. Denial of Service (DoS) Protection
6. Exploits and Vulnerabilities
7. Firewall Management
8. GitHub Actions
9. HTTP/HTTPS Security
10. Identity and Access Management (IAM)
11. Intrusion Detection System (IDS)
12. Kali Linux
13. Load Balancing
14. Network Security
15. OWASP
16. Password Policy
17. PHP Configuration
18. Red teaming
19. Software Development Lifecycle (SDLC)
20. Security Auditing
21. Security Testing Tools
22. Threat Intelligence
23. User Authentication
24. Vulnerability Scanning
25. Zero-day Attack Prevention
26. API Gateway
27. API Monitoring
28. Botnet Defense
29. Cloud-Based Security
30. Containerized Applications
31. DevOps Tools
32. Distributed Systems
33. DDoS Protection
34. Endpoint Detection and Response (EDR)
35. Encryption Techniques
36.防火墙管理
37",access actions and api application applications architecture attack authentication based cloud code configuration day defense development distributed dos encryption endpoint gateway github http https iam identity ids intelligence linux load management network password php policy red response security service software system systems testing threat tools user zero
application_security,educational,7,"1. Java
2. Python
3. Go
4. Ruby
5. C++
6. Swift
7. JavaScript
8. HTML
9. CSS
10. SQL
11. Node.js
12. Docker
13. Docker Compose
14. Kubernetes
15. Ansible
16. Terraform
17. Git
18. Maven
19. Jenkins
20. Dockerfile
21. Kubernetesmanifests
22. Kubernetesrules
23. Dockerfiles
24. Dockerimages
25. Kubernetescluster
26. Kubernetescontainers
27. Dockernetworks
28. Kubernetesapiservers
29. Kubernetesvolumes
30. Kubernetesservices
31. Kubernetesdeploymenttemplates
32. Kubernetesjobs
33. Kubernetesclusters
34. Kubernetesapps
35. Kubernetesregistries
36. Kubernetespodtemplates
37. Kubernetesjobtemplate
38. Kubernetesconfigmaps
39. Kubernetessecretnames
40. Kubernetessecretvalues
41. Kuberneteskubernetesclusters
42. Kubernetespods
43. Kubernetestasks
44. Kubernetesdeploymentsets",ansible compose css docker git html java javascript node python ruby sql swift terraform
application_security,educational,8,"- Authentication
- Encryption
-防火墙
- Scanners
- Vulnerability scanning
- Password management
- API gateways
- Security testing
- Secure coding
- SSL/TLS
- Web vulnerabilities
- SQL injection
- Cross-site scripting (XSS)
- Botnets
- Intrusion detection systems (IDS)",api authentication coding cross encryption ids management password secure security site sql ssl systems testing tls web
application_security,educational,9,"1. Security Protocols
2. Authentication
3. Encryption
4. Vulnerability Assessment
5. Penetration Testing
6. Threat Modeling
7. Malware Removal
8. DDoS Prevention
9. Secure Coding Practices
10. Firewall Configuration
11. Intrusion Detection Systems
12. Access Control
13. Phishing Defense
14. Network Traffic Monitoring
15. Data Encryption
16. SQL Injection Prevention
17. Web Application Firewalls (WAFs)
18. Secure Sockets Layer (SSL) Use
19. TLS Certificate Management
20. Tokenization Security
21. Cross-Site Scripting (XSS) Protection
22. Information Disclosure Protection
23. OWASP Top Ten Lists
24. OWASP ZAP Tool
25. OWASP Dependency Scanner
26. OWASP Juice Shooter
27. OWASP ZAP Debugger
28. OWASP API Security Test Kit (APSKit)
29. OWASP Dependency Advisor
30. OWASP Warnings Guide
31. OWASP Cheat Sheet
32. OWASP Best Practices for Software Developers
33. OWASP Principles and Practices",access advisor and api application assessment authentication best certificate coding configuration control cross data defense dependency developers encryption for guide information kit layer lists management network protocols scanner secure security sheet site sockets software sql ssl systems ten test testing threat tls tool top traffic use warnings web zap
application_security,educational,10,"1. AWS
2. Git
3. Docker
4. Kubernetes
5. Go
6. Python
7. Java
8. C#
9. ARM
10. Node.js
11. Docker Hub
12. Docker Compose
13. Docker Policy
14. AWS Lambda
15. Kubernetes Dashboard
16. Ansible
17. Terraform
18. Nginx
19. Express.js
20. Spring Boot
21. Django
22. Heroku
23. GCP
24. OpenShift
25. PostgreSQL
26. MongoDB
27. Redis
28. NAPALM
29. Kibana
30. Apache Spark
31. Kafka
32. Amazon Elastic Beanstalk
33. AWS CloudTrail
34. AWS Step Functions
35. AWS Amplify
36. AWS Glue
37. AWS IoT
38. AWS SNS
39. AWS SQS
40. AWS Config
41. Amazon Inspector
42. AWS WAF
43. AWS Security Hub
44. AWS Identity and",amazon and ansible apache arm aws boot compose config dashboard django docker elastic express functions git hub identity iot java lambda mongodb nginx node policy postgresql python redis security sns spark spring step terraform
application_security,educational,11,"1. Python 
2. Java
3. C++
4. Node.js
5. Go
6. Ruby
7. Swift
8. R
9. Kotlin
10. PHP
11. Perl
12. Swift (SwiftUI)
13. Rust
14. SQL
15. MongoDB
16. Apache
17. MySQL
18. Docker
19. Kubernetes
20. Git
21. Docker Compose
22. Ansible
23. Terraform
24. Ansible Playbooks
25. AWS Lambda
26. Heroku
27. Kubernetes
28. PostgreSQL
29. Django
30. Flask
31. Spring Boot
32. Express.js
33. React
34. Next.JS
35. Vue.js
36. Angular
37. React Native
38. Flutter
39. Node.js Webpack
40. Parcel
41. ESLint
42. Prettier
43. Yarn
44. NPM
45. Jest
46. Mocha
47. TestLab
4",angular ansible apache aws boot compose django docker eslint express flutter git java jest lambda mongodb mysql native next node npm parcel perl php postgresql python react ruby rust spring sql swift terraform vue webpack
application_security,educational,12,"1. OWASP
2. API Security
3. HTTPS
4. Secure Coding
5. Authentication
6. Password Protection
7. Data Encryption
8. CSRF Protection
9. Cross-Site Scripting (XSS)
10. SQL Injection
11. Session Management
12. XSS Prevention
13. Input Validation
14. Content Security Policy
15. Web Application Firewall (WAF)
16. SSL/TLS
17. XMLHttpRequest
18. HTTP Strict Transport Security (HSTS)
19. OAuth2
20. Tokenization
21. CSRF Tokens
22. Authorization Frameworks
23. API Gateway
24. JWT
25. TLS
26. X-Frame-Options
27. CSP
28. Content Negotiation
29. Content Security Policy Version 3 (CSPv3)
30. MIME Types
31. Secure Socket Layer (SSL) & Transport Layer Security (TLS)
32. SFTP
33. SSH
34. FTP
35. SMB
36. LDAP
37. Kerberos
38. Certificate Authorities (CA)
39",api application authentication authorization certificate coding content cross csrf data encryption frame ftp gateway http https input jwt layer ldap management mime oauth options password policy secure security session site socket sql ssh ssl strict tls tokens transport types validation version web
application_security,educational,13,"Java Security  
OAuth Frameworks  
TLS Certificates  
Secure Coding Practices  
Phishing Prevention  
OWASP Modules  
Web Application Firewalls  
XSS Protection  
SQL Injection Prevention  
Encryption Standards  
Cryptography Libraries  
Zero-Day Exploits",application coding day encryption java libraries modules oauth secure security sql tls web zero
application_security,educational,14,"- Java
- Python
- C++
- JavaScript
- Node.js
- Git
- Docker
- Kubernetes
- Ansible
- Ruby
- Go
- Rust
- Android SDK
- iOS SDK
- Flutter
- React Native
- Spring Framework
- Hibernate
- SQLAlchemy
- Apache Kafka
- Apache Cassandra
- Docker Hub
- AWS SDK
- Golang
- GoLang
- Django
- Ruby on Rails
- Spring Boot
- MySQL
- PostgreSQL
- Firebase
- AWS S3
- AWS Lambda
- AWS Elastic Beanstalk
- AWS Glue
- AWS SQS
- Amazon EC2
- AWS Elastic Compute Cloud
- Microsoft SQL Server
- Microsoft Azure
- Docker Compose
- Kubernetes
- Jenkins
- Bamboo
- Ansible
- GitLab CI/CD
- GitHub Actions
- Netlify
- Heroku
- Bitbucket
- JIRA
- Sourcegraph
- OWASP ZAP
- OWASP ZAP Shield
- OWASP Zipkin
- OWASP Zed Attack Research (ZAR) API
- Nmap
- Nessus
- Brane Secure
- FISHER
- OpenDNS",actions amazon android ansible apache api attack aws azure boot brane cloud compose compute django docker elastic firebase flutter framework git github hub ios java javascript lambda mysql native node postgresql python rails react research ruby rust sdk secure server shield spring sql zap zar zed
application_security,educational,15,"- HTTPS
- SSH
- LDAP
- JWT
- AES
- TCP/IP
- TLS
- SSL
- DNS
- HTTP
- DNSSEC
- OpenSSL
- SFTP
- OWASP
- REST API
- OWASP ZAP
- Nginx
- NGINX Security
- Apache
- Java Security
- Spring Boot
- Docker
- Kubernetes
- AWS SDKs
- Google Cloud Functions
- Microsoft Azure App Services",aes apache api app aws azure boot cloud dns docker functions google http https java jwt ldap nginx openssl rest security services spring ssh ssl tcp tls zap
application_security,educational,16,"1. Java
2. Python
3. C++
4. Node.js
5. Docker
6. Kubernetes
7. AWS SDK
8. OpenSSL
9. Git
10. Nginx
11. Docker Hub
12. AWS
13. Redis
14. MySQL
15. Apache
16. Spring Boot
17. Flask
18. Ruby on Rails
19. MongoDB
20. Docker Compose
21. GitLab
22. Terraform
23. Ansible
24. Kubernetes Operator
25. GoLang
26. K8s
27. Dockerfile
28. Docker Registry
29. AWS Lambda
30. CloudFormation
31. Kubernetes Cluster
32. Kubernetes API Server
33. Kubernetes Operator
34. Docker Engine
35. Kubernetes Secrets
36. Kubernetes Configmap
37. Kubernetes StatefulSet
38. Kubernetes Service
39. Kubernetes CronJob
40. Kubernetes Deployment
41. Kubernetes Job
42. Kubernetes Controller
43. Kubernetes Ingress Controller
44. Kubernetes Scheduler
4",ansible apache api aws boot cluster compose controller deployment docker engine git hub java job lambda mongodb mysql nginx node openssl operator python rails redis registry ruby scheduler sdk server service spring terraform
application_security,educational,17,"1. SSL/TLS
2. PKI
3. RSA
4. ECDSA
5. SHA-256
6. AES
7. HMAC
8. TLS
9. HTTPS
10. HTTP
11. SSL
12. SNI
13. SRL
14. CERT
15. TLSv1
16. TLSv1.1
17. TLSv1.2
18. TLSv1.3
19. TLSv1.5
20. TLSv1.5+SSLeay
21. TLSv1.5+AEAD
22. TLSv1.5+AESGCM
23. TLSv1.5+AES128-GCM-SHA256
24. TLSv1.5+AES128-CBC-SHA256
25. TLSv1.5+AES128-CBC-SHA384
26. TLSv1.5+AES128-CBC-SHA512
27. TLSv1.5+AES128-CBC-SHA512",aes cbc cert http https rsa sha ssl tls
application_security,educational,18,"1. SSL/TLS
2. HTTPS
3. JWT
4. AES
5. RSA
6. PKCS#7
7. SHA-256
8. DES
9. AES-CBC
10. SHA-512
11. MAC
12. HMAC
13. TLS
14. DTLS
15. SNI (Server Name Indication)
16. TSL
17. LOP (Location Protocol)
18. TLS 1.2
19. TLS 1.3
20. TLS 1.1
21. TLS 1.0
22. DHE
23. ECDH
24. Diffie-Hellman key exchange
25. SSH
26. PGP
27. Kerberos
28. GSS-API
29. X.509
30. X.509v3
31. LDAP
32. OAuth
33. OAuth2
34. JSON Web Tokens
35. OpenID Connect
36. OAuth Server Client Access Token (OIDCAT)
37. Bearer",access aes api bearer cbc client connect des exchange https json jwt key ldap location lop mac name oauth openid protocol rsa server sha ssh ssl tls token tokens web
application_security,educational,19,"1. Java
2. C++
3. Python
4. Spring
5. Hibernate
6. Docker
7. Kubernetes
8. Apache
9. Git
10. Nginx
11. MySQL
12. MongoDB
13. Docker Swarm
14. Kubernetes
15. Node.js
16. React.js
17. Vue.js
18. Angular.js
19. Django
20. Flask
21. Ruby on Rails
22. Spring Boot
23. React
24. Vue.js
25. Angular.js
26. JavaScript
27. TypeScript
28. Rust
29. Go
30. Solidity
31. D
32. Erlang
33. Scala
34. Kotlin
35. Prolog
36. F#
37. Julia
38. R
39. Python (Deep Learning)
40. TensorFlow
41. PyTorch
42. Keras
43. NumPy
44. SciPy
45. Statsmodels
46. Pandas
47. Matplotlib
48. Se",angular apache boot deep django docker git java javascript learning matplotlib mongodb mysql nginx node numpy python rails react ruby rust scala spring tensorflow typescript vue
application_security,educational,20,"1. Python
2. Java
3. C++
4. Ruby
5. PHP
6. Swift
7. JavaScript
8. Kotlin
9. Go
10. Docker
11. Kubernetes
12. Spring Framework
13. Django
14. Hibernate
15. SQLAlchemy
16. MongoDB
17. Redis
18. Node.js
19. React Native
20. AngularJS
21. Express.js
22. GraphQL
23. AWS SDK
24. MySQL
25. PostgreSQL
26. Amazon S3
27. Amazon EC2
28. Google Cloud Functions
29. Kubernetes
30. Git
31. Docker
32. Ansible
33. Terraform
34. Helm Chart
35. Jenkins CI/CD
36. Kubernetes
37. Docker Hub
38. Docker Compose
39. Dockerfile
40. Docker Secrets
41. Docker Volume
42. Nginx
43. Nginx Proxy
44. Apache HTTP Server
45. NGINX Configuration File
46. Ngin",amazon ansible apache aws chart cloud compose configuration django docker express file framework functions git google graphql helm http hub java javascript mongodb mysql native nginx node php postgresql proxy python react redis ruby sdk server spring swift terraform volume
application_security,offensive,1,"Injection
Overload
Fuzzing
BufferOverflow
Reflection
SQLInjection
CrossSiteScripting
XSS
BrokenAuthenticityCheck
CSRF
WebAccessControl
SQLInjection
ShellcodeInjection
CrossSiteRequest Forgery
BufferOverflow
CommandInjection
RemoteCodeExecution
ShellcodeInjection
ZeroDayExploits
SQLQueryInjection
CrossSiteRequest forgery
XSS
Cross Site Request Forgery
CSRF
Cross Site Scripting
WebAccess Control
Injection
Cross Site Request Forgery (CSRF)",control cross csrf reflection request site
application_security,offensive,2,"1. Injection
2. Overflow
3. Exploit
4. Privilege
5. BruteForce
6. ManInTheMiddle
7. XSS
8. SQLInjection
9. CSRF
10. Cross-SiteScripting
11. DenialOfService
12. FileUpload
13. Session hijacking
14. BufferOverflow
15. CommandInjection
16. XSSAttack
17. SQLInjectionAttack
18. CSRFAttack
19. PathTraversal
20. DirectoryTraversal
21. WebApplicationSecurity
22. RemoteCodeEvasion
23. BufferOverrun
24. SQLStatementExecution
25. XSSAndSQLInjection
26. WebAppFuzzer
27. HTTPProxyAttack
28. XSSPrevention
29. WebApplicationDefense
30. ApplicationControl
31. ApplicationProtection
32. ServerSideInjection
33. WebApplicationScanning
34. WebApplicationSafeguard
35. WebApplicationSecurityTesting
36. WebApplicationAttackDetection
37. WebAppCryptography
38. OWASPAP
39.",cross csrf overflow session
application_security,offensive,3,"Injection
Overflow
Fuzzing
Buffer Overflow
Cross-Site Scripting (XSS)
SQL Injection
XSS Injection
Cross-site Request Forgery (CSRF)
XSS and CSRF
SQL Injection Attack
Injection Technique
SQL Injection Vulnerability
SQL Injection Prevention
SQL Injection Defense
SQL Injection Mitigation
Injection Point Injection
SQL Injection Attack Detection
SQL Injection Prevention Techniques
SQL Injection Risk Assessment
SQL Injection Prevention Mechanism
SQL Injection Vulnerabilities
Injection Vulnerability
Injection Scanning
Injection Scavenger
Injection Framework
Injection Attack
Injection Scavenge
Injection Attack Scavenging
Injection Scavengers
Injection Scanner
Injection Scanners
Injection Scanner Attack
Injection Scavenger Attack
Injection Attack Detection System
Injection Scavenger Detection
Injection Scavenging System
Injection Scavenger Detection System
Injection Scavenging Mechanism
Injection Scavenger Mechanism
Injection Scavenging Protection
Injection Scavenger Protection Mechanism
Injection Scavenger Protection Systems
Injection Scavenger Protection Methods
Injection Scavenger Protection Techniques
Injection Scavenger Protection Measures
Injection Scavenger Protection Strategies
Injection Scavenger Protection Tactics
Injection Scavenger Protection Strategies
Injection Sc",and assessment attack buffer cross csrf defense framework methods overflow point request risk scanner site sql system systems
application_security,offensive,4,"Injection  
Fuzzing  
Overload  
Buffer Overflow  
String Manipulation  
SQL Injection  
Command Execution  
Cross-Site Scripting (XSS)  
SQL Query Execution  
File Inclusion  
CSRF (Cross-Site Request Forgery)  
XSS Cross-Site Request Forgery  
XSS Scavenging  
Sensitive Data Exposure  
Path Traversal  
Input Linger  
Session Hijacking  
Code Execution  
Broken Authentication  
Captive Portal  
Insecure Directory Services  
Data Flow Manipulation  
User Authentication  
Remote Code Execution (RCE)  
Distributed Denial of Service (DDoS)  
Content Security Policy Violations  
Denial of Service (DoS)  
Man-in-the-Middle Attack (MitM)  
Cross-site request forgery  
SQL Injection Vulnerability  
Command Injection  
Privilege Escalation  
XML Parsing  
Buffer Overflow Exploit  
Cross Site Request Forgery (CSRF)  
XSS Framework  
SQL Injection Framework  
Cross Site Request Forgery Framework  
Phishing  
Web Application Firewall (WAF)  
Cross-Site Scripting and Command Execution  
Remote Code Execution  
Social Engineering  
XSS Attack  
Broken Authentication Framework  
Denial of Service (DoS)  
Man-in-the-Middle (MitM",and application attack authentication broken buffer code command content cross csrf data directory distributed dos engineering execution file flow framework input linger man middle overflow path policy portal query remote request security service services session site social sql string the user web xml
application_security,offensive,5,"1. SQL Injection
2. Cross-Site Scripting (XSS)
3. Buffer Overread
4. Path Traversal
5. Web Application Firewall (WAF)
6. Denial of Service (DoS) Attacks
7. Phishing Attack
8. Session Hijacking
9. SQL Query Injection
10. File Inclusion
11. XSS Scanning
12. Command Injection
13. Remote Code Execution (RCE)
14. SQL Injection Vulnerability
15. XSS in PHP
16. SQL Injection Prevention
17. Injection Prevention Techniques
18. SQL Injection and PHP
19. SQL Injection Testing Framework
20. SQL Injection Detection Tools
21. Injection Point Analysis
22. Cross-Site Request Forgery (CSRF)
23. Cross-Origin Resource Sharing (CORS)
24. Cross-Site Scripting (XSS) Scanners
25. Cross-Site Information Disclosure (XSD)
26. SQL Injection Detection Algorithms
27. Injection Detection Mechanisms
28. SQL Injection Detection Tools and Libraries
29. Injection Prevention in Software Development Life Cycle (SDLC)
30. Injection Protection Strategies",analysis and application attack attacks buffer code command cors cross csrf cycle development dos execution file framework information libraries life origin path php point query remote request resource service session sharing site software sql testing tools web xsd
application_security,offensive,6,"Inject vulnerabilities  
Overflows attacks  
Fuzzing for denial of service  
SQL injection vulnerability  
Cross-site scripting (XSS) attack  
Cross-site request forgery (CSRF)  
XSS injection  
SQL injection exploitation  
Denial of Service (DoS)  
Buffer overflow exploit  
SQLi vulnerability  
Session hijacking  
Cross-site request forgery  
Cross-site redirect  
Injection prevention  
Web application firewall (WAF)  
Distributed Denial of Service (DDoS)  
Application layer attacks  
Remote code execution  
Cross-site scripting in web forms  
Code injection  
Sensitive data exposure  
Cross-site session manipulation  
Insecure programming practices  
Zero-day exploits  
Web address spoofing  
SQL injection techniques  
SQL injection prevention and response  
Web application bypassing  
SQLi mitigation  
Web application monitoring  
Application-level attacks  
Cross-site request forgery  
Cross-site request modification  
Sensitive information disclosure  
Input field injection  
Cross-site request forgery (CSRF)  
Cross-site request forgery technique  
SQL injection risk assessment  
SQL injection protection strategies  
Web application security testing  
Injection detection mechanisms  
Web application vulnerability assessment  
SQL Injection Prevention Principles  
SQL injection prevention measures  
SQL Injection Mitigation Strategies  
Web Application Firewall Configuration  
Cross-site script vulnerabilities  
SQL Injection in",address and application assessment attack attacks buffer code configuration cross csrf data day distributed dos execution field for forms information inject input layer level modification overflow programming redirect remote request response risk script security service session site sql testing web zero
application_security,offensive,7,"Injection  
Overload  
Fuzzing  
Buffer Overflow  
SQL Injection  
XSS  
CSRF  
Cross-Site Scripting  
Shell Command Execution  
Command Execution  
Broken Token  
File Inclusion  
Code Injection  
Remote Code Execution  
SQLyog SQL  
Bypass Filter  
Denial of Service (DoS)  
SQL Query Injection  
SQL Map Injection  
CWE-14  
Web Application Firewall (WAF)  
CSRF Cross-site request forgery  
DDoS Distributed Denial of Service  
Man in the Middle (MitM)  
Brute Force Attack  
Spoofing  
SQL Injection  
SQL Injection Exploit  
Password Injection  
Session Hijacking  
Phishing  
SQL Injection Vulnerability  
SQL Injection Attack  
SQL Injection Proof of Concept  
SQL Injection Vulnerability Scan  
SQL Injection Vulnerability Assessment  
SQL Injection Vulnerability Enumeration  
SQL Injection Vuln  
SQL Injection Risk Analysis  
SQL Injection Scanning  
SQL Injection Vulnerability Fix  
SQL Injection Vulnerability Mitigation  
SQL Injection Vulnerability Testing  
SQL Injection Vuln Report  
SQL Injection Vulnerability Defense  
SQL Injection Vulnerability Patch  
SQL Injection Vulnerability Penetration Testing  
SQL Injection Vulnerability Research  
SQL Injection Vulnerability Discovery  
SQL Injection Vulnerability Review  
SQL Injection Vulnerability Audit",analysis application assessment attack audit broken buffer code command concept cross csrf defense distributed dos execution file filter fix force man map middle overflow password patch proof query remote report request research review risk scan service session shell site sql testing the token web
application_security,offensive,8,"1. Injection
2. Overload
3. Fuzzing
4. Buffer Overflow
5. Input Validation
6. Buffer Underflow
7. Command Injection
8. SQL Injection
9. Cross-Site Scripting (XSS)
10. Cross-Domain Scripting (XDS)
11. XSS
12. CSRF
13. Cookie Jacking
14. CSRF
15. Path Traversal
16. Redirect Loop
17. Buffer Truncation
18. Denial of Service (DoS)
19. SQL Tampering
20. SQL Injection (SQLI) - with and without parameters
21. Denial of Service (DoS)
22. SQL Injection (with or without parameter expansion)
23. SQL Injection (WITH RECURSIVE SELECT ...)
24. SQL Injection (WITH JOINS)
25. SQL Injection (WITH JOINED VALUES)
26. SQL Injection (WITH SUBSTRINGS)
27. SQL Injection (WITH SUBSTRING_INDEX)
28. SQL Injection (WITH GROUP_CONCAT)
29. SQL Injection (WITH CONCATATE)
30. SQL Injection (WITH REGEXP_SUBSTR)
31. SQL",and buffer command concat cookie cross csrf domain dos group index input joined loop overflow parameter parameters path recursive redirect regexp select service site sql substr substring validation values with without
application_security,offensive,9,"1. SQL Injection
2. Cross-Site Scripting (XSS)
3. Buffer Overflow
4. Web Application Firewall (WAF)
5. HTTP GET/POST Tampering
6. Phishing
7. Session Hijacking
8. XSS Injection
9. Cross-site Scripting (XSS)
10. Denial of Service (DoS) attacks
11. SQL Query Execution
12. Directory Traversal 
13. Buffer Overflow attack
14. SQL Injection
15. SQL Injection
16. XSS Injection
17. Cross-site Scripting (XSS)
18. Buffer Overflow 
19. Web Application Firewalls (WAFs)
20. Remote Code Execution (RCE)
21. Buffer Overrun 
22. Server-side Includes (SSI)
23. Web Application Monitoring
24. Web Application Vulnerability Scanning
25. Web Application Attack Detection
26. Web Application Penetration Testing (WAPT)
27. Cross Site Request Forgery (CSRF) 
28. Injection Attack
29. XHR Manipulation 
30. Cross-Origin Resource Sharing (CORS)
31. Web Application Frameworks vulnerabilities",application attack attacks buffer code cors cross csrf directory dos execution get http includes origin overflow post query remote request resource server service session sharing side site sql ssi testing web xhr
application_security,offensive,10,"Injection
Overflow
Fuzzing",overflow
application_security,offensive,11,"Injection,
Overload,
Fuzzing,
SQL Injection,
Buffer Overflow,
Command Execution,
Cross-Site Scripting (XSS),
Cross-Site Request Forgery (CSRF),
SQLyog,
DOS,
Bypass Restriction Mechanisms,
Buffer Overflow Attack,
SQL Injection Attack,
Webshell Development and Exploitation,
Cross-site Scripting (XSS) in PHP, C#, ASP.NET,
Cross-Site Request Forgery (CSRF) attacks in Ruby on Rails/ Sinatra/ Bottle,
SQL Injection in MySQL queries, PostgreSQL queries,
Cross-site scripting (XSS) via JavaScript or jQuery,
SQL injection using prepared statements,
Injection of malicious content into web pages,
Cross-site request forgery (CSRF) vulnerabilities,
Cross-site scripting (XSS) through URL rewriting,
Injection attack with parameters or query strings,
Cross-site request forgery (CSRF) with form data,
SQL injection exploiting vulnerabilities in database queries,
Cross-site request forgery (CSRF) using session hijacking,
Cross-site scripting (XSS) in scripts that do not properly escape inputs,
SQL injection via user input validation,
Cross-site request forgery (CSRF) through JavaScript injection,
SQL injection exploited for sensitive operations,
Cross-site script execution (XSS) in",and asp attack attacks buffer command content cross csrf data database development dos escape execution for form input inputs into javascript jquery mysql net not operations overflow pages parameters php postgresql prepared queries query rails request restriction ruby script scripts session site sql statements strings that through url user using validation via web with
application_security,offensive,12,"1. Injection
2. Fuzzing
3. Exploit
4. Denial-of-Service (DoS)
5. Buffer Overflow
6. SQL Injection
7. Cross-Site Scripting (XSS)
8. Command Execution
9. SQL Tamper
10. Path Traversal
11. Redirect Loop
12. SQL Query Tampering
13. XSS Forgery
14. Denial-of-Service (DoS) Exploitation
15. Brute Force Attack
16. Buffer Overload
17. Data Manipulation
18. File Inclusion
19. SQL Injection Scanning
20. Cross Site Request Forgery (CSRF)
21. SQL Injection Prevention
22. Web Application Security (WAS)
23. CSRF Protection
24. SQL Injection Mitigation
25. SQL Injection Scavenging
26. Buffer Overflow Repair
27. Denial-of-Service (DoS) Recovery
28. Web Application Firewall (WAF)
29. Web Application Vulnerability Scanner (WAVNS)
30. SQL Injection Detection
31. XSS Prevention
32. Cross Site Scripting",application attack buffer command cross csrf data dos execution file force loop overflow path query redirect repair request scanner security service site sql was web
application_security,offensive,13,"1. SQL Injection
2. Buffer Overflow
3. Cross-Site Scripting (XSS)
4. Command Injection
5. Command Execution
6. Denial of Service (DoS)
7. Buffer Overrun
8. Remote Code Execution
9. Injection Fuzzing
10. Web Application Attack
11. Cross-Origin Resource Sharing (CORS)
12. Session Hijacking
13. Man-in-the-Middle (MitM) Attack
14. Phishing
15. Social Engineering
16. SQL Subquery Injection
17. SQL Query Execution Plan Injection
18. XSS in JavaScript
19. Command Injection in PHP
20. SQL Injection in PHP
21. XSS in HTML
22. SQL Injection and PHP
23. SQL Injection vulnerability in PHP
24. Cross Site Request Forgery (CSRF)
25. SQL Injection with Caching
26. SQL Injection with Session Management
27. SQL Injection with Authentication
28. SQL Injection with Cookies
29. SQL Injection with Form Data
30. SQL Injection with User Input
31. SQL Injection in CGI scripts
32. SQL Injection and CGI",and application attack authentication buffer cgi code command cookies cors cross csrf data dos engineering execution form html input javascript man management middle origin overflow php plan query remote request resource scripts service session sharing site social sql the user web with
application_security,offensive,14,"SQL Injection
Buffer Overflow
XSS (Cross-Site Scripting)
Remote Code Execution
CWE-108 - Command Injection
CWE-476 - Cross Site Request for Information
CSRF (Cross-Site Request Forgery)
Broken Pipes
Denial of Service
File Inclusion Attack
Ganglia
Google Chrome
HTTP POST
Indirect Memory Access
Intercepted Inputs
Joins in SQL Query
Lexical Analysis
Maldetection
MITM (Man-in-the-Middle) Attacks
NFS (Network File System)
Open Redirects
Punishing the Hacker (PoHC)
Privilege Escalation
Quartus
Ransomware
SQL Injection
Web Application Scanning
XSS
Zombie Process",access analysis application attack attacks broken buffer chrome code command cross csrf execution file for google http information inputs lexical man memory middle network open overflow pipes post process query remote request service site sql system the web
application_security,offensive,15,"Injection  
Overflow  
Fuzzing  
SQL Injection  
Cross-Site Scripting (XSS)  
Captcha Usage  
SQL Command Injection  
SQLi (Strengthened SQL Injection)  
XSS Injection  
Buffer Overflow  
Remote Code Execution  
Shell Injection  
CSRF (Cross-Site Request Forgery)  
XSS Cross Site Request Forgery  
SQL Command Escalation  
SQL Injection Attack  
Cross-Site Request Forgery  
XSS Cross-Site Request Forgery  
SQL Injection Scanning  
CSRF Cross-Site Request Forgery  
XSS Cross Site Request Forgery Scanning  
SQL Injection Fuzz  
SQL Injection Fuzzer  
XSS Injection Fuzz  
Cross-Site Request Forgery Fuzz  
XSS Injection Fuzz Scan  
SQL Injection Fuzzing  
SQL Injection Fuzzing Scan  
XSS Injection Fuzzing  
Cross-Site Request Forgery Fuzz  
XSS Injection Fuzzing Scan  
SQL Injection Scavenging  
SQL Injection Scavenging Scan  
XSS Injection Scavenging  
Cross-Site Request Forgery Scavenging  
XSS Injection Scavenging Scan  
SQL Injection Fuzzing Scan  
SQL Injection Scavenging Scan  
XSS Injection Fuzz",attack buffer captcha code command cross csrf execution overflow remote request scan shell site sql usage
application_security,offensive,16,"Inject attack 
SQL injection 
Cross-site scripting (XSS) 
Buffer overflows 
SQL SELECT attacks 
Injection attacks in other forms 
Cross-site request forgery (CSRF) 
Broken authentication mechanisms 
SQL injection and Cross-Site Request Forgery (CSRF) combination 
SQL injection in conjunction with SQL Injection attacks 
Injection flaws like buffer overflows and cross-site request forgery (CSRF) 
Cross site requests involving SQL injection or injected SQL queries 
SQL injections combined with CSRF vulnerabilities 
Injection attacks on Web pages 
SQL injection vulnerability combinations involving user input 
Injection vulnerabilities in web applications 
Injection techniques like buffer overflows and SQL injection vulnerabilities 
SQL injection vulnerabilities in web services or APIs 
Injection vulnerabilities and cross-site requests in web content 
Injection attacks in web frameworks such as Django or Flask 
Injections that exploit the use of insecure variables or built-in functions 
SQL injection attacks in HTML form fields 
Injection vulnerabilities in databases, where SQL statements can be embedded into forms 
Injection vulnerabilities in server-side processing code 
SQL injection vulnerabilities in user interface elements like tables, links, etc. 
Injection vulnerabilities in JavaScript libraries used in client-side scripts 
Injection vulnerabilities in third-party libraries like Node.js or Express.js 
SQL injection attacks in database connections 
Cross-site",and apis applications attack attacks authentication broken buffer built can client code combination combined connections content cross csrf database django elements embedded etc express fields form forms functions html inject input interface into javascript libraries like links node other pages party processing queries request requests scripts select server services side site sql statements such tables that the third use used user variables web where with
application_security,offensive,17,"1. Injection
2. BufferOverflow
3. SQLInjection
4. CrossSiteScripting
5. XSS
6. BruteForce
7. RemoteSQLInjection
8. SQLStringManipulation
9. WebShellInjection
10. PathTraversal
11. FileUploadInjection
12. XpathInjection
13. XSSFilter
14. XSSFilterProtection
15. XSSFiltering
16. XSSFilteringStrategy
17. XSSFilteringPattern
18. SQLInjectionPrevention
19. SQLInjectionDetection
20. SSRF
21. Cross-OriginResourceSharing
22. Cross-OriginRequestBlocking
23. CSRF
24. XSSDataExfiltration
25. ContentSecurityPolicyViolation
26. XSSDataExtraction
27. XSSDataReconstruction
28. CSRFPrevention
29. SessionManagement
30. CrossDomainCaching
31. CachingBehavior
32. CrossDomainAccess
33. XSSExploitationAttack
34. XSSExploitationDefense
35. XSSExploitTree
36. CrossDomainCrossOrigin
37. Cross",cross csrf
application_security,offensive,18,"1. Injection 
2. Overflow 
3. Fuzzing 
4. Buffer Overrun 
5. SQL Injection 
6. Cross-Site Scripting (XSS) 
7. Command Execution 
8. Webshell 
9. Denial of Service (DoS) 
10. Path Traversal 
11. SQL Query Injection 
12. XSS Attack 
13. Remote Code Execption (RCE) 
14. Cross Site Scripting Attack (XSSA) 
15. Cross-site Request Forgery (CSRF) 
16. SQL Injection Exploit 
17. Buffer Overflow Exploit 
18. Cross-Site Scripting and Cross-Site Request Forgery (CSRF/SSRF) 
19. Denial-of-Service (DoS) 
20. SQL Injection Scarecrow 
21. Cross-Site Scripting Attack Scarecrow 
22. XSS Scarecrow 
23. Denial-of-Service (DoS) Scarecrow 
24. SQL Injection Scarecrow Exploits 
25. Buffer Overflow Scarecrow Exploits 
26. Cross-Site Scripting and Cross-Site Request Forgery (",and attack buffer code command cross csrf dos execution overflow path query remote request service site sql
application_security,offensive,19,"Injection
Overflow
Fuzzing
BufferOverread
CrossSiteRequest Forgery
CSRF
SQLInjection
XSS
DenialofService
Phishing
SQLyogTest
Webshell
XMLHttpRequestInjection
CrossAppScripting
CrossSiteRequest
RemoteSuspiciousInput
SQLInspection
CrossOriginRequest
WebShellInjection
CrossDomainRequest
Xss
Xsrfforce
SessionFixation
ServerSideStoring
CSRFAttack
CrossdomainRequest
Xss
Xsrfforce
SQLInjection
Xss
Xsrfforce
Cross-siteScripting
Xss
Xsrfforce
XMLHttpRequestInjection
SQL Injection

These terms represent various types of attacks or vulnerabilities that can be used in applications for exploitation.",applications attacks can cross csrf for overflow represent sql terms that these types used
application_security,offensive,20,"SQL Injection
Cross-Site Scripting (XSS)
Brute Force Attack
Buffer Overrun
Reflection Injection
Injection Vulnerability
Remote Code Execution (RCE)
Cross-Site Request Forgery (CSRF)
Buffer Overflow
Input Validation
Session Hijacking
Sql Injection Scavenging
Web Application Firewall (WAF)",application attack buffer code cross csrf execution force input overflow reflection remote request session site sql validation web
application_security,evasive,1,"Encryption  
Hashing  
Tamper detection  
Code obfuscation  
Data segmentation  
Buffer overflow prevention  
XSS protection  
SQL injection avoidance  
Zero-day vulnerabilities  
Ddos/DDoS evasion  
Session fixation  
Token-based authentication  
Web scraping evasion  
Cross-site scripting (XSS) prevention  
Injection prevention  
Payload generation and decoding  
Resource leakage  
Memory corruption  
File manipulation  
Input validation  
Virtual memory optimization  
Denial of Service (DoS) prevention  
Application key management  
Secure cookie storage  
Secure file uploads",and application authentication based buffer code cookie cross data day dos encryption file generation input key management memory overflow payload resource secure service session site sql storage token uploads validation virtual web zero
application_security,evasive,2,"Anti-cheating, bypassing, codebreaking, encryption, exploiting vulnerabilities, evasion techniques, functional obfuscation, hidden functionality, keylogging, malware avoidance, network segmentation, password hashing, padding oracle attacks, port scanning, reverse engineering, sandboxing, steganography, timestamped data, user authentication.",anti attacks authentication data encryption engineering functional hidden network oracle padding password port reverse user
application_security,evasive,3,"1. Cryptography
2. Hashes
3. Hides
4. Encryption
5. Tamper
6. Conceal
7. Blackhole
8. Evade
9. Shield
10. Hide
11. Tunnel
12. Mask
13. Deception
14. Concealment
15. Concealment
16. Hider
17. Shadow
18. Evasion
19. Denial-of-Service
20. Hideable
21. Secret
22. Evasive
23. Stealth
24. Evasion
25. Obfuscated
26. Hide-theirself
27. Evades
28. Conceals
29. Eves
30. Unseen
31. Unobstructed
32. Obstacle-free
33. Concealed
34. Invisible
35. Infiltrate
36. Hidden
37. Concealing
38. Eveside
39. Eavesdropping
40. Stealthy
41. Obfuscate
42. Evasive tactics
43. Conceal and",and encryption free hidden hide invisible mask secret service shadow shield
application_security,evasive,4,"Code obfuscation
Data encryption
Input substitution
Output filtering
Access validation
Virtual machine emulation
Process hiding
Port hopping
Protocol forgery
Packet duplication
Buffer overflow mitigation
Stack protection
Memory segmentation
File injection
Shell code execution
SQL query tampering
Cross-site scripting (XSS) prevention
Web form manipulation
Cookie hijacking
Zero-day vulnerabilities
Application sandboxing
Code reconfiguration
Session fixation
Database row mutation
Proxy hijacking
HTTP request forgery
Cross-protocol communication interception
Authentication token forgery
Cryptography algorithm vulnerabilities
Network sniffing
Payload crafting
Injection attack detection
Anti-bot and anti-phishing measures
Application port scanning
Denial of service (DoS) evasion
Web vulnerability assessment
Reverse DNS poisoning
Phishing attacks simulation
Distributed denial-of-service (DDoS) attack avoidance
Application log analysis
Intrusion detection systems
Secure boot environments
Code signing
TLS handshake manipulation
Zero-trust network architecture
Code obfuscation technique documentation",access algorithm analysis and anti application architecture assessment attack attacks authentication boot bot buffer code communication cookie cross data database day distributed dns documentation dos encryption environments execution file form http input log machine memory mutation network output overflow packet payload port process protocol proxy query request reverse row secure service session shell simulation site sql stack systems tls token trust validation virtual web zero
application_security,evasive,5,"Application obfuscation
Encryption algorithm
SQL injection prevention
Virtual machine isolation
Zero-day vulnerability detection
Reverse shell escape
Buffer overflow defense
File inclusion protection
XSS cross-site scripting attack avoidance
Data masking and sanitization
Web server security measures
Web session management
Content delivery network (CDN) optimization
Web application firewall (WAF)
Cross-site request forgery prevention
Phishing email detection
Web access control system
Server-side scripting (SSS) mitigation
Distributed denial-of-service (DDoS) defense
Caching strategy modification
Application sandbox environment creation",access algorithm and application attack buffer cdn content control creation cross data day defense delivery distributed email encryption environment escape file machine management modification network overflow request reverse sandbox security server service session shell side site sql sss strategy system virtual web zero
application_security,evasive,6,"encrypt, evade, fuzzing, injection, misconfiguration, obfuscate, off-by-one, optimization, path traversal, rainbow table, reverse shell, sandboxing, segmentation fault, timing attack, zero-day vulnerability",attack day encrypt fault off one path reverse shell table timing zero
application_security,evasive,7,"1. Encryption
2. Hashing
3. Randomness
4. Steganography
5. Mimicry
6. Obfuscation
7. Timing Attack
8. Time Bomb
9. Buffer Overflow
10. SQL Injection
11. Cross-Site Scripting (XSS)
12. Remote Code Execution (RCE)
13. Denial of Service (DoS)
14. Command Injection
15. Buffer Overrun Attack
16. SQLi
17. DDoS
18. Man in the Middle (MitM) attack
19. Impersonation
20. Session Hijacking
21. Phishing
22. Replay Attacks
23. DNS poisoning
24. CSRF (Cross-Site Request Forgery)
25. XSS (Cross-Site Scripting)
26. SQL Injection
27. Phishing
28. Session Hijacking
29. Denial of Service (DoS)
30. Cross-Site Scripting (CSRF)
31. Denial of Service (DoS)
32. Denial of Service (DoS)
33. Denial of Service (DoS)",attack attacks bomb buffer code command cross csrf dns dos encryption execution man middle overflow remote request service session site sql the time timing
application_security,evasive,8,"encryption  
hashing  
padding  
offset  
rotation  
tunneling  
man-in-the-middle  
sneakernet  
code_evasion  
payload_decompression  
data_replay  
reverse engineering  
eavesdropping  
backdoor  
sniffing  
spoofing  
mitm_spoofing  
code_injection  
session劫持  
message_filtering  
buffer_overrun  
frame_oob  
packet_jamming  
syn_flood  
udp_syn_

This list includes various methods and techniques used in evading or circumventing network security mechanisms. Each entry provides a brief description of the technique without reproducing or generating any specific code snippets.",and any brief buffer code data description each encryption engineering entry frame includes list man message methods middle network offset packet padding payload reverse rotation security session specific syn the this udp used without
application_security,evasive,9,"1. Concealment
2. Deception
3. Evade detection
4. Hide踪迹
5. Escape detection
6. Flaw identification
7. Hiddenness
8. Mimicry
9. Obfuscate code
10. Puppise
11. Swoop through
12. Trap detection
13. Veil concealment
14. Weasel behavior
15. Wraithlike disguise
16. Xanadu
17. Yonder land
18. Zeppelin of secrecy
19. Xenial
20. Yarn knitted out of yarn
21. Zeddigity
22. Zygomatic
23. Zealously
24. Zen
25. Zephyrize
26. Zenith
27. Zenith
28. Zydeco
29. Zero knowledge
30. Zombified
31. Zoning territory
32. Zonal
33. Zonalization
34. Zone
35. Zonekeeper
36. Zoo
37. Zoosketch
38. Zonovision
3",behavior code escape hide identification knowledge land out through trap zen zero zone
application_security,evasive,10,"Encryption
Decompression
Reverse engineering
Compression
Obfuscation
Eavesdropping
Hiding details
Patching
Tweaking permissions
Exploiting system vulnerabilities",compression details encryption engineering permissions reverse system
application_security,evasive,11,"encrypt\
hashing\ncryptography\
padding\ndiversification\
corruption\ndefault\
malicious code\
misuse\
off-the-shelf\
obfuscation\
phishing\
relocation\
rewriting\
sneaking\
tampering\
verification \
vulnerability assessment",assessment code encrypt off padding shelf the verification
application_security,evasive,12,"Encrypting, obfuscating, encryption, bypassing, reverse engineering, sandboxing, fuzzing, reverse proxying, virtualization, code obfuscation, exploiting vulnerabilities, stealthy deployment, code signing, lateral movement, encrypted communication, secure coding practices, exploit development, malware analysis, secure coding guidelines, vulnerability management, network segmentation, application port mapping",analysis application code coding communication deployment development encrypted encryption engineering management mapping movement network port reverse secure
application_security,evasive,13,"code obfuscation, encryption, padding, retransmission, randomizing, timing attacks, stack filtering, virtual memory manipulation",attacks code encryption memory padding stack timing virtual
application_security,evasive,14,"1. Encryption
2. Hashing
3. Compression
4. Randomization
5. Asymmetric encryption
6. Symmetric encryption
7. Padding
8. Integrity checks
9. Signature generation
10. Certificate validation
11. MAC establishment
12. Message authentication code (MAC)
13. Integrity mechanisms
14. Access control
15. Session management
16. Password hashing
17. Key exchange
18. Key management
19. Public-key infrastructure (PKI)
20. Digital signatures
21. Token-based access controls
22. Token authentication
23. Secure sockets layer (SSL)
24. Secure connection protocols
25. Secure sockets interface (SSI)
26. Secure protocol suite (SPT)
27. SSL/TLS
28. SSH
29. TLS/SSL
30. S-HTTP
31. Zero-Copy Protocol
32. Zero-Knowledge Proof
33. Data homograph
34. Information hiding
35. Data obfuscation
36. Application obfuscation
37. Application obfuscation
38. Code obfuscation
39.",access application authentication based certificate checks code compression connection control controls copy data digital encryption exchange generation http information interface key knowledge layer mac management message padding password proof protocol protocols public secure session signature sockets ssh ssi ssl suite tls token validation zero
application_security,evasive,15,"Encryption 
Hashing 
Hiding 
Isolation 
Jittering 
Juggling 
Jumpers 
Kicking 
Locking 
Modifying 
Patching 
Quarantining 
Running 
Steering 
Swapping 
Tearing 
Unlocking 
Undermining 
Vaulting",encryption locking running
application_security,evasive,16,"Cryptanalysis, decryption, obfuscation, encryption, padding, timing, code-golf, brute-forcing, fuzzing, rainbow table, buffer overflow, stack smashing, heap attack, sandboxing, reverse engineering, virtual memory manipulation, zero day, rainbow tables, exploit, vulnerability scanning, rainbow tables, buffer overflows, malware analysis, backdoor discovery, stealth, side-channel attacks, bypassing defenses",analysis attack attacks buffer channel code day encryption engineering forcing heap memory overflow padding reverse side stack table tables timing virtual zero
application_security,evasive,17,"cryptanalysis
disassembly
exploit
hash
insulation
juggling
kernel
lateral
padding
payload
reverse engineering
shadow
synthetic
tacking",engineering hash kernel padding payload reverse shadow
application_security,evasive,18,"1. Obfuscation
2. Encapsulation
3. Encryption
4. Hashing
5. Bypassing
6. Hiding
7. Encryption
8. Virtualization
9. Proxying
10. Hashing
11. Denial-of-Service
12. Code obfuscation
13. Protocol obfuscation
14. Key encryption
15. Data hiding
16. Hashing methods
17. Virtual machine
18. Function obfuscation
19. Encryption algorithm
20. Packet hijacking
21. Access control mechanisms
22. Message obfuscation
23. Database obfuscation
24. Web page obfuscation
25. Signature
26. Authentication
27. Tokenization
28. Anti-scanning
29. Network scanning evasion
30. Intrusion detection
31. Intrusion prevention
32. Firewall evasion
33. Vulnerability scanning
34. Application vulnerability scanning
35. Code obfuscation in code
36. File system obfuscation
37. Process management strategies
38. Network layer protection
39. Transport layer",access algorithm anti application authentication code control data database encryption file function key layer machine management message methods network packet page process protocol service signature system transport virtual web
application_security,evasive,19,"obfuscation
encryption
padding
compression
reassembly
data fragmentation
hybrid encryption
code optimization
addressable memory exploitation
code obfuscation
instruction set transformation
binary resealability
byte code obfuscation
virtual machine execution
memory protection
context switching evasion
in-memory attack
code assembly
code injection
code obfuscation

These phrases represent different strategies used in application security to protect against various types of attacks that exploit vulnerabilities within the application's codebase or system environment.",against application assembly attack attacks binary byte code compression context data different encryption environment execution instruction machine memory padding protect represent security set system that the these types used virtual within
application_security,evasive,20,"1. Encryption
2. Compression
3. Hashing
4. Randomness
5. Hiding
6. Stamping
7. Protocol modification
8. Code obfuscation
9. Buffer overflow defense
10. Packet hijacking protection
11. Message encryption
12. Key management
13. Data compression
14. Message digest
15. Signature verification
16. Port mapping evasion
17. Remote procedure call (RPC) evasion
18. Network stack manipulation
19. Application framework alteration
20. File system access control
21. Process virtualization
22. Virtual machine escape
23. Database tampering
24. Web application firewall (WAF)
25. API key encryption
26. SSL/TLS protocol modification
27. Content delivery network (CDN) hijack
28. DNS poisoning
29. Cross-site scripting (XSS) bypass
30. SQL injection detection and bypass
31. Web scraping techniques
32. Phishing attack countermeasures
33. Botnet activity detection
34. DDoS mitigation strategies
35. Server-side rendering evasion
36.",access activity and api application attack buffer call cdn code compression content control cross data database defense delivery digest dns encryption escape file framework key machine management mapping message modification network overflow packet port procedure process protocol remote rpc server side signature site sql ssl stack system tls verification virtual web
application_security,destructive,1,"1. Malware
2. Hijacking
3. Unauthorized access
4. Denial of service
5. Phishing attack
6. Brute force
7. Exploit code
8. Buffer overflow
9. SQL injection
10. File inclusion
11. Remote code execution
12. Code execution
13. Cross-site scripting (XSS)
14. SQL tamper
15. SQL injection bypass
16. XSS vulnerability
17. Session hijacking
18. Web scraping
19. Insecure coding practices
20. Cross-site request forgeries (CSRF)
21. Cross-site request forgery (CSRF)
22. Cross-site request forgery (CSRF)
23. SQL injection mitigation techniques
24. Denial of service (DoS) protection
25. SQL injection detection and prevention
26. Phishing attack identification
27. Cross-site request forgery (CSRF) protection
28. Web application vulnerability scanning
29. Cross-site request forgeries (CSRF) prevention
30. SQL injection mitigation methods
31. Denial of Service (DoS) defense
32. Social engineering",access and application attack buffer code coding cross csrf defense dos engineering execution file force identification methods overflow remote request service session site social sql web
application_security,destructive,2,"1. Malware  
2. Hacking  
3. Vulnerability  
4. Exploit  
5. Denial-of-Service  
6. Phishing  
7. SQL Injection  
8. Cross-Site Scripting  
9. Buffer Overflows  
10. Data Encryption  
11. SQL Server  
12. Cross-Domain Scripting  
13. Buffer Underflow  
14. Cross-Origin Request Blocked  
15. Cross-Site Tracking  
16. SQL Injection Attack  
17. Cross-Site Request Forgery  
18. Cross Site Redirect Loop  
19. SQL Injection Risk Assessment  
20. Cross-Country Website Hijack  
21. SQL Injection Scanning  
22. Cross-Country DDoS  
23. SQL Injection Prevention  
24. Cross-Domain XSS Attack  
25. SQL Injection Protection  
26. SQL Injection Prevention Strategy  
27. SQL Injection Mitigation Techniques  
28. SQL Injection Protection Measures  
29. SQL Injection Prevention and Mitigation Strategies  
30. SQL Injection Prevention Techniques  
31. SQL Injection Prevention Measures  
32. SQL Injection Prevention and Mitigation Practices  
33. SQL Injection Mitigation Strategies  
34. SQL",and assessment attack blocked buffer country cross data domain encryption loop origin redirect request risk server service site sql strategy tracking website
application_security,destructive,3,"Exploitation 
Corruption
Crashing",
application_security,destructive,4,"data leakage, denial of service, privilege escalation, remote code execution, SQL injection, cross-site scripting (XSS), command execution, token theft, session hijacking, file inclusion, buffer overflow, rootkit, malware spreading, keylogging, password cracking, brute force attacks, privilege bypass, zero-day vulnerabilities, credential compromise, webshell deployment, malware spread, application control, data tampering, unauthorized access, sandboxing issues, encryption breaches.",access application attacks buffer code command control credential cross data day deployment encryption execution file force issues overflow password remote service session site spread sql token zero
application_security,destructive,5,"exploitation, leakage, hijacking, denial-of-service, data盗窃, privilege escalation, unauthorized access, compromise, tampering, bypassing authentication, network attack, code injection, rootkit, memory manipulation, process hijack, malware infection, session hijacking, encryption breach, identity theft",access attack authentication code data encryption identity memory network process service session
application_security,destructive,6,"* data leakage
* denial of service (DoS)
* access control violation
* malware infiltration
* privilege escalation
* SQL injection
* cross-site scripting (XSS)
* command execution
* buffer overflow
* unauthorized file manipulation
* brute force attack
* phishing attacks
* password cracking
* session hijacking
* remote code execution (RCE)
* web scraping
* social engineering
* IP address forgery
* malware removal
* rootkits
* software vulnerability exploitation",access address attack attacks buffer code command control cross data dos engineering execution file force overflow password remote service session site social software sql web
application_security,destructive,7,"Malware infiltration, data leakage, denial of service, privilege escalation, rootkit, privilege fixation, SQL injection, cross-site scripting (XSS), buffer overflow, command injection, CSRF, zero-day exploit, code injection, denial of service, remote code execution, malware attack, social engineering, phishing, brute force, network sniffing, unauthorized access, keyloggers, zero-day vulnerabilities, insider threats, malware removal, malware removal tools, endpoint protection, sandbox, cloud-based services, cloud-based services, containerization, virtualization, automation, encryption, strong authentication, secure communication, weak password policies, zero-day vulnerability scanning, penetration testing, malware analysis, application monitoring, incident response, application patching, application updates, regular software updates, secure coding practices, secure programming style, access control mechanisms, identity management systems, multi-factor authentication (MFA), biometric authentication, user behavior analytics, risk assessment, threat intelligence, zero-day exploits",access analysis analytics application assessment attack authentication automation based behavior buffer cloud code coding command communication control cross csrf data day encryption endpoint engineering execution factor force identity incident intelligence management multi network overflow password programming regular remote response risk sandbox secure service services site social software sql strong style systems testing threat tools updates user weak zero
application_security,destructive,8,"Malware, denial of service (DoS), privilege escalation, SQL injection, buffer overflow, brute force, zero-day exploit, command injection, cross-site scripting (XSS), session hijacking, replay attacks, man-in-the-middle (MITM) attack, code execution, phishing, data exfiltration, keylog capture, unauthorized access, ransomware, zero-knowledge authentication, port scanning, social engineering, malware detection, software vulnerability assessment, and more",access and assessment attack attacks authentication buffer capture code command cross data day dos engineering execution force knowledge man middle more overflow port service session site social software sql the zero
application_security,destructive,9,"malware,
injection,
tampering,
hijacking,
privilege escalation,
unauthorized access,
cookie theft,
sql injection,
frame grabbing,
password cracking,
cross-site scripting (XSS),
code execution,
disinformation manipulation,
man-in-the-middle (MITM),
honeypot exploitation,
script kiddie,
rootkit,
web scraping,
backdoor hacking,
phishing attacks,
botnet,
data exfiltration,
ransomware deployment,
cyberbullying,
internet of things (IoT) data theft,
software vulnerability scanning,
zero-day exploits,
malicious website development,
phishing scams,
data masking,
botnet malware,
social engineering,
distributed denial-of-service (DDoS)
exploits,
online grooming,
identity theft,
computer virus outbreak,
network intrusion detection systems (NIDS),",access attacks code computer cookie cross data day deployment development distributed engineering execution frame identity internet iot man middle network online password script service site social software sql systems the things web website zero
application_security,destructive,10,"1. Corruption
2. Exploitation
3. Crash
4. Hacking
5. Forgery
6. Denial of Service
7. Rootkit
8. Phishing
9. Privilege Escalation
10. Denial of Service
11. Backdoor
12. Brute Force
13. Infiltrate
14. Privilege Disclosure
15. Man-in-the-Middle
16. Denial of Service
17. Keylogger
18. Malware Injection
19. SQL Injection
20. Password Cracking
21. DDoS Attack
22. File Inclusion
23. Social Engineering
24. Network Sniffing
25. Buffer Overflow
26. Code Execution
27. Remote Code Execution
28. Cross-Site Scripting
29. Information Disclosure
30. Denial of Service (More than 50 words in total)
31. Web Application Framework
32. Command & Control
33. Credential Theft
34. Man-in-The-Loop Testing
35. Cross-site Scripting (XSS)
36. Cross-Site Request Forg",application attack buffer code command control credential cross engineering execution file force forg framework information loop man middle more network overflow password remote request service site social sql testing than the total web words
application_security,destructive,11,"malware,
data theft,
injection,
rootkits,
ransomware,
buffer overflow,
man-in-the-middle,
SQL injection,
phishing,
vulnerability scanning,
network sniffing,
cyberbullying,
code injection,
backdoor,
zero-day vulnerability,
password reuse,
cross-site scripting (XSS),
DDoS attacks,
session hijacking",attacks buffer code cross data day man middle network overflow password reuse session site sql the zero
application_security,destructive,12,"1. Attack
2. Bypass
3. Corruption
4. Exploit
5. Malware
6. Navigating
7. Outdated
8. Plundering
9. Privilege Escalation
10. Scanning
11. Stealing
12. Threading
13. Virus
14. Vulnerability
15. Webpage
16. Windows
17. XSS
18. YOLO
19. Abusing
20. Backdoor
21. Bootlegging
22. Caching
23. Compromise
24. Contamination
25. Controlling
26. Denial of Service
27. Delayed
28. Disable
29. Exploiting
30. Flash
31. Hack
32. Hacking
33. IDLE
34. Insanity
35. Infiltrate
36. Imitate
37. Jukebox
38. Kernel
39. KISS
40. Linter
41. Malicious
42. Modify
43. Misuse
44.",attack disable flash hack idle kernel modify service windows
application_security,destructive,13,"malware, hacking, denial-of-service, privilege escalation, rootkits, brute-force attacks, SQL injection, buffer overflow, cross-site scripting, privilege deprivation, session hijacking, man-in-the-middle, DNS poisoning, zero-day exploits, social engineering, command and control, encryption weaknesses, software vulnerabilities, malware infection, unauthorized access, data leaks, port scanning, sandboxing, weak password policies, insecure API usage, file inclusion, remote code execution, malicious code distribution, network segmentation, data exfiltration, insider threats, denial of service, ransomware, phishing campaigns, trojan horses, botnet attack, web scraping.",access and api attack attacks buffer code command control cross data day distribution dns encryption engineering execution file force man middle network overflow password port remote service session site social software sql the usage weak web zero
application_security,destructive,14,"corruption  
exploitation  
crashing  
denial-of-service  
data-leaks  
malware-infesting  
scripting-injection  
misconfiguring  
suspicious-activity  
unauthorized-access  
man-in-the-middle  
eavesdropping  
intrusion  
rootkits  
SQL-injections  
cross-site-scripting",access activity cross data man middle service site sql the
application_security,destructive,15,"Corruption, Exploitation, Crash, Denial of Service, Data Manipulation, Man-in-the-Middle, SQL Injection, XSS Attack, Cross-Site Scripting, Command Execution, SQL Command Injection, Buffer Overrun, Buffer Underflow, SQL Query Injection, XMLRPC Attack, Denial of Service (DDoS), Cross-Site Request Forgery, SQLi (SQL注入), Server-side Scripting, Browser Hijacking, File Inclusion, Phishing, Buffer Overflow, Remote Code Execution, SQL Injection in PHP, Cross-Site Request Forgery, Directory Traversal, SQLi in Python, OWASP Top 10.",attack browser buffer code command cross data directory execution file man middle overflow php python query remote request server service side site sql the top
application_security,destructive,16,"- Corruption
- Exploitation
- Crashing",
application_security,destructive,17,"Malicious code, brute force, denial of service, privilege escalation, sandboxing, zero day exploits, side-channel attacks, social engineering, stealth, data exfiltration, persistence, denial of ingress, session hijacking, fileless attacks, buffer overflows, injection vulnerabilities, command execution, SQL injection, misconfiguration, improper logging, cross-site scripting (XSS), cross-site request forgery (CSRF), remote code execution, credential theft, man-in-the-middle attacks, encryption weaknesses, weak passwords, poor key management, inadequate logging, accidental disclosure.",attacks buffer channel code command credential cross csrf data day encryption engineering execution force key logging man management middle remote request service session side site social sql the weak zero
application_security,destructive,18,"1. Corruption  
2. Exploitation  
3. Crashing  
4. Unauthorized Access  
5. Data Leakage  
6. Denial of Service (DoS)  
7. Privilege Escalation  
8. Information Gathering  
9. Buffer Overflow  
10. SQL Injection  
11. XSS Attack  
12. Remote Code Execution (RCE)  
13. Brute Force Attacks  
14. Man-In-The-Middle (MITM)  
15. Phishing  
16. Tokenization  
17. Cross-Site Scripting (XSS)  
18. SQL Injection with Uninitialized Variables  
19. Denial of Service with Multiple Connections  
20. SQL Injection with User-Created Variables  
21. CSRF (Cross-Site Request Forgery)  
22. Phishing Email  
23. MITM Attack  
24. Social Engineering  
25. Command-Executer Vulnerability  
26. XSS with Predefined Parameters  
27. Session Hijacking  
28. Directory Traversal  
29. SQL Injection in Configuration Files  
30. SQL Injection when Using Prepared Statements  
31. SQL Injection with Incorrect Parameter Values  
32. SQL",access attack attacks buffer code command configuration connections created cross csrf data directory dos email engineering execution files force incorrect information man middle multiple overflow parameter parameters prepared remote request service session site social sql statements the user using values variables when with
application_security,destructive,19,"malware,
tampering,
injection,
unauthorized access,
data breach,
privilege escalation,
code execution,
system compromise,
hacking,
physical damage,
information loss,",access code damage data execution information loss physical system
application_security,destructive,20,"Malware
Injection
Abuse
Crash
Hijacking
Tampering
Denial-of-Service
Data Exfiltration
Code Execution
Command Injection
XSS Exploit",code command data execution service
identity_access,defensive,1,"Authorization Server, Audit, Biometric, Capable, Credentials, Digital Certificate, Encryption, Identity, IP Verification, Keyring, Password Hashing, Public-Key, Role, Secure Tokenization, SSO, Username/Password, User Permissions, Virtual Machine, Whitelisting",audit authorization certificate credentials digital encryption identity key machine password permissions public role secure server user username verification virtual
identity_access,defensive,2,"Authorization, audit, biometrics, encryption, fingerprinting, hybrid authentication, tokenization, user authentication, role-based access control, multi-factor authentication, passwordless login, secure data exchange.",access audit authentication authorization based control data encryption exchange factor login multi role secure user
identity_access,defensive,3,"Authentication
Authorization
Audit
Bans
Censorship
Discrimination
Encryption
Fingerprinting
Hashing
Ikei
JabberWit
Key
Logging
Macros
Mimicry
Monitors
Notices
Offensive
Password
Proxy
Quota
Reputation
Regenesis
Scanning
Surveillance
Tamper
Tracking
Trusted
Virus
XSS",audit authentication authorization encryption key logging macros password proxy quota tracking trusted
identity_access,defensive,4,"authentication 
authorization 
audit 
ban 
deny 
discriminate 
disable 
disseminate 
deny 
deny 
deny 
fear 
grants 
grant 
inhibit 
invalidates 
restricts 
revoke 
secure 
unprotected",audit authentication authorization ban deny disable grant secure
identity_access,defensive,5,"Password protection  
Multi-factor authentication  
Session management  
Anonymous authentication  
Role-based access control  
Token-based access  
Database encryption  
Account lockout  
Deny access  
Require password confirmation  
Audit logs for user activities",access account activities anonymous audit authentication based confirmation control database deny encryption factor for logs management multi password require role session token user
identity_access,defensive,6,"Access Control, Basic Authentication, Audit Trail, Authorization Framework, Identity Verification, Key Management, Lockout Policies, Multifactor Authentication, Non-interactive Login, Passwordless Authentification, Role-Based Access Control, SAML (Simple Object Access Markup Language), Token Management, Two-Factor Authentication, User Authentication, Volume Accessing, X509 Certificate Based Authentication",access audit authentication authorization based basic certificate control factor framework identity interactive key language login management markup non object role simple token trail two user verification volume
identity_access,defensive,7,"Authorization Server  
Auditing Log  
Authentication Service  
Biometric Verification  
Data Masking  
Identity Federation  
Key Management System  
Multi-Factor Authentication  
Network Security Device  
Policy Automation Platform  
Real-Time Authorization Machine  
Security Information and Event Management (SIEM)  
Tokenization  
User Authentication Framework  
Visibility Layer  
X-Rays",and authentication authorization automation data device event factor framework identity information key layer log machine management multi network platform policy rays real security server service system time user verification visibility
identity_access,defensive,8,"Access control 
Audit logs 
Authentication 
Authorization 
Discretionary access 
Data encryption 
Event logging 
Fingerprints 
HMAC 
Input validation 
Malware detection 
Non-repudiation 
Password policies 
Permission management 
Role-based access 
Session persistence 
Token-based authentication 
User information management 
X.509 certificates",access audit authentication authorization based control data encryption event information input logging logs management non password permission role session token user validation
identity_access,defensive,9,"Authorization, authentication, audit, backup, cloud, encryption, firewalls, identity, intrusion detection, key management, logging, malware protection, network, password, policy, recovery, record retention, secret, security group, scalability, tokenization, vulnerability management, web application firewall (WAF), x509.",application audit authentication authorization backup cloud encryption group identity key logging management network password policy record secret security web
identity_access,defensive,10,"Authentication
Authorization
Audit
Backup
Cache
Check
Cleanup
Disk
Disk Usage
Disable
Encrypt
Fork
Group
Ignore
Keep
Lock
Map
Merge
Mount
Open
Partition
Remove
Scan
Set
Start
Tag
Update
Utilization
Verify",audit authentication authorization backup cache check cleanup disable disk encrypt fork group ignore keep lock map merge mount open partition remove scan set start tag update usage verify
identity_access,defensive,11,"access control
authentication
audit trail
ban login attempt
blacklisting users
credential sharing
denial of service protection
identity fingerprinting
inactive account detection
malware removal
noisy network environment protection
permission management
restricted admin rights
rootkit detection
suspicious login behavior identification
time-based password (TBP) access controls",access account admin attempt audit authentication ban based behavior control controls credential environment identification identity inactive login management network password permission restricted rights service sharing time trail users
identity_access,defensive,12,"1. Access Control
2. Identity Management
3. Role-Based Access Control
4. Permission-Based Access Control
5. Access Validation
6. Audit Logs
7. Role Authentication
8. User Password Protection
9. Two-Factor Authentication (2FA)
10. Token-Based Authentication
11. OAuth2 Authorization Server
12. Kerberos Authentication
13. SAML Authentication
14. JWT Authentication
15. OpenID Connect
16. OAuth Flow
17. PKCE Verification
18. OAuth Client-Redirect Strategy
19. OAuth OATH Protocol
20. OAuth Grant Type Parameters
21. OAuth Authorization Code Flow
22. OAuth Authorization Endpoint
23. OAuth Refresh Token Endpoint
24. OAuth Token Endpoint
25. OAuth Implicit Grant Flow
26. OAuth Redirect URI
27. OAuth Callback URL
28. OAuth Header
29. OAuth Content-Type
30. OAuth HTTP Method (GET/POST)
31. OAuth HTTP Status Codes (e.g., 200 OK, 401 Unauthorized)
32. OAuth Basic Authorization
33. OAuth Digest Authentication
34. OAuth Username and Password Authentication",access and audit authentication authorization based basic callback client code codes connect content control digest endpoint factor flow get grant header http identity implicit jwt logs management method oauth openid parameters password permission post protocol redirect refresh role server status strategy token two type uri url user username validation verification
identity_access,defensive,13,"authentication
authorization
discrimination
encryption
feedback
forging
hardware
injection
knapping
logins
malware
misconfiguration
offering
penetration
plagiarism
proxy
recording
remediation
replay
secrecy
side-channel
synchronization
testing
tracking
unauthorized
visiting",authentication authorization channel encryption feedback hardware proxy side testing tracking
identity_access,defensive,14,"- Access control
- Attribute-based access control (ABAC)
- Audit trails
- Boundary controls
- Fingerprinting
- Gated access management
- Hierarchical authentication
- Intrusion detection
- Key management
- Login names
- Multi-factor authentication
- Network segmentation
- Password policies
- Role-based access control (RBAC)",access attribute audit authentication based boundary control controls factor key login management multi names network password role
identity_access,defensive,15,"Authorization  
Access Control  
Audit  
Challenge  
Change Password  
Discretionary Access Control  
Dynamic Credentials  
Encryption  
Exposure Control  
Federated Identity  
GSR Authentication  
Hybrid Authentication  
Keychain Key  
Log In  
Multi-Factor Authentication (MFA)  
Non-Interactive Secure Interaction  
One Time Passwords  
Passwordless Login  
Proof of Residency  
Prompt Prompt  
Privilege Escalation  
Quota  
Resource Allocation  
Security Audit  
SAML  
Token-Based Authentication  
User Account Management  
Virtual Private Network (VPN)  
WOSS Authentication  
Zero-Knowledge Authentication",access account allocation audit authentication authorization based challenge change control credentials dynamic encryption factor identity interaction interactive key knowledge log login management multi network non one password private prompt proof quota resource secure security time token user virtual vpn zero
identity_access,defensive,16,"Authentication
Authorization
Audit
Biometric
Device tokenization
Fingerprint scanning
Hardware tokens
Multi-factor authentication
Pin-based authentication
QR code authentication
Secure tokens
Two-factor authentication
X.509 certificates
ZAP (Zero Attack Protection)
XYZ (Xenial) security
ZC (Zero Click-through)

These examples cover common aspects of identity protection that contribute to ensuring secure access management across different platforms and systems.",access and attack audit authentication authorization based click code common cover device different examples factor hardware identity management multi pin secure security systems that these through tokens two xyz zap zero
identity_access,defensive,17,"authentication
authorization
identity
access
trust
policy
encryption
audit
review
privilege
permission
role
signature
token
validation
dispute
penetration
inspection
security
scanning
intrusion
defense
detection
patching",access audit authentication authorization defense encryption identity inspection permission policy review role security signature token trust validation
identity_access,defensive,18,"Authorization
Audit
Biometric
Cryptography
Discretion
Federated
Global
Identity
Keyed
Login
Nonce
Obfuscation
Password
Quota
Redundancy
Session
Verification",audit authorization global identity login nonce password quota session verification
identity_access,defensive,19,"Authentication 
Authorization 
Audit 
Biometrics 
Constraints 
Logins 
Metrics 
Penalization 
Redirection 
Role-Based Access Control (RBAC) 
Secure Session Management (SSM) 
Token Bearer Authentication (TBA) 
User Privilege Management (UPM) 
Zero Trust Architecture",access architecture audit authentication authorization based bearer constraints control management metrics role secure session token trust user zero
identity_access,defensive,20,"Authorization,
Audit,
Authentication,
DiscretionaryAccess,
EventMonitoring,
IdentityVerification,
LoginProtection,
MultiFactorAuthenticity,
NetworkSecurity,
PermissionControl,
RoleManagement,
SessionTracking,
Tokenization,
UserManagement,
VerifyCredentials",audit authentication authorization
identity_access,educational,1,"identity management  
access control  
role assignment  
permissions management  
credentialing  
user authentication  
role assignment guidelines  
access control principles  
role-based access  
user identity management  
authorization  
policy enforcement  
access rights determination  
authentication and authorization systems",access and assignment authentication authorization based control identity management permissions policy rights role systems user
identity_access,educational,2,"Authentication 
Authorization
Compliance
Data Access
Delegation
Encryption
Expiry 
Granting Permissions
Identifying Users
Logging In
Metadata
Password Management
Role-Based Access Control (RBAC)
Token-based Authentication",access authentication authorization based control data encryption expiry logging management metadata password permissions role token users
identity_access,educational,3,"Access control systems  
Authentication mechanisms  
Database management  
Identity verification protocols  
Key-based authentication  
Password policies  
Role-based access controls  
Scrubbing processes  
Token-based authentication  
User information management  
Web application security  
X.509 certificate certificates",access application authentication based certificate control controls database identity information key management password protocols role security systems token user verification web
identity_access,educational,4,"1. Credentials
2. Permissions
3. Roles
4. Usernames
5. Passwords
6. Tokens
7. Privileges
8. Sessions
9. Profiles
10. Access Codes
11. Certificates
12. Tokens
13. Keys
14. Keyspace
15. Clusters
16. Accounts
17. Accounts
18. Connections
19. Accounts
20. Groups
21. Teams
22. Workspaces
23. Devices
24. Applications
25. Jobs
26. Projects
27. Libraries
28. Documents
29. Files
30. Collections
31. Spaces
32. Databases
33. Tables
34. Columns
35. Views
36. Queries
37. Queries
38. Reports
39. Dashboards
40. Dashboards
41. Templates
42. Forms
43. Forms
44. Forms
45. Scripts
46. Scripts
47. Scripts
48. Scripts
49. Scripts
50. Scripts
51. Scripts",access accounts applications clusters codes collections columns connections credentials devices documents files forms groups jobs keys libraries permissions profiles projects queries reports roles scripts sessions spaces tables teams templates tokens views
identity_access,educational,5,"1. Credentials
2. Permissions
3. Roles
4. Usernames
5. Passwords
6. Tokens
7. Accounts
8. Keys
9. Tokens
10. Certificates
11. Access Codes
12. Tokens
13. Cards
14. Logs
15. Tickets
16. Tokens
17. Secrets
18. Tokens
19. Tokens
20. Tokens
21. Tokens
22. Tokens
23. Tokens
24. Tokens
25. Tokens
26. Tokens
27. Tokens
28. Tokens
29. Tokens
30. Tokens
31. Tokens
32. Tokens
33. Tokens
34. Tokens
35. Tokens
36. Tokens
37. Tokens
38. Tokens
39. Tokens
40. Tokens
41. Tokens
42. Tokens
43. Tokens
44. Tokens
45. Tokens
46. Tokens
47. Tokens
48. Tokens
49. Tokens
50. Tokens
51. Tokens
52. Tokens
5",access accounts cards codes credentials keys logs permissions roles tickets tokens
identity_access,educational,6,"- Identifiable Information
- User Accounts
- Roles and Permissions
- Access Control
- Credentials Management
- Identity Verification
- Role-Based Access Control (RBAC)
- Authorization Tokens
- Digital Signatures
- Access Policies
- Credential Sharing
- Role Assignment
- Access Grants
- Identity Mappings",access accounts and assignment authorization based control credential credentials digital identity information management permissions role roles sharing tokens user verification
identity_access,educational,7,"identity management  
access control  
role-based access  
credentials management  
permissions management  
security profiles  
identity certificates  
identity verification  
authenticity checks  
identity federation  
identity lifecycle management  
identity tracking  
identity audit  
identity policies  
identity management practices",access audit based checks control credentials identity management permissions profiles role security tracking verification
identity_access,educational,8,"identity management, authentication, authorization, user accounts, permissions management, role-based access control, access tokens, role assignment, multi-factor authentication, access policies, security tokens, security credentials, permission levels, identity verification, digital identity, biometric authentication, digital signatures, digital rights management.",access accounts assignment authentication authorization based control credentials digital factor identity levels management multi permission permissions rights role security tokens user verification
identity_access,educational,9,"Authentication, authorization, accounts, sessions, tokens, user profiles, permission management, role assignment, authentication and authorization, account creation, account management, session management, token management, user profile management, permission control, role definition, security measures, identity verification, access control, system administration, user authentication, data protection, security protocols.",access account accounts administration and assignment authentication authorization control creation data definition identity management permission profile profiles protocols role security session sessions system token tokens user verification
identity_access,educational,10,"- Credentials
- Access Tokens
- Permissions
- Roles
- SSO Tokens
- User Profiles
- Roles and Privileges
- Password Policies
- User Namespaces
- Security Groups
- Audit Trails
- Access Control Lists (ACLs)
- Account Management
- User Profiles
- Permission Sets
- Identity Models
- Role Assignment Guidelines
- Access Control Rules
- Account Management Practices
- User Role Definitions
- Multi-Factor Authentication
- User Profile Data
- Access Control Frameworks
- Role-Based Access Control
- User Profiles Management
- Permission Assignment
- Access Control Strategies",access account and assignment audit authentication based control credentials data definitions factor groups identity lists management models multi password permission permissions profile profiles role roles rules security sets tokens user
identity_access,educational,11,"Authentication 
Authorization
Backup 
Cryptography 
Decryption 
Device Authentication 
Encryption 
Fingerprint Identification 
Gestures 
Key Generation 
Locking 
Metadata Management 
Password Management 
Public Key Infrastructure (PKI) 
Ransomware Prevention 
Smartcard Technology 
Ticket-Based Access Control 
User Identity and Access Management (UIDAM)
Web Application Security 
Zero Trust Architecture",access and application architecture authentication authorization backup based control device encryption generation identification identity key locking management metadata password public security technology ticket trust user web zero
identity_access,educational,12,"Authentication, Authorization, Access Control, Role Management, Credentials, Permissions, Policies, Profiles, Enrolments, Assignments, Licenses, Roles, Grants, Certificates, Keys, Tokens, Scopes",access assignments authentication authorization control credentials keys licenses management permissions profiles role roles scopes tokens
identity_access,educational,13,"1. Username
2. Password
3. Token
4. Access token
5. Certificate
6. Key
7. License key
8. Token
9. API key
10. Access token
11. Session token
12. Password protection
13. Token-based authentication
14. Role-based access control
15. Identity management
16. User login
17. Authentication process
18. Security tokens
19. Credentials management
20. Multi-factor authentication (MFA)
21. Access control lists (ACLs)
22. Token verification
23. Role assignment
24. Identity federation
25. Token authorization
26. Password hashing
27. Role-based security
28. User management
29. OAuth tokens
30. JWT
31. Bearer tokens
32. OAuth2
33. Access token flow
34. Authorization codes
35. RBAC
36. SAML
37. OpenID Connect
38. Single Sign-On (SSO)
39. Single-Sign-Up
40. Single-Factor authentication (SFA)
41. Two-Factor",access api assignment authentication authorization based bearer certificate codes connect control credentials factor flow identity jwt key license lists login management multi oauth openid password process role security session sign single token tokens two user username verification
identity_access,educational,14,"1. Credentials
2. Permissions
3. Roles
4. Account Management
5. User Profiles
6. Identity Verification
7. Authentication Methods
8. Access Control
9. Role-Based Access
10. Identity Policies
11. Identity Scanning
12. Identity Management
13. Access Controls
14. User Authentication
15. Role-Based Security
16. Access Control Lists
17. Multi-factor Authentication
18. Authorization Frameworks
19. Permission-Based Systems
20. Identity Management Tools
21. Role-Based Access Control
22. Identity Governance
23. Access Control Models
24. Permission-Based System
25. Role-Based Access Framework
26. Identity Access Control
27. Permission Management
28. Role-Based Accessing
29. Identity Protection
30. Role-Based Security
31. Access Control Principles
32. Permission-Based Design
33. Role-Based Trust
34. Identity Governance Strategies
35. Permission-Based Practices
36. Role-Based Access
37. Identity Management Techniques
38. Access Control Models
39. Role-Based Security Measures
40. Access Control Policies",access account authentication authorization based control controls credentials design factor framework identity lists management methods models multi permission permissions profiles role roles security system systems tools trust user verification
identity_access,educational,15,"- Credential Management
- Permission Assignment
- Role Assignment
- Identity Verification
- Access Control
- User Authentication
- Password Protection
- Token Authentication
- Access Authorization
- Resource Granting
- Identity Theft Prevention
- Data Privacy Preservation
- Multi-Factor Authentication
- Digital Forensics
- Security Awareness Training",access assignment authentication authorization control credential data digital factor identity management multi password permission privacy resource role security token training user verification
identity_access,educational,16,"Account management, authorization, authentication, database access, device enrollment, environment setup, key management, user management, virtual machine access, API keys, system settings, data encryption, user roles, project management, access control, role-based access, security policy implementation, secure login, digital certificate issuance, identity verification, user federation, multi-factor authentication, password recovery, data protection, access management, compliance checks, user profile management, identity governance, privacy regulations",access account api authentication authorization based certificate checks control data database device digital encryption environment factor identity implementation key keys login machine management multi password policy privacy profile project role roles secure security settings setup system user verification virtual
identity_access,educational,17,"IdentityManagement 
AccessControl 
Permissions 
RoleBasedAccess 
OAuth2 
SAML 
OpenIDConnect 
RelyingParty 
DeviceAuthentication 
AnonymousAccess 
WebApplication 
ServiceAccount 
AzureAD 
GoogleIdP 
Microsoft365 
AmazonCognito 
DigitalOceanID 
AWSIAM 
OpenShiftSecurity 
AzureActiveDirectory 
GoogleAppAuth 
GitHubGrant 
MicrosoftGraph 
DigitalOceanAPI 
AWSKeyStone 
OpenStackFirewall 
MicrosoftActiveDirectory 
DigitalOceanUser 
CloudTrail 
FirebaseJWT 
KubernetesAccess 
GoogleGcm 
DigitalOceanOAuth 
AWSAccessKeyId 
MicrosoftAppInsight 
DigitalOceanPassword 
AWSCredentials 
GitLabToken 
AzureSubscription 
DigitalOceanApp 
GitlabAuthorization 
AWSAccessSecrets 
OSSBucketPolicy 
FirebaseToken 
OSSBucketPolicySecret 
AzureKeyVault 
GoogleDriveToken 
CloudinaryUploadToken 
OSSObjectPolicy 
AWSIoTKey 
DockerRegistry 
FirebaseUploadToken 
DigitalOceanVolume 
DigitalOceanImage 
GoogleStorageFS 
OSSObjectMetadata 
DigitalOceanIAM 
GoogleAuthConfig 
Microsoft365Tenant 
DigitalOceanUserTokens 
GoogleDatastoreToken 
GitLabAccessToken 
OSSObjectDownloadPolicy 
FirebaseSignature 
OSS",oauth oss permissions tenant
identity_access,educational,18,"1. Credentials
2. Permissions
3. Roles
4. Usernames
5. Passwords
6. SensitiveData
7. AccessTokens
8. Identifiers
9. AuthorizationCodes
10. SecurityKeys
11. IdentityTokens
12. RoleClaims
13. RolePermissions
14. AuthenticationTokens
15. TokenScope
16. AccessRoles
17. IdentityTokens
18. PermissionScope
19. TokenGrantTypes
20. TokenLifetime
21. TokenIssuanceTime
22. TokenExpiresIn
23. TokenValidityPeriod
24. AuthenticationCodeChallenge
25. TokenResponseType
26. TokenRequestType
27. OAuth2AccessToken
28. JWTToken
29. ClaimsJsonWebToken
30. OAuth2AuthorizationCode
31. OAuth2PasswordAuthenticationToken
32. BearerToken
33. BasicAuthTicket
34. KerberosTicket
35. X.509Certificate
36. PKCS#7EncryptedBlob
37. RSASSA-PKCS1Signature
38. ECDSAKeyPair
39",certificate credentials oauth permissions roles signature
identity_access,educational,19,"1. User ID
2. Password
3. Access Key
4. Token
5. Role ID
6. Certificate
7. License
8. Account
9. Token
10. Role
11. Credential
12. Privilege
13. Service
14. Identity
15. Access Key
16. Certificate
17. Token
18. Role
19. Permission
20. Session
21. Identity
22. Access
23. Token
24. Role ID
25. Credentials
26. Privilege
27. Role
28. Certificate
29. Token
30. Role ID
31. Credential
32. Access Key
33. Identity
34. Permission
35. Session
36. Role
37. Token
38. Role
39. Token
40. Identity
41. Access Key
42. Token
43. Role
44. Certificate
45. Token
46. Role
47. Token
48. Role
49. Token
50. Identity
51. Access Key",access account certificate credential credentials identity key license password permission role service session token user
identity_access,educational,20,"1. Credentials
2. Permissions
3. Roles
4. Privacy
5. Security
6. Access Control
7. Authentication
8. Authorization
9. Account Management
10. Identity Verification
11. User Management
12. Role-Based Access
13. User Permissions
14. Multi-Factor Authentication
15. Digital Identity
16. Online Profiles
17. Mobile Devices
18. Two-Factor Authentication
19. Identity Verification Services
20. User Roles
21. Password Managers
22. Access Control Lists
23. User Access Levels
24. Digital Identities
25. Multi-User Systems
26. Identity Protection
27. User Access Management
28. Digital Signatures
29. Digital Signature Services
30. Identity Authorities
31. User Information Management
32. Digital Identity Management
33. Authentication Services
34. Digital Privilege
35. Identity Governance
36. User Authentication
37. Digital Identity Verification
38. Digital Identity Tokens
39. Identity Governance Frameworks
40. Digital Identity Standards
41. Identity Verification Processes
42.",access account authentication authorization based control credentials devices digital factor identity information levels lists management mobile multi online password permissions privacy profiles role roles security services signature systems tokens two user verification
identity_access,offensive,1,"Cracking,
Phishing,
Harvesting,
Spoofing,
Logging,
SQL Injection,
XSS,
Web Scraping,
Code Execution,
SQL Command Injection,
XSS Scripting,
Cross-Site Scripting,
Injection,
Obfuscation,
Buffer Overflows,
SQL Injection Prevention,
Cross-Site Request Forgery,
Remote Code Execution,
XSS Exploitation,
Denial of Service (DoS),
Information Disclosure (ID),",buffer code command cross dos execution information logging remote request service site sql web
identity_access,offensive,2,"1. Crack  
2. Phishing  
3. Harvest  
4. Social engineering  
5. Password guessing  
6. Brute force  
7. Denial of service  
8. DDoS attack  
9. Exploit development  
10. Man-in-the-middle  
11. Account creation  
12. Data theft  
13. Identity verification  
14. Malware deployment  
15. Web scraping  
16. Social proof exploitation  
17. Phishing defense  
18. Email spoofing  
19. Access control management  
20. Credential stuffing  
21. Tokenization  
22. Keylogger detection  
23. Weak password protection  
24. Browser hijacking  
25. User impersonation  
26. Token generation  
27. Credential sharing  
28. Identity recovery  
29. Web page manipulation  
30. Remote code execution  
31. Botnet activity  
32. Network intrusion  
33. Unauthorized access  
34. Password brute force  
35. Social media tracking  
36. Password recovery  
37. Web server compromise  
38. Credential storage analysis  
39. Account takeover  
40. Credential sharing attacks  
41",access account activity analysis attack attacks browser code control creation credential data defense deployment development email engineering execution force generation identity man management media middle network page password proof remote server service sharing social storage the token tracking user verification weak web
identity_access,offensive,3,"cracking, brute-forcing, password-cracking, dictionary attacks, rainbow tables, pre-image attacks, rainbow tables, hash table attacks, brute force, dictionary searches, rainbow table techniques, keylogger exploitation, brute-force password recovery, password guessing, password cracking, brute force methods, password theft, dictionary word search, rainbow table hacking, brute force attack, password cracking tools, rainbow table attacks, dictionary method usage, rainbow tables for password recovery, password cracking methods, rainbow tables and brute force attacks, dictionary searching, rainbow table vulnerabilities, dictionary-word search, rainbow table bypasses, password hashing techniques, brute force password attacks, dictionary searches, rainbow tables for password recovery, dictionary word searches, rainbow table exploits, rainbow tables in password cracking, dictionary word searches for passwords, rainbow table for password recovery, rainbow table vulnerabilities for passwords, dictionary searches on passwords, rainbow tables for password recovery, dictionary word search vulnerability, rainbow tables and brute force attacks on passwords, dictionary searches on password recovery, rainbow table vulnerability for passwords, rainbow tables and dictionary searches, dictionary searching passwords, rainbow tables for password recovery, dictionary word searches for password recovery, rainbow tables for password recovery vulnerabilities, dictionary searches on password recovery, rainbow table vulnerability for passwords on keyboards, rainbow tables and dictionary searches on passwords,",and attack attacks dictionary for force forcing hash image method methods password pre search table tables tools usage word
identity_access,offensive,4,"Cracking,
Phishing,
Harvesting",
identity_access,offensive,5,"cracking_passwords,_hacking_infrastructure,_phishing_emails,_spoofing_network,_capturing_credentials,_stealthy_methods,_man_in_the_middle_attack,_access_management_systems,_spear-phishing,_contest_for_secret_accessory_codes,_bypassing_password_protection,_man-in-the-loop_attack,_stealth_techniques,_vulnerability_analysis,_insider_attack_detection,_man_in_the_middle_attack_defenses,_stealthy_password_plagiarism,_hypothetical_attack_simulation,_manually_obtain_credentials,_insider_ransomware,_man-in-the-middle_attack_encryption,_sensitive_information_scanners,_man-in-the-loop_attacks,_vulnerable_domains,_man-in-the-middle_attack_scanning,_etc.",access analysis attack attacks codes contest credentials domains emails encryption etc for information loop man management methods middle network password secret simulation systems the
identity_access,offensive,6,"* Deception
* Exploitation
* Forgery
* Hijacking
* Hacking
* Intercepting
* Intrusion
* Kidnapping
* Malware
* Manipulation
* Obfuscation
* Pnement
* Profiling
* Repudiation
* Ransoming
* Sneak Attack
* Sniffing
* Spying
* Thievery",attack
identity_access,offensive,7,"cracking passwords 
phishing attacks
email scams  
man-in-the-middle attacks  
brute force password cracking  
SQL injection attacks  
web application vulnerabilities  
code injection attacks  
backdoor exploitation  
social engineering  
sqlmap  
xss injection  
cross-site scripting (XSS)  
script kiddie exploitation  
cookie theft  
token theft  
ransomware attacks  
malware download  
hacking techniques

Note: The above list is not exhaustive and there may be other types of offensive activities that I am unaware of. Additionally, the use of ""offensive"" in this context often implies malicious or harmful activities.",above activities and application attacks code context cookie cross download email engineering force list man may middle not note often other password script site social sql that the there this token types use web
identity_access,offensive,8,"1. Phishing
2. Cracking
3. Harvesting
4. Malware
5. DDoS
6. Exploitation
7. SQL Injection
8. Cross-site Scripting (XSS)
9. Rootkit
10. Metasploit
11. Brute Force
12. Social Engineering
13. Botnet
14. Denial of Service
15. Web Application Firewall (WAF)
16. Phishing Scams
17. Data Breaches
18. Credential Theft
19. Account Theft
20. Identity Theft
21. Password Attacks
22. Social Media Monitoring
23. Email Spam
24. Adware
25. Trojan Horse
26. Spyware
27. Phishing Email
28. Social Engineering Manipulations
29. Malware Infections
30. Web Scraping
31. DDoS Traffic
32. Web Vulnerabilities
33. Botnets
34. Ransomware
35. Identity Theft Scams
36. Cyberbullying
37. Phishing Scam Emails
38. Online Retailers
3",account application attacks credential cross data email emails engineering force horse identity media online password service site social spam sql traffic web
identity_access,offensive,9,"cracking, harvesting, impersonation, stealing, tricking, bypassing, guessing, brute-forcing, exploiting, hacking, spoofing, social engineering, trickery, credential stuffing, penetration testing, brute force, privilege escalation, unauthorized access, reverse engineering, man-in-the-middle, tampering, eavesdropping, bypassing network defenses",access credential engineering force forcing man middle network reverse social testing the
identity_access,offensive,10,"1. Cracking Passwords
2. Phishing Identity Theft
3. Harvesting User Information
4. Stealing Personal Data
5. Exploiting Social Engineering
6. Deceiving Users
7. Mimicry of Genuine Security Protocols
8. Spear Phishing Scams
9. Insider Threats
10. Denial of Service Attacks
11. Brute Force Attacks
12. Spear Hunting for Business Opportunities
13. Malware Eavesdropping
14. Man-in-the-Middle Attacks
15. Social Engineering Tactics
16. Credential Theft
17. Phishers and Patches
18. Rogue Software
19. Malicious Website Manipulation
20. Ransomware Infections
21. Identity Theft Risk Reduction
22. Malformed Emails
23. Phishing Email Submissions
24. Exploitation Kits
25. Cybercriminal Activities
26. Online Scam Prevention Tips
27. Unauthorized Access Monitoring
28. Cyber Espionage
29. Social Media Manipulation
30. Denial of Service Surges
31. Phishing Scams in Social Media
32. Exploit",access activities and attacks business credential data email emails engineering for force identity information kits man media middle online patches personal protocols risk security service social software the tips user users website
identity_access,offensive,11,"crackingpasswords  
phishingids  
huntingidcodes  
retrievingidentities  
stealingcredentials  
misusingcredentials  
exploitingidentity   
malwareinfrastructure  
bruteforcingids  
targetingidentity  
collectingidentifications  
trackingidentityinformation  
understandingidencreases",
identity_access,offensive,12,"cracking, exploiting, stealing, hacking, tampering, bypassing, brute-force, rainbow-tables, dictionary attacks, malware scanning, social engineering, impersonation, reverse engineering, keylogging, eavesdropping, penetration testing, network exploitation, man-in-the-middle, data exfiltration, unauthorized access, privilege escalation, brute-forcing, credential stuffing, SQL injection, password recovery, session hijacking, web scraping, code execution, data manipulation, ransomware attacks, tokenization, encryption breaking, virtual machine exploitation",access attacks breaking code credential data dictionary encryption engineering execution force forcing machine man middle network password reverse session social sql tables testing the virtual web
identity_access,offensive,13,"Cracking, MITM, Phishing, Harvesting, Password Theft, Data Exfiltration, DDoS Attack, SQL Injection, Brute Force, SQL Query Execution, XSS Attack, Cross-Site Scripting, Exploit Development, Password Bypass, Denial of Service (DOS), SQL Injection, Metamask Wallet, Webhook Abuse, XSS, CSRF, Man-in-the-Middle Attacks, Cross-site Scripting (XSS), Phishing, SQL Injection, XDR Manipulation, Web Application Firewall (WAF) Vulnerabilities",application attack attacks cross csrf data development dos execution force man middle password query service site sql the wallet web
identity_access,offensive,14,"1. Crack 
2. Phishing 
3. Harvesting 
4. Exploit 
5. Dictionary attack 
6. Brute force 
7. Man-in-the-middle 
8. SQL Injection 
9. XSS Cross-Site Scripting 
10. Webshell development 
11. SQL injection attack 
12. Cross-site scripting (XSS) 
13. SQL injection exploit 
14. XSS exploitation 
15. Password brute-force attacks 
16. User input validation 
17. SQL Injection vulnerability 
18. XSS cross-site scripting (XSS) 
19. SQL injection bypass 
20. Session fixation exploit 
21. Cross-site scripting (Cross-Site Scripting, XSS) 
22. SQL injection attack in PHP 
23. SQL injection attack on MySQL databases 
24. SQL injection for malicious purposes 
25. Web application scanning and exploitation 
26. Denial of Service (DoS) 
27. SQL injection attack using Python libraries 
28. SQL injection with Python scripts 
29. Web scraping vulnerabilities 
30. Web application firewall (WAF) 
31. SQL injection in JavaScript 
32. Web application obfuscation",and application attack attacks cross development dictionary dos for force input javascript libraries man middle mysql password php python scripts service session site sql the user using validation web with
identity_access,offensive,15,"cracking_passwords
phishing_scams
hacking_organizations
malware_infections
data_harvesting
access_control_bugs
network_tampering
token_generation
sql_injection
root_access_stealing
password_cracking
misconfigured_services
web_application_fraud
account_creation_phishing
cyber_campbell
social工程攻陷",access account application bugs control creation data generation network organizations password root services social sql token web
identity_access,offensive,16,"Cracking,
Phishing,
Harvesting,
Exploitation,
Hacking,
Teaming,
Tweaks,
Spoofing,
Ransomware,
SQL Injection,
XSS,
Brute Force,
Password Cracking,
Injection Attacks,
SQL Injection Attack,
Cross-Site Scripting (XSS),
SQL Query Injection,
Bypass Authentication,
Obfuscated Passwords,
Weak Password Strategies,
Man-in-the-Middle (MitM)攻击,
Cryptography,
Hashing,
Key Derivation,
Encryption,
HashedPasswords,
Multi-Factor Authentication (MFA),
Tokenization,
SQL-Connectors,
Distributed Denial of Service (DDoS)攻击,
PayloadInjection,
Webshell,
Shellcode,
ShellCommand,
BufferOverflows,
Remote Code Execution (RCE),
BufferUnderflow,
HeapOverflow,
StackOverflow,
Remote code execution exploits,
ZeroDay Exploits,
Denial-of-Service attacks,
SQL Injection in SQL queries,
Cross-Site Scripting with PHP,
SQL Server Injection,
Cross-site Request Forgery,
CSRF,
Cross-Site Request Forgery (CSRF),
Cross-Site Scripting in JavaScript,
Cross-site Request Forgery (CSRF),
Cross-Site Request Forgery in Web Forms,
Cross-Site Scripting in JavaScript",attack attacks authentication code cross csrf distributed encryption execution factor force forms javascript key man middle multi password php queries query remote request server service site sql stackoverflow the weak web with
identity_access,offensive,17,"Cracking passwords, email forgery, SQL injection, privilege escalation, brute force attacks, session hijacking, man-in-the-middle attacks, credential stuffing, password reuse, malware exploitation, brute force attacks in shell commands, unauthorized access through USB drives, social engineering, exploiting vulnerabilities, exploiting weak passwords, cross-site scripting (XSS), SQL injection, command injection, privilege escalation, web application vulnerabilities.",access application attacks command commands credential cross email engineering force man middle password reuse session shell site social sql the through usb weak web
identity_access,offensive,18,"cracking,
phishing,
harvesting,
man-in-the-middle,
cookiejacking,
passwordjacking,
tokenjacking,
sneakypage,
codejacking,
scriptjacking,
malwarejacking,
botjacking,
backdoorjacking,
rootkitjacking,
shelljacking,
webhookjacking,
sessionjacking,
socialjacking,
adblockjacking,
datajacking,
baitjacking,
injectionjacking,
browserextensionjacking,
webextensionjacking,
scripting,
exploitjacking,
networkjacking,
osjacking,
rootfilesystemjacking,
osujiacking,
dnsjacking,
sql injection,
sqlmap,
cross-site-javascript,
xssjacking,
framejacking,
framebomb,
javascriptjacking,
ajaxjacking,
phpjacking,
javascriptjacking,
javaapijacking,
cryptography,
keylogging,
hijacking,
unauthorizedaccess,
reverseengineering,
forensics,
cybersecurityalert,
cybersecurityreport,
securityresearch,
securityanalysis,
attackplan,
hackernoon,
wiredcouncil,
whitehatblog,
securesearchblog,
riskmanagementconsulting,
cybersecurityconference,
securitynewsweekly,
threatpost,
cy",cross javascript man middle site sql the
identity_access,offensive,19,"Cracking,
Phishing,
Harvesting,
Spoofing,
Exploiting,
Brute-force,
Malware,
XSS,
SQL Injection,
Cross-site scripting (XSS),
Brute-force attacks,
Tampering with files,
Eavesdropping,
SQL injection,
Webshell creation,
Denial of service (DoS),
SQL injection attacks,
Cross-site scripting (XSS) attacks,
Web application exploitation,
Social engineering,
Botnet infections,
Distributed denial of service (DDoS) attacks,
Web application security vulnerabilities,
Password cracking,
Phish traps,
Bypassing authentication,
Man-in-the-middle attack,
Hacking techniques,
Web scraping,
Data theft,
SQL injection in web applications,
Cross-site request forgery (CSRF) attacks,
Broken SSH keys,
Unauthorized file modifications,
Code injection in scripts,
Man-in-the-middle interception,
SQL query injection,
Sensitive information exposure,",application applications attack attacks authentication broken code creation cross csrf data distributed dos engineering file files force information keys man middle password query request scripts security service site social sql ssh the web with
identity_access,offensive,20,"Cracking passwords
Phishing attacks
Harvesting user information
Exploitation vulnerabilities
Denial of service attacks
Hacking into corporate networks
Social engineering attacks
Data breaches and theft
Identity theft
Brute force attacks
Malware infections
Ransomware attacks
SQL injection attacks",and attacks data engineering force identity information into service social sql user
identity_access,evasive,1,"hijack,
escalate,
hijack,
impersonate,
hijack,
hijack,
hijack,
hijack,
impersonate,
escalate,
hijack,
hijack,
hypothetical,
manipulate,
hypothetical,
hypothetical,
manipulate,
hijack,
manipulate,
hypothetical,
manipulate,
hypothetical,
hijack,
hypothetical,
hypothetical,
manipulate,
hijack,
hypothetical,
hypothetical,
manipulate,
hypothetical,
hypothetical,
manipulate",
identity_access,evasive,2,"identity theft 
credential stuffing 
password recovery  
vulnerability assessment  
social engineering techniques  
honeypot approach  
network钓鱼策略  
suspicious activity reports  
intrusion detection and prevention  
mitmproxy proxying methods  
cyber warfare tactics  
denial of service attacks  
botnet-based attacks  

Please note that this is just a small subset and the list can be expanded based on additional research into how identities are compromised and secured against such threats.",activity additional against and are assessment attacks based can credential engineering expanded how identity into just list methods network note password please reports research secured service small social subset such that the this
identity_access,evasive,3,"impersonate, escalation, hijack, disconnection, bypass authentication, rebrand, bypass policies, lateral movement, network tunneling, reverse engineering, tokenization, bypass login attempts, exploit vulnerabilities, evade intrusion, encryption hacking, covert channel, phishing simulation, data transfer manipulation, digital forgery, malware avoidance, stealthy entry, ransomware evasion, domain rotation, user interface alteration, keylogger detection, zero-day exploit, brute force bypass, social engineering techniques",authentication channel data day digital domain encryption engineering entry force interface login movement network reverse rotation simulation social transfer user zero
identity_access,evasive,4,"impersonation  
escalation  
hijacking",
identity_access,evasive,5,"impersonate
escalation
hijack",
identity_access,evasive,6,"Infiltration, bypassing, diversion, forgery, trickery, evasion, misdirection, manipulation, obfuscation, ploying, sabotage, sidetracking, subversion, triangulation, deception, disinformation, distraction, disguise, evasion, foreshadowing, camouflage, deception, infiltration, subversion, disruption, disinformation, distraction, obfuscation, camouflage, subversion, disinformation, diversion, camouflage, deception",
identity_access,evasive,7,"- Escalation
- Hijacking
- Impersonation
- Misplacement
- Overstep
- Outraged
- Prowl
- Reverse
- Siphon
- Thwart
- Tranquility
- Vantage
- Vigilance
- Weighing",reverse
identity_access,evasive,8,"Identity Theft
Hijack
Escalate
Impersonation
Deny
Prevent
Revert
Steal
Blindly
Conceal
Steal
Ignore
Stumble
Trample
Flee
Pretend
Breach
Obfuscate
Rally
Reveal
Sham
Flawed
Deceptive
Silence
Subtly
Vow
Abduct
Exfiltrate
Determine
Divide
Exhibit
Evoke",deny divide identity ignore prevent reveal
identity_access,evasive,9,"imprest, bypass, stealth, misplacement, diversion, disinformation, infiltration, obfuscation, circumvention, bypassing, decoy, disguise, evasion, encryption, dismount, deception, diversion, obfuscation, bypassing, bypass, escape, exploitation, circumvent, concealment, evasion, deception, disguise, evasion, obfuscation, bypass, avoidance",encryption escape
identity_access,evasive,10,"identity deception  
infiltration  
suspicion  
denial of service  
hijack  
impersonate  
scam  
spoof  
persistence  
stealthiness",identity service
identity_access,evasive,11,"impersonating, escalation, hijackage, bypassing, obfuscation, spoofing, stealth, tunneling, reverse engineering, brute force, brute force evasion, tokenization, encryption escape, keylogging, disassociation, tampering, decoy, decryption bypass",encryption engineering escape force reverse
identity_access,evasive,12,"Infiltration, evasion, forgery, bypassing, obfuscation, spoofing, bypassing, denial-of-service, brute-forcing, unauthorized access, denial of service, phishing, bypassing credentials, covert entry, bypassing security measures, impersonating authority, encryption breakage, unauthorized sharing, bypassing authentication protocols",access authentication authority credentials encryption entry forcing protocols security service sharing
identity_access,evasive,13,"1. Evasion
2. Escalation
3. Hijack
4. Impersonate
5. Lapse
6. Mislead
7. Manipulate
8. Obfuscate
9. Paraphrase
10. Reveal
11. Subversion
12. Tunneling
13. Traps
14. Vandalism
15. X-ray
16. Zoom-in
17. Yank
18. Zap
19. Zoom-out
20. Exploit
21. Deception
22. Deformation
23. Degaussing
24. Disguise
25. Disappear
26. Disrupt
27. Diversion
28. Divide
29. Distraction
30. Disruption
31. Distract
32. Detour
33. Detoxify
34. Dissolve
35. Diversify
36. Dupe
37. Duplicate
38. Duplication
39. Duplicate
40. Duplicate
41. Double
42. Duplication
43. Duplicate
44",divide double duplicate out ray reveal zap zoom
identity_access,evasive,14,"impersonation-evade 
escalation-evade 
hijack-evade 
reencryption-evade 
spoofing-evade 
malware-evade 
network-attack-evade 
misconfiguration-evade 
vulnerability-exploit-evade 
social-engineering-evade 
identity-corruption-evade 
data-injection-evade 
unauthorized-access-evade 
phishing-evade 
social-media-trust-breach-evade 
code-factoring-evade 
botnet-takedown-evade 
cross-site-scripting-evade 
web-application-timing-evade 
session-hijacking-evade 
password-cracking-evade 
sql-injection-evade 
man-in-the-middle-evade 
cyber-security-battle-evade 
disinformation-evade 
technical-skill-maintenance-evade  
identity-management-evade",access application attack battle code cross data engineering identity maintenance man management media middle network password security session site skill social sql technical the timing trust web
identity_access,evasive,15,"hijack,
escalate,
imposture",
identity_access,evasive,16,"impostor-truth-teller,
escalation-escapism,
hijack-puppet-raiser,
intercept-interpreter,
evasion-evading,
concealance-cloner,
deception-decoy,
misinformation-monger,
denial-of-service-flood-
sabotage-slap,
backdoor-backdoorbreaker,
disassociation-disconnection,
rejection-rebel,
tunnel-bypass-tunneler,
shadow-shadowier,
virus-vaccine-demon-
ransom-ransom-warner,
detection-detector-broker,
cyber-warfare-bombardment,
phishing-phishster,
malware-massive-magnet,
worm-worm-spider,
spy-and-knight-spy-hunter,
attack-attacker-invasion,
proxy-proxy-proxifier,
fingerprint-pattern-caller,
identity-idiot-gamer,
password-password-cracker,
root-root-root-kid,
token-token-seeker,
cipher-cipher-crypturer,
hash-hash-sharer,
salt-salt-keeper,
key-key-keykeeper.
140
256
379",and attack broker caller cipher detector hash hunter identity interpreter keeper key kid password pattern proxy root salt service shadow spy token truth worm
identity_access,evasive,17,"identity theft interception  
hijack an account  
sneak an admin's password  
manipulate user session  
spoof login credentials  
reverse shell  
social engineering penetration  
eavesdropping on network activity  
manipulating system logs  
cyber warfare infiltration  
managing unauthorized user privileges  
data exfiltration via email  
stealthy remote login  
password guessing attacks  
exploitative phishing techniques  
code injection attacks  
tampering with system files  
malicious software deployment  
network sniffing techniques  
unauthorized code execution",account activity admin attacks code credentials data deployment email engineering execution files identity login logs network password remote reverse session shell social software system user via with
identity_access,evasive,18,"Impersonation
Escalation
Hijacking",
identity_access,evasive,19,"identity recovery 
credential manipulation 
privilege escalation  
malicious impersonation 
hijacking  
revelation of secrets 
network intrusion 
code theft  
suspicious login attempts 
tokenization  
phishing attack  
misuse of credentials 
unauthorized network access",access attack code credential credentials identity login network
identity_access,evasive,20,"imposterization,
escalation,
hijack,
reneging,
surrendering,
deception,
covertness,
transcription,
eavesdropping,
reversal,
denial,
subversion,
hypocrisy,
doublethink,
fudging,
mockery,
fabrication,
disguise,
altercation.
These are all examples of methods used for evading identity access and maintaining control over the system without being detected or prevented from using it.",access all and are being control examples for from identity methods over system the these used using without
identity_access,destructive,1,"1. Steal  
2. Exploit  
3. Hacking  
4. Decrypt  
5. Decrypt Key  
6. Reveal  
7. Access  
8. Takeover  
9. Exfiltrate  
10. Privilege Escalation  
11. Data Theft  
12. Identity Theft  
13. Account Exploitation  
14. Password Cracking  
15. Confidentiality Breach  
16. Unauthorized Access  
17. Unauthorized Invasions  
18. Unauthorized Use  
19. Privilege Misuse  
20. Data Manipulation  
21. Data Disruption  
22. Identity Theft  
23. Credential Theft  
24. Unauthorized Penetration  
25. Unauthorized Data Extraction  
26. Unsecured System  
27. Security Breaches  
28. Data Exfiltration  
29. Malicious Software  
30. Unauthorized Device Control  
31. Privileged Access  
32. Information Leakage  
33. Insider Threat  
34. Unauthorized Storage  
35. Unauthorized Deployment  
36. Data Forensics  
37. Cyber Espionage  
38. Network Intrusion  
39. Cyber Crime  
40. Unauthorized Communication",access account communication control credential crime data decrypt deployment device identity information key network password privileged reveal security software storage system threat use
identity_access,destructive,2,"data breach, unauthorized access, theft, ransom, decryption, phishing, hacking, impersonate, rootkit, denial of service, malware, password reset, keylogger, trojan horse, brute force, encryption, sandbox, unauthorized use, privilege escalation, session hijacking",access data encryption force horse password reset sandbox service session use
identity_access,destructive,3,"1. Identity Theft
2. Account Recovery
3. Password Cracking
4. Brute Force Attacks
5. Man-in-the-Middle Attacks
6. Session Hijacking
7. Data Eavesdropping
8. Social Engineering
9. Phishing Scams
10. Keylogger Intrusion
11. Browser Tampering
12. Malware Injection
13. Denial of Service (DoS)
14. Code Injection
15. SQL Injection
16. CSRF Cross-Site Request Forgery
17. XSS Cross-Site Scripting
18. Phishing Email Attack
19. Exploit Development
20. Webshell Insertion
21. DDoS Deterrence
22. DDoS Botnet
23. Malicious Website Content
24. File Inclusion Attack
25. Code Execution
26. Trojan Horse Disposal
27. Phishing Campaigns
28. Phishing Email Scam
29. Web Scraping and Data Manipulation
30. Distributed Denial of Service (DDoS) Attack
31. Phishing Campaigns
32. SQL Injection Scarecrow",account and attack attacks browser code content cross csrf data development distributed dos email engineering execution file force horse identity man middle password request service session site social sql the web website
identity_access,destructive,4,"compromise,
takeover,
exfiltration,
hacking,
steal,
snoop,
breakin',
sniffing,
brute-force,
dictionary,
man-in-the-middle,
rootkit,
rooter,
shellshock,
sql-injection,
web-based,
phishing,
misconfiguration,
malware,
backdoors,
passwordless,
login,
cross-site-scripting,
cookiejacking,
session hijacking,
code_injection,
data_fraud,
malvertising,
spoofing,
ransomware,
rootkit,
backdoor,
password_,
login_",based code cross data dictionary force login man middle password session site sql the web
identity_access,destructive,5,"- Compromise
- Takeover
- Exfiltrate",
identity_access,destructive,6,"1. Compromise 
2. Takeover 
3. Exfiltrate 
4. Deception 
5. Hacking 
6. Exploit 
7. Denial of Service (DoS) 
8. Phishing 
9. Social Engineering 
10. Brute Force 
11. Eavesdropping 
12. Intercepting Data 
13. Unauthorized Access 
14. Password Theft 
15. Account Recovery 
16. Account Hijacking 
17. Network Privilege Escalation 
18. Data Manipulation 
19. Malware Infection 
20. Command and Control Communication 
21. Information Gathering 
22. Rootkits 
23. Phishing Attempts 
24. Bypass Authentication Protocols 
25. User Unawareness 
26. Unauthorized File Sharing 
27. Remote Code Execution 
28. Social Engineering in Software 
29. Man-in-the-Middle Attack 
30. Tokenization 
31. Identity Theft 
32. Credential Harvesting 
33. Social Engineering in Web Applications 
34. SQL Injection 
35. Denial of Service for Web Servers 
36. Man-in-The-Loop Security Testing",access account and applications attack authentication code command communication control credential data dos engineering execution file for force identity information loop man middle network password protocols remote security servers service sharing social software sql testing the user web
identity_access,destructive,7,"compromise, takeover, exfiltration, infiltration, hijacking, theft, espionage, disassociation, forgery, fraud, deception, penetration, sabotage, bypassing, hacking, encryption, decryption, disruption, sabotage, breach, tampering, denial, denial of service, interception, destruction",encryption service
identity_access,destructive,8,"compromise
takeover
exfiltration
revelation
disinformation
confusion
fraud
hijacking
spoofing
undermine
misuse
corruption
tampering
sabotage",
identity_access,destructive,9,"Compromise, takeover, exfiltrate, hijack, impersonate, steal, trace, hack, encrypt, decrypt, exploit, breach, intercept, delete, rewrite, erase, overwrite, wipe, hide, leak, corrupt, modify, alter, bypass, disable",alter decrypt delete disable encrypt erase hack hide modify overwrite rewrite trace wipe
identity_access,destructive,10,"Compromise,
Exfiltration,
Hacking,
Insider Threats,
Man-in-the-Middle Attacks,
Phishing Scams,
Robots Harvesting Data,
SQL Injection,
Cross-Site Scripting (XSS),
Cross-Site Request Forgery (CSRF),
SQL Query Injection,
Web Application Firewall (WAF) Exploits,
Data Breach Scanning Services,
Data Theft,
Malware Infection,
Password Weaknesses,
Social Engineering Attacks,
Unauthorized Access,
Ransomware,
Spear Phishing,
Taxes and Fraudulent Accounts,
Third-Party Identity Hacks,
Tracking Devices in Public Areas,
Utility Injections, etc.",access accounts and application areas attacks cross csrf data devices engineering etc identity man middle party password public query request robots services site social sql the third tracking utility web
identity_access,destructive,11,"Compromise,
Takeover,
Exfiltrate,
Hijacking,
Deceptive,
Stealth,
Reveal,
Bypass,
Intrusion,
Obfuscate,
Reverse,
Proxy,
Anonymize,
Shadows,
Exploit,
Tamper,
Spoof,
Eavesdropping,
Imitate,
Masking,
Steganography",proxy reveal reverse
identity_access,destructive,12,"compromise
takeover
exfiltration",
identity_access,destructive,13,"compromise,
exfiltration,
infiltration,
takeover,
subversion,
disassociation,
deception,
encryption,
tampering,
dissemination,
misuse,
privilege,
evasion,
corruption,
disclosure,
hacking,
sabotage,
confusion,
confession,
corruption,
concealment,
undermine,
interception,
covertly,
subvert,
disrupt,
fraudulent,
malware,
cybercrime",encryption
identity_access,destructive,14,"password recovery
data leakage
code theft
token forgery
shell逃脱
token hijacking
root compromise
account hijack
command injection
untrusted data
backdoor installation
privilege escalation
data exfiltration
sentry leak
man-in-the-middle attack
insecure boot sector
memory leaks
system vulnerabilities",account attack boot code command data installation man memory middle password root sector shell system the token
identity_access,destructive,15,"compromise 
takeover 
exfiltration",
identity_access,destructive,16,"identity theft,
malware infection,
hacking,
data theft,
phishing attack,
botnet invasion,
cyber espionage,
man-in-the-middle,
rootkit exploitation,
ransomware distribution,
siphonage,
disinformation campaign,
code injection,
backdoor insertion,
network intrusion,
sophisticated malware,
eavesdropping,
injection of data,
phishing scams,
web scraping,
cyber warfare,
spyware installation,
unauthorized access,
proxy hijacking,
confidential file manipulation,
malicious software spread,
social engineering attacks,
password brute-force,
command and control,
vulnerable systems exposure,
manipulative communication,
denial-of-service (DoS) attacks,
misconfigurations,
malvertising,
spying on networks,
man-made disruptions,",access and attack attacks campaign code command communication control data distribution dos engineering file force identity installation made man middle network password proxy service social software spread systems the web
identity_access,destructive,17,"compromise,
takeover,
exfiltration,
deception,
foreseeability,
exploitation,
extraction,
interception,
identification,
malware,
discovery,
evasion,
fraud,
spoofing,
recognition,
sophisticated,
understanding,
unpredictability,
violation,
encryption,
plaintext,
hacking,
cybercrime,
data breach,
network intrusion.
These are just some examples of possible terms that could be considered as being part of the list of destructive related to identity access. There may be many more such terms that I have not yet explored.",access are being could data encryption examples have identification identity just list many may more network not part plaintext possible related some such terms that the there these yet
identity_access,destructive,18,"Compromise
Takeover
Exfiltration",
identity_access,destructive,19,"compromise 
takeover 
exfiltration",
identity_access,destructive,20,"compromise
takeover
exfiltrate
revel
hijack
intercept
steal
degrade
misuse
corruption
infiltrate
abuse
confide
eavesdrop
disclose
exploit",
cryptography,defensive,1,"1. Encryption
2. Hashing
3. Signing
4. Decryption
5. HMAC
6. RSA
7. ECC
8. DES
9. AES
10. Triple DES
11. RC4
12. Blowfish
13. SHA-256
14. MD5
15. DSA
16. XOR
17. RSA-OAEP
18. AES-GCM
19. ECDH
20. ECC-PKE
21. CCA-SM2
22. ECIES
23. PKCS#1 v2.0
24. MAC
25. Diffie-Hellman
26. EAX
27. RSA-SHA256
28. Elgamal
29. ECDH-SHA
30. Elliptic Curve Digital Signature Algorithm (ECDSA)
31. ECI-Cryptographic Identity Certificate (ECCIC)
32. LUKS
33. BIP39
34. ChaCha20
35. AES-GCM-XCBC
36. GOST
37. R",aes algorithm cca certificate curve des digital dsa eax ecc eci encryption identity mac rsa sha signature xor
cryptography,defensive,2,"AES, DES, RSA, ECC, RC4, SHA, HMAC, AESGCM, AEAD, AES256_GCM, AES128_CAMELLIA, ChaCha20, RC6, Rijndael, S/MIME, Hashing, Symmetric_key, Cryptographic_systems, Hash_table, Key_exchange, Authentication_algorithm, Encryption, Digital_signature, Asymmetric_key, Message_digest, Ciphers, Hash, Symmetry.",aes algorithm authentication des digest digital ecc encryption exchange hash key message mime rsa sha signature systems table
cryptography,defensive,3,"cipher suite  
hash algorithm  
key agreement  
nonce generation  
pairing-based cryptography  
symmetric key exchange  
differential cryptanalysis  
affine cipher  
RSA encryption  
Hashed DES  
stream ciphers  
ciphertext 
block cipher  
tripleDES  
Pentadecraphic Hashing  
MD5  
ECC  
SHA-1  
DSS  
Blowfish  
3des  
IDEA  
AES  
RC4  
ECDH  
ElGamal  
RSA  

Please note that ""encryption"" is typically considered part of the same category as ""cryptography"".",aes algorithm based block category cipher des ecc encryption exchange generation hash hashed idea key nonce note part please rsa same sha stream suite that the typically
cryptography,defensive,4,"As an AI language model, I can provide you with suggestions for unique cryptographic-related topics or phrases that could be useful in discussions about cryptography:
1. Symmetric Encryption
2. Public-Key Cryptography
3. Hash Functions
4. Message Authentication Codes (MACs)
5. Digital Signatures
6. Key Exchange Protocols
7. Elliptic Curve Cryptography (ECC)
8. Non-Privacy Amplification Techniques
9. Quantum Cryptography
10. Zero-Knowledge Proof
11. Secure Hashing
12. Block Ciphers
13. ChaCha20
14. Salsa20
15. PBKDF2
16. ECDH
17. AES-GCM
18. ECC-Based Cryptography
19. Multi-Factor Authentications
20. Elliptic Curve Diffie-Hellman (ECDH)
21. Elliptic Curve Key Agreement Protocol (ECKP)
22. Hybrid Encryption and Key Agreement
23. RSA Puzzles
24. El Gamal Algorithm
25. Asymmetric Keys
26. RSA-SHA256
27. Diffie-Hellman Protocol",about aes algorithm and authentication based block can codes could curve digital ecc encryption exchange factor for functions hash key keys knowledge language message model multi non privacy proof protocol protocols provide public related rsa secure sha that topics unique with you zero
cryptography,defensive,5,"Cryptanalysis, hash functions, digital signatures, key agreement, secure multiparty computation, zero-knowledge proofs, elliptic curve cryptography, secure multi-party computation, blockchain cryptography, post-quantum cryptography, secure delegated authentication, homomorphic encryption, zero-knowledge obfuscation, cryptographic hashes, secure multi-factor authentication.",authentication curve digital encryption factor functions hash key knowledge multi party post secure zero
cryptography,defensive,6,"Symmetric-Key Encryption, Asymmetric-Key Encryption, Hashing, Message Authentication Codes (MACs), Secure Multipurpose Computer Protocol (MPLS), Zero-Knowledge Proof, Digital Signature Algorithms (DSBs), One-time Passwords (OPs)",authentication codes computer digital encryption key knowledge message one ops proof protocol secure signature time zero
cryptography,defensive,7,"- Encryption
- Hashing
- Signing
- DES
- RSA
- AES
- ECC
- MAC
- HMAC
- DSA
- ElGamal
- ChaCha
- AES-GCM
- RC4
- SHA
- Blowfish
- CAST
- ECDH
- ESW
- Rijndael
- TripleDES
- Twofish
- Poly1305
- CFB
- OFB
- CBC
- AES256
- RC5
- ChaCha20
- Camellia
- SHA-256
- AES-CBC
- AES-CTR",aes cast cbc ctr des dsa ecc encryption mac poly rsa sha
cryptography,defensive,8,"hashing algorithm 
encryption key 
hash function 
signature generation 
deterrent mechanisms 
key derivation 
salt distribution 
digital signature 
data integrity checking 
secure data transmission 
authentication protocols 
ciphertext attack resistance 
plaintext decryption 
randomness in encryption 
block ciphers and stream ciphers 
block chains and blockchain technology 
message authentication code (MAC) 
public-key cryptography 
key escrow systems 
data recovery methods 
hacking techniques 
man-in-the-middle attacks 
key exchange protocols 
simplified cryptographic algorithms 
strong cryptography principles 
cryptographic hash functions  
cybersecurity threats and mitigation strategies",algorithm and attack attacks authentication block chains checking code data digital distribution encryption exchange function functions generation hash key mac man message methods middle plaintext protocols public salt secure signature stream strong systems technology the
cryptography,defensive,9,"As an AI language model, I don't have access to the latest developments or updates regarding the encryption and hashing functions in current cryptographic standards. However, here is a list of known cryptography-related terms along with their definitions:

1. Cryptography
2. Encryption algorithm
3. Hash function
4. Message authentication code (MAC)
5. Digital signature
6. Key exchange protocol
7. Digital envelope
8. Diffie-Hellman key exchange
9. Elliptic curve cryptography (ECC)
10. Public-key cryptosystems
11. Symmetric-key algorithms
12. Asymmetric-key algorithms
13. Hash functions
14. One-time pad (OTP)
15. RSA encryption
16. DSA (Diffe-Hellman) group
17. ECC (Elliptic Curve Cryptography)
18. ECC-based crypto systems
19. P-256 (Prime Number 2^256 - 1)
20. Elgamal public-key cryptosystem

Please note that as cryptography standards evolve over time, new terms may be added regularly. If you're looking for up-to-date information on specific concepts or terms, it's best to consult official cryptography",access added algorithm along and authentication based best code consult crypto current curve date definitions digital don dsa ecc encryption exchange for function functions group hash have here however information key known language latest list looking mac may message model new note number official one otp over pad please prime protocol public related rsa signature specific systems terms that the their time updates with you
cryptography,defensive,10,"AES, RSA, DES, HMAC, SHA-256, TLS, ECDSA, ECC, AES-CBC, PKCS10, ChaCha20, ECDHE, Blowfish, AES-GCM, RC4, AES-CTR, MD5, SHA-3, ESBlinding, SHA-512, Rijndael, Blowfish, ChaCha20, AES-256",aes cbc ctr des ecc rsa sha tls
cryptography,defensive,11,"As an AI language model, I don't have personal experiences or beliefs like humans do. However, here are some cryptographic concepts and tools that might be useful for reference:

- Encryption (e.g., AES)
- Hashing (e.g., SHA-256)
- Digital signatures (e.g., RSA)
- Hash-based MACs (e.g., HMAC)
- Message digests (e.g., MD5)
- Asymmetric encryption (e.g., ECC, DSA)
- Public-key infrastructure (PKI) components
- Cryptographic hash functions
- Block ciphers (e.g., AES, DES)
- Message authentication codes (MACs)

These topics can often be expanded upon with further detailed information on specific cryptographic techniques and their applications.",aes and applications are authentication based block can codes components des digital don dsa ecc encryption expanded for functions hash have here however information key language like message might model often personal public reference rsa sha some specific that their these tools topics upon with
cryptography,defensive,12,"As an AI language model, I don't generate or list physical items like ""defensive"" but I can certainly provide you with a list of cryptographic concepts along with some common examples:

1. Encryption
2. Hashing
3. Digital Signature
4. Key Exchange
5. Public Key Cryptography
6. Private Key Cryptography
7. Asymmetric Cryptography
8. Block Ciphers
9. Stream Ciphers
10. Hash Functions
11. DES (Data Encryption Standard)
12. AES (Advanced Encryption Standard)
13. RSA (Rivest-Shamir-Adleman)
14. ECC (Elliptic Curve Cryptography)
15. MAC (Message Authentication Code)
16. HMAC (Hash-based Message Authentication Code)
17. Diffie-Hellman Key Exchange
18. ECC (Easter Egg) Encryption
19. ElGamal Encryption
20. RSAES-PKCS1-v1_5 Encapsulation
21. ECDSA (Elliptic Curve Digital Signature Algorithm)
22. RC4 (Roc-a-Curie Random Number Generator)
23. Blowfish
24. DESede (a variant of DES used for",advanced aes algorithm along authentication based block but can code common curve data des digital don ecc egg encryption examples exchange for functions generate generator hash items key language like list mac message model number physical private provide public random roc rsa signature some standard stream used variant with you
cryptography,defensive,13,"- Encryption
- Hashing
- AsymmetricEncryption
- SymmetricEncryption
- HashingAlgorithm
- HashingMethod
- HashFunction
- HashedMessageDigest
- MessageDigest
- HashAlgorithmName
- HMAC
- SHA
- MD4, MD5
- MD2, MD1
- SHA1, SHA2
- SM2
- AES
- ECDSA
- RSA
- ECCryptoKey
- DigitalSignature
- Signer
- Keypair
- KeyPairGenerator
- KeyPairBuilder
- RSAKeyPairGenerator
- DigitalSignatureAlgorithm
- HashMessageDigest
- MessageDigestMessageDigest
- DigitalSignatureAlgorithmName
- HashMessageDigestAlgorithm
- SignatureAlgorithms
- RSAKeyValue",aes encryption rsa sha
cryptography,defensive,14,"Block Cipher  
Stream Cipher  
Symmetric Key Encryption  
Asymmetric Key Encryption  
Hash Function  
Cryptographic Hashing  
Digital Signature  
Hash-Based Cryptography  
Message Authentication Codes (MACs)  
Signature Verification  
Public-Key Cryptography  
Private-Key Cryptography  
Cryptosystems  
Crypto Protocols  
Cryptography Techniques  
Cryptography Software Development  
Cryptography Research  
Cryptography Libraries",authentication based block cipher codes crypto development digital encryption function hash key libraries message private protocols public research signature software stream verification
cryptography,defensive,15,"encryption 
hashing 
signature 
authenticity 
decryption 
attestation 
digital-signature 
plaintext 
cipher 
randomness 
signature-validation 
key-pair 
cryptography-engineering",cipher digital encryption engineering key pair plaintext signature validation
cryptography,defensive,16,"- Encryption
- Hashing
- Signing
- Key Exchange
- Digital Signatures
- Homomorphic Encryption
- Quantum Cryptography
- Zero-Knowledge Proofs
- Secure Multiparty Computation
- Elliptic Curve Cryptography
- Advanced Encryption Standard (AES)
- Stream Ciphers
- Asymmetric Encryption
- Non-Repudiation
- Public Key Infrastructure (PKI)
- Message Authentication Code (MAC)
- Digital Signatures
- Hash Function
- Symmetric Encryption
- Block Cipher
- Hashing Functions
- Hash-Based Signature Scheme
- Asynchronous Key Establishment
- Chaotic Encryption
- Elliptic Curve-Based Cryptography (ECC)",advanced aes authentication based block cipher code curve digital ecc encryption exchange function functions hash key knowledge mac message non public scheme secure signature standard stream zero
cryptography,defensive,17,"As an AI language model, I don't create programs or files as humans do. However, here are some examples of cryptographic functions and techniques:

1. AES (Advanced Encryption Standard) for encrypting data
2. RSA (Rivest-Shamir-Adleman) for creating digital signatures
3. SHA-256 for generating hash values from data
4. ECC (Elliptic Curve Cryptography) for secure key exchange
5. DH (Diffie-Hellman) for securely exchanging keys over networks
6. ECDSA (Elliptic Curve Digital Signature Algorithm) for verifying identities
7. ECDHE (Elliptic Curve Diffie-Hellman) for key exchange
8. DSA (Digital Signature Algorithm) for creating digital signatures
9. ECC (Elliptic Curve Cryptography) for public key infrastructure
10. Diffie-Hellman (DH) for establishing shared secrets between parties

I hope this helps!",advanced aes algorithm and are between create creating curve data digital don dsa ecc encryption examples exchange files for from functions hash here hope however key keys language model over programs public rsa secure sha shared signature some standard this values
cryptography,defensive,18,"cryptanalysis  
cryptography  
keyexchange  
salt_generation  
asymmetric_encryption  
differential_cryptanalysis  
election_voting_cryptography  
hashing_ciphers  
indistinguishability_cryptography  
knapsack_theory  
lightweight_cryptography  
macs_and_keys  
multi_party_computing_cryptography  
nonces_generation  
one_time_passwords  
preimage_analysis  
recoverable_key_generation  
secret_share_cryptography  
spooky_hashing  
tally_table_ciphers  
verification_cryptography  
whale_crypto",analysis and crypto election encryption generation key keys multi one party salt secret share table theory time verification
cryptography,defensive,19,"1. AES
2. RSA
3. ECC
4. DES
5. MD5
6. SHA-256
7. HMAC
8. DSS
9. ECDH
10. ECDsa
11. ECDSA
12. PBKDF2
13. ECIES
14. Elgamal
15. Elliptic Curve Cryptography (ECC)
16. Elliptic Curve Signature Algorithm (ECDSA)
17. LUKS
18. Kerberos
19. Rijndael
20. Twofish
21. AES-GCM
22. Advanced Encryption Standard (AES-GCM)
23. Blowfish
24. CAST
25. DESede
26. AES-EDE
27. ChaCha20
28. AES-CBC
29. CFB
30. OFB
31. RC4
32. RC5
33. RC6
34. HmacSHA256
35. HmacSHA1
36. HmacSHA256WithRSAEncryption
37. HmacSha",advanced aes algorithm cast cbc curve des ecc ede encryption rsa sha signature standard
cryptography,defensive,20,"As an AI developed by Alibaba Cloud, I don't have the capability to list specific cryptographic definitions or techniques that you're looking for. However, I can provide some general information about cryptology:

Cryptography is the science of securing information. It includes methods and technologies used to protect data from being intercepted or tampered with during transmission and storage. Here are some key concepts in cryptographic fields:

1. Encryption - A process of converting plain text into a code form using algorithms.
2. Hashing - A hash function converts data into a fixed-size string of characters.
3. Signing - A technique that verifies the identity of parties by comparing it with another party's public key.

These terms are often found in academic publications, technical literature, and news articles when discussing various aspects of cryptography. If you'd like to know more or need help finding resources on these topics specifically tailored to your needs, feel free to ask!",about academic and another are articles ask being can capability characters cloud code data definitions don during encryption feel fields finding fixed for form found free from function general hash have help here however identity includes information into key know like list looking methods more need needs news often party plain process protect provide public resources science size some specific storage string technical terms text that the these topics used using when with you your
cryptography,educational,1,"1. Cryptography
2. Symmetric-key cryptography
3. Asymmetric-key cryptography
4. Encryption
5. Decryption
6. Hash functions
7. Digital signatures
8. Public key cryptography
9. Private key cryptography
10. Message authentication codes (MACs)
11. Hash-based encryption
12. AES (Advanced Encryption Standard)
13. RSA algorithm
14. Elgamal public key cryptosystem
15. Elliptic curve cryptography
16. DES (Data Encryption Standard)
17. Blowfish cipher
18. GOST (Russian National Standard for Electronic Data Encryption Algorithm)
19. RC4
20. RC6
21. RC5
22. SHA-1
23. SHA-256
24. Rijndael
25. McEliece cryptosystem
26. AES-GCM (Authenticated Encryption with GMCS) cipher
27. RC4 stream cipher
28. Triple DES
29. Blowfish stream cipher
30. RC4 hash function
31. PGP
32. Diffie-Hellman key exchange
33. Diffie Hellman group",advanced aes algorithm authenticated authentication based cipher codes curve data des digital encryption exchange for function functions group hash key message national private public rsa sha standard stream with
cryptography,educational,2,"- Cryptography Algorithms
- Symmetric Key Algorithms
- Asymmetric Key Algorithms
- Public-Key Algorithms
- Hash Functions
- Digital Signatures
- Message Authentication Codes
- Stream Ciphers
- Block Ciphers
- Non-Residues
- Prime Numbers
- Elliptic Curves
- Quantum Ciphers
- Hybrid Encryption
- Elliptic Curve Cryptography
- Digital Signature Standards
- Secure Hash Algorithms",authentication block codes curve digital encryption functions hash key message non numbers prime public secure signature stream
cryptography,educational,3,"Public Key Infrastructure (PKI) 
Cryptographic Hash Functions 
Cryptography Algorithms
Digital Signature Systems
Schnorr Cryptography 
Elliptic Curve Cryptography
Symmetric-Key Cryptography
Authenticated Encryption Methods
Hash-Based Signatures
Merkle Trees in Cryptography
Public-Private Key Infrastructure 
Scrypt and Argon2 
Zero-Knowledge Proofs in Cryptography
Asymmetric-key Cryptosystems
KDFs and KEXs in Ciphers
Key Distribution Protocol (KDP)
Secure Hashing Algorithms
Zero Knowledge Proofs in Ciphers
Distributed Public-Key Networks
Diffie-Hellman key exchange
Proof-of-Credit schemes
Cryptography Fundamentals
Key Exchange Protocols
Steganography in Ciphers
Quantum Cryptography
Machine Learning Based Cryptanalysis
Blockchain-based Cryptography
Hybrid Cryptography
Public-Key Algorithm Design
Quantum Cryptography and Quantum Key Distribution
Zero-Knowledge Proof in Cryptography
Cryptography Techniques for Information Security
Cybersecurity Protocols
Cryptography and Cybersecurity in Modern Era
Key Management in Cryptography
Advanced Encryption Standard (AES)
Public-key cryptosystems and public-key infrastructure (PKI)
Advanced Encryption Standard (AES)
Nonces and Key Derivation",advanced aes algorithm and argon authenticated based credit curve design digital distributed distribution encryption era exchange for functions hash information key knowledge learning machine management methods modern private proof protocol protocols public secure security signature standard systems trees zero
cryptography,educational,4,"Cryptanalysis  
Code-breaking  
Digital forensics  
Key exchange  
Lantern code  
Machine learning in cryptography  
Network security  
Password cracking  
Symmetric key cryptography  
Teaching encryption  
Zero-knowledge proofs",breaking code digital encryption exchange key knowledge learning machine network password security zero
cryptography,educational,5,"As an AI language model, I can provide you with the first 256 unique educational resources related to cryptography. Here they are:

1. Introduction to Cryptography: A comprehensive guide for beginners.
2. Ciphers and Their Uses: Exploring different types of ciphers like Caesar Cipher, Vigenere Cipher, etc.
3. The Science of Secrecy: Discussing the history and techniques behind cryptographic methods.
4. Cryptography Basics: Quick reference book for understanding basic concepts in cryptography.
5. Advanced Cryptanalysis Techniques: Exploratory courses on advanced topics in cryptanalysis.
6. Introduction to Symmetric Encryption Algorithms: Study guides for understanding symmetric encryption systems.
7. Introduction to Public Key Cryptography: Overview and comparison between public-key systems and traditional encryption schemes.
8. Practical Cryptography Projects: Hands-on experience with using cryptography for real-world applications.
9. Cryptographic Hacking: How attackers exploit cryptographic vulnerabilities for various purposes.
10. Introduction to Modern Cryptographic Security Measures: Explore modern security trends and best practices.
11. Cryptography as a Language of Science: Exploring how science is used to secure information.
12. Cryptocurrency: Understanding the technology behind digital currencies like Bitcoin and Ethereum.
13. The Role of Crypt",advanced and applications are basic best between bitcoin book can cipher comparison courses crypt different digital encryption etc ethereum experience first for guide hands here history how information key language like methods model modern overview projects provide public quick real reference related resources role science secure security study systems technology the their they topics traditional types unique used uses using with world you
cryptography,educational,6,"Public key infrastructure (PKI), cryptanalysis, digital signatures, elliptic curves, hash functions, secure communications, blockchain technology, error correction codes, homomorphic encryption, quantum computing security, zero-knowledge proofs, stream ciphers, digital forensics, blockchain consensus mechanisms, multi-party computation.",codes communications digital encryption error functions hash key knowledge multi party public secure security stream technology zero
cryptography,educational,7,"Symmetric-cipher, public-key, encryption, digital-signature, secure-channel, hash-function, key-pair, cryptographic-algorithms, cryptanalysis, key-agreement, secret-sharing, block-chain, elliptic-curve, data-encryption, hash-tables, signature-verifying, asymmetric-key, non-repudiation, message-authentication, key-management, cipher-privacy, cryptanalysis-schemes, zero-knowledge-proofs, blockchain-based-security, secure-enclave-execution",authentication based block chain channel cipher curve data digital encryption execution function hash key knowledge management message non pair privacy public secret secure security sharing signature tables zero
cryptography,educational,8,"cryptography, RSA algorithm, elliptic curve cryptography, hash functions, public-key cryptography, secure hashing, encryption algorithms, symmetric key cryptography, digital signatures, key exchange protocols, security assurance, cryptography principles, blockchain technology, zero-knowledge proofs, cryptographic hardness, lattice-based cryptography, elliptic curve cryptography for asymmetric encryption, homomorphic encryption, zero-knowledge authentication, secure communication channels, cryptographic hash functions, quantum-resistant cryptography, multi-party computation, digital signatures in cryptocurrencies.",algorithm authentication based channels communication curve digital encryption exchange for functions hash key knowledge multi party protocols public rsa secure security technology zero
cryptography,educational,9,"Here are 256 unique educational links and topics related to cryptography:

1. Algorithm Design
2. Cryptographic Hash Functions
3. Digital Signatures
4. Public-Key Infrastructure (PKI)
5. Elliptic Curve Cryptography (ECC)
6. RSA Encryption
7. Stream ciphers
8. Asymmetric encryption
9. Message Authentication Codes (MACs)
10. Key Exchange Protocols
11. AES Algorithms
12. Advanced Encryption Standards (AES)
13. Homomorphic Encryption
14. Non-Repudiation Schemes
15. Hash Function Security
16. Crypto Attacks
17. Symmetric Cryptosystems
18. Secure Coding Practices
19. Zero-Knowledge Proofs
20. Quantum Cryptography
21. Bit-coin Cash
22. Cryptoanalysis
23. Advanced Encryption Standard (AES) Algorithms
24. Hybrid Encryption Systems
25. Post-Quantum Cryptography
26. Blockchains with Cryptography
27. Ciphertext Permutations (CPP)
28. Zero-knowledge proofs in cryptographic protocols
29. Quantum Cryptography Explained
30. Information Theoretic Cryptography",advanced aes algorithm and are attacks authentication bit cash codes coding coin cpp crypto curve design digital ecc encryption exchange explained function functions hash here information key knowledge links message non post protocols public related rsa secure security standard stream systems topics unique with zero
cryptography,educational,10,"Cryptography, public key cryptography, symmetric encryption, hashing, DES, AES, RSA, digital signatures, hash functions, block cipher, stream cipher, secure communication, encryption, decryption, security, cryptographic algorithms, cryptography libraries, cryptographic protocols, cryptographic software, cryptographic hardware, cryptographic standards, cryptographic protocols, cryptographic research, cryptographic analysis, cryptographic attacks, cryptographic weaknesses, cryptographic security measures, cryptographic security challenges, cryptanalysis, cryptanalysis techniques, cryptology, cryptographia, cryptonomicon, cryptanalysis history, cryptosystem theory, cryptanalytic methods, cryptographic complexity, cryptanalysis methodology, cryptographic vulnerability, cryptanalytical tools, cryptography in practice, cryptographic systems, cryptographic practices, cryptographic infrastructure, cryptographic operations, cryptographic protocols, cryptographic attacks on ciphers, cryptographic attack analysis, cryptographic attacks on ciphers, cryptographic attacks on encryption schemes, cryptographic attack analysis techniques, cryptographic attacks on ciphers and encryption schemes, cryptographic attacks and their countermeasures, cryptography for military purposes, cryptography for government purposes, cryptography for personal use, cryptography for business and commerce, cryptography in the world, cryptography in the world, cryptography in modern society, cryptography in industry, cryptography in technology, cryptography in computing, cryptography in finance, cryptography in science, cryptography in mathematics, cryptography in ethics, cryptography in",aes analysis and attack attacks block business cipher commerce communication des digital encryption finance for functions government hardware hash history industry key libraries methods modern operations personal practice protocols public research rsa science secure security software stream systems technology the their theory tools use world
cryptography,educational,11,"Symmetric-key encryption, public key cryptography, elliptic curves, hash functions, blockchains, digital signatures, quantum computing security, homomorphic encryption, secure multiparty computation, blockchain-based cryptography, zero-knowledge proofs, post-quantum cryptography, multi-party computation, secure communication protocols",based communication digital encryption functions hash key knowledge multi party post protocols public secure security zero
cryptography,educational,12,"cryptography algorithms 
cryptographic standards
public-key cryptography 
symmetric-key cryptography  
asymmetric-key cryptography  
block ciphers  
stream ciphers  
hash functions  
salt and key exchange  
ciphertext attack  
plaintext attack  
differential cryptanalysis  
linear cryptanalysis  
interleaving techniques  
cyclic permutations  
ciphertext-only attack  
brute-force attacks  
random oracle attacks",and attack attacks block exchange force functions hash key linear only oracle plaintext public random salt stream
cryptography,educational,13,"cryptography algorithms 
cryptography ciphers 
cryptography standards 
cryptography techniques 
cryptography protocols 
cryptography security 
cryptography methods 
cryptography encryption 
cryptographic hash functions 
cryptography protocols overview 
cryptography key management 
cryptography attack analysis 
cryptography algorithm development 
cryptanalysis methods 
cryptography cryptographic software 
cryptosystems algorithms 
cryptoforging cryptography 
cipher-based crypto systems 
cryptocurrency cryptography 
cryptosignature cryptography 
cryptosystem security 

Note that this list is quite small due to space constraints and might not be exhaustive. Cryptography covers an extensive field with many applications across various industries and disciplines.",algorithm analysis and applications attack based cipher constraints covers crypto development due encryption field functions hash key list management many methods might not note overview protocols quite security small software space systems that this with
cryptography,educational,14,"Public Key Infrastructure (PKI) 
Symmetric Encryption Algorithm 
Asymmetric Cryptography 
Hash Functions  
Data Encryption Standard (DES)  
RSA Algorithm  
AES Algorithm  
Pseudo-Random Number Generator (PRNG)  
ElGamal Public-Key Cryptosystem  
Diffie-Hellman Key Exchange  
Block Cipher  
Trusted Certificate Authority (TCA)  
Merkle Tree Algorithms  
Cryptography Standards",aes algorithm authority block certificate cipher data des encryption exchange functions generator hash key number pseudo public random rsa standard tree trusted
cryptography,educational,15,"As an artificial intelligence language model, I do not engage in discussions about specific topics like education or cryptography. However, if you have any other unrelated questions, feel free to ask!",about any ask education engage feel free have however intelligence language like model not other questions specific topics you
cryptography,educational,16,"As an artificial intelligence language model, I can provide you with a list of 100-200 unique educational resources for cryptography topics. However, please note that the number may vary depending on the specific curriculum or focus areas in your institution's programs.

Here is a list of approximately 256 unique education-related cryptographic resources:

1. Introduction to Cryptography - Online courses and textbooks from universities like Harvard Law School.
2. Cryptographic Algorithms - A comprehensive guide from MIT OCW.
3. Ciphers - Exploring various types of cryptosystems through interactive simulations.
4. Modern Ciphers - Learning about modern ciphers including those used in modern-day attacks.
5. Advanced Encryption Standard (AES) Overview - Detailed explanation of AES encryption algorithms.
6. RSA Public Key Cryptography - An overview of RSA cryptography and its applications.
7. Secure Hash Algorithms (SHA) - Learn about SHA, SHA-1, and their applications.
8. Elliptic Curve Cryptography (ECC) - Basic ECC concepts, examples of cryptographic operations using ECC.
9. Digital Signature Algorithm (DSA) - Explanation of DSA and how it works.
10. One-time Pad (OTP) - A history and basic properties of OTP.
11. Public",about advanced aes algorithm and applications approximately areas attacks basic can courses curve day depending digital dsa ecc education encryption examples focus for from guide hash here history how however including institution intelligence interactive its key language law learn learning like list may mit model modern note number one online operations otp overview pad please programs properties provide public related resources rsa school secure sha signature specific standard that the their those through time topics types unique used using vary with works you your
cryptography,educational,17,"cryptography, encryption, hash function, public key infrastructure, digital signatures, symmetric-key cryptography, asymmetric-key cryptography, elliptic curves, blockchain, secure communication, secure storage, data integrity, cryptographic hash, cryptographic protocols, secure communication channels",channels communication data digital encryption function hash key protocols public secure storage
cryptography,educational,18,"- RSA
- ECC
- AES
- Diffie-Hellman
- Shamir's Secret Sharing
- Elliptic Curve Cryptography
- LUKS (Linux Unified Key Setup)
- ECDH (Elliptic Curve Diffie-Hellman)
- Schnorr Signature
- RSA-SHA256
- SHA3 (SHA-3)",aes curve ecc key linux rsa secret setup sha sharing signature
cryptography,educational,19,"- Cryptography 
- RSA Algorithm
- Advanced Encryption Standard (AES)
- Hash Functions
- Symmetric-Key Algorithms
- Public-Key Cryptography
- DES Cipher
- AES Encryption 
- Nonces in Ciphers
- Elliptic Curve Cryptography (ECC)
- Block Ciphers
- Stream Ciphers
- One-time Pad
- GCF/CMP
- RSA and ECC Pairings
- Advanced Encryption Standards (AES/CCM)
- Digital Signatures
- HMAC Algorithms
- Message Authentication Codes
- Asymmetric Key Algorithms
- Diffie-Hellman Cryptography
- Elgamal Cryptosystem
- Schnorr Signature Scheme
- ECPP Encryption
- Vigenere Cipher
- AES and VSECGS
- LRC131
- RC4 Encryption
- SHA-256
- ChaCha
- MD5 Encryption",advanced aes algorithm and authentication block cipher cmp codes curve des digital ecc encryption functions hash key message one pad public rsa scheme sha signature standard stream time
cryptography,educational,20,"1. Cryptanalysis
2. Symmetric key encryption
3. Public key infrastructure
4. Digital signature
5. Hash functions
6. Homomorphic encryption
7. Elliptic curve cryptography
8. Nonces
9. Key exchange protocols
10. AES
11. RSA
12. ECDH
13. LLMUF (Lightweight Message Authentication)
14. HMAC
15. SHA-256
16. ElGamal
17. Diffie-Hellman key agreement
18. Shamir's secret sharing
19. AES/CBC/PKCS#5
20. GCM
21. RC4
22. DES-CTR
23. AES/GCM
24. EAX
25. RSA-DSS
26. Rabin cryptosystem
27. Baby-step giant-step algorithm
28. Schnorr signature
29. MAC
30. MGF2
31. CTR mode of operation
32. GOST
33. RC4-MD5
34. DESede
35. DSA
36. ECDSA
37.",aes algorithm authentication baby cbc ctr curve des digital dsa eax encryption exchange functions hash key mac message mode operation protocols public rsa secret sha sharing signature step
cryptography,offensive,1,"- Breaking codes
- Factoring numbers
- Collision attacks
- Cryptanalysis
- Digital signatures
- Hash functions
- Homograph attack
- Man-in-the-middle attack
- One-time pad encryption
- Public-key cryptosystems
- RSA encryption
- Shor's algorithm
- Twofish cipher
- AES encryption
- RC4 algorithm
- Blowfish encryption
- DES encryption
- ECC elliptic curve cryptography
- LFSR (Linear Feedback Shift Register) cryptosystem
- Hashing algorithms
- Shamir's secret sharing scheme
- Schnorr signature protocol
- Vigenere cipher
- AES-GCM cipher
- RC5 cipher
- MD5 hash function
- SHA-1 cryptographic hash function
- SHA-2 cryptographic hashes
- HMAC (Hash-based Message Authentication Code)
- DSA digital signature algorithm
- ECDH (Elliptic Curve Diffie-Hellman) key exchange
- ElGamal public-key cryptography
- El Gamal signature scheme
- Elliptic curve cryptography
- DLP (Discrete Logarithm Problem)
- Pseudorandom number generation
- Random oracle model
- Key distribution schemes
- Elliptic curve cryptography
- MAC",aes algorithm attack attacks authentication based breaking cipher code codes collision curve des digital distribution dsa ecc encryption exchange feedback function functions generation hash key linear mac man message middle model number numbers one oracle pad problem protocol public random register rsa scheme secret sha sharing shift signature the time
cryptography,offensive,2,"Key attacks on cryptography,
Factoring large composite numbers.
Shifting information and timing,
Generating pseudorandom sequences.
Breaking cryptographic ciphers,
Attacking RSA key pairs.
Cracking hash functions,
Intruding into symmetric encryption.
Stealing secret keys with keyloggers.
Brute forcing passwords,
Obfuscating data using obfuscation.
Gaining access to sensitive systems,
Using brute force in social engineering.
Stealthy encryption methods,
Eavesdropping techniques.
Ransomware exploits,
Cryptographic weaknesses exploited.
Understanding AES's structure,
Analyzing DES vulnerabilities.
Reverse engineering software,
Steganography in encryption.
Cryptography in disguise,
Obfuscation of digital signatures.
Tearing down SSL/TLS connections,
Hiding TLS messages.
Waging war on public-key encryption,
Breaking the RSA encryption algorithm.
Theoretical attacks on cryptography,
Simulating attack scenarios.",access aes algorithm and attack attacks breaking composite connections data des digital down encryption engineering force forcing functions hash information into key keys large messages methods numbers pairs public reverse rsa secret sequences social software ssl structure systems the timing tls using war with
cryptography,offensive,3,"1. Cryptanalysis
2. Hash functions
3. Encryption schemes
4. Symmetric keys
5. Authentication protocols
6. Quantum computing
7. Key escrow
8. Message digest
9. Block ciphers
10. Elliptic curve cryptography
11. Hash-based signatures
12. Digital signatures
13. Hash function vulnerabilities
14. Hash function design
15. Hash function properties
16. Message authentication code (MAC)
17. Hashing algorithms
18. Hash table encryption
19. Elliptic curve hash functions
20. Hash-based message authentication (HMA)
21. Hash based signature scheme
22. Hash tree data structure
23. Hash-based identity verification
24. Hash-based key agreement
25. Hash-based public-key cryptosystems
26. Secure multi-party computation (SMPC)
27. Secure one-way function
28. Hash-based access control (HBCA)
29. Hash-based integrity check (HIBC)
30. Hash-based secret sharing
31. Hash-based session key generation
32. Hash-based key exchange
33. Hash-based digital signatures
34.",access authentication based block check code control curve data design digest digital encryption exchange function functions generation hash hma identity key keys mac message multi one party properties protocols public scheme secret secure session sharing signature structure table tree verification way
cryptography,offensive,4,"Creating a comprehensive list of ""offensive"" terms related to cryptography involves considering various aspects such as cryptographic attacks, vulnerabilities, and threats. Here is a suggested list:

1. Breaking
2. Factoring
3. Collision attack
4. Digital signature
5. Hashing
6. Hash function
7. Elliptic curve encryption (ECE)
8. Public key infrastructure (PKI)
9. Key exchange
10. Asymmetric key cryptography
11. RSA algorithm
12. Elliptic curve cryptography (ECC)
13. Homomorphic encryption
14. Quantum computing security
15. Crypto vulnerabilities
16. Weak cryptography
17. Cryptanalysis
18. Digital signatures
19. Hash functions
20. Secure multi-party computation
21. Quantum cryptography
22. Advanced cryptanalytic techniques
23. Key escrow
24. Blockchain-based cryptography
25. Digital rights management (DRM) systems
26. Zero-knowledge proofs
27. Message authentication codes (MACs)
28. Secure多方计算
29. Blockchain-based cryptocurrencies
30. Quantum-resistant algorithms
31. Elliptic curve cryptosystems",advanced algorithm and attack attacks authentication based breaking codes collision creating crypto curve digital drm ecc ece encryption exchange function functions hash here key knowledge list management message multi party public related rights rsa secure security signature such systems terms weak zero
cryptography,offensive,5,"key attack, rainbow table, differential cryptanalysis, polynomial-time attacks, hash function vulnerabilities, lattice-based cryptography, side-channel attacks, chosen-plaintext attacks, preimage attacks, block cipher weaknesses, key-extraction attacks, block ciphers, stream ciphers, round schedule analysis, quantum-resistant algorithms, digital signatures, zero-knowledge proofs.",analysis attack attacks based block channel chosen cipher digital function hash key knowledge plaintext round schedule side stream table time zero
cryptography,offensive,6,"Cryptanalysis 
Hashing 
Cryptanalysis 
Stealing 
Eavesdropping 
Brute Force 
Block cipher 
Cryptography 
Key recovery 
Hash function 
Fingerprinting 
Salsa20  
AES encryption  
Pentaho  
PBKDF  
ShroomDB  
RSA key generation  
Twofish encryption  
ECDH algorithm  
Elliptic Curve Cryptography  
Elgamal  
Diffie-Hellman key exchange  
OpenPGP  
Galois/Euclidean cryptographic system  
Rijndael  
Symmetric Encryption  
Ciphertexts  
Aes  
Whirlpool  
BIP32  
X9.224  
Zlib Compression  
Differential cryptanalysis  
Side channel attack  
Polynomial time algorithms  
Laser interferometry  
Random Number Generation  
Blowfish  
Trespass (cryptography)  
Tinkoff (cryptology)  
Triple-DES  
Merkle–Hellman signature scheme  
Knapsack Algorithm  
Vigenere cipher  
Zero Knowledge Proof  
Cyclical redundancy checking  
Public-Key Infrastructure  
Scrypt  
Wittgenstein's law  
Quantum computing  
Sponge encryption  
Padded Addition  
Lantern (cipher suite)  
Differential public key encryption  
Mont",aes algorithm attack block channel checking cipher compression curve des encryption exchange force function generation hash key knowledge law mont number proof public random rsa scheme side signature suite system time zero
cryptography,offensive,7,"Keyloggers
Cryptanalysis 
Cracking Codes
Hash Algorithms
Dictionary Attacks
Eavesdropping
Forking Cryptography 
Galois Field Arithmetic 
Impersonation 
KDFs 
Man-in-the-Middle Attacks 
Merkle Trees 
Montgomery Ladders 
Obfuscation 
Paillier Public-Key Cryptosystems 
Pseudorandomness 
Quantum Security 
RSA Key Exchange 
Salsa20 
Symmetric Encryption 
XOR-SHA1 
Zecash 
ZLIB 
This is just the tip of the iceberg.
There's so much more!",attacks codes dictionary encryption exchange field hash just key man middle more much public rsa security sha the there this tip trees xor
cryptography,offensive,8,"Breaking codes, cracking cipher machines, generating cryptographic attacks, developing cryptanalysis methods, decrypting codes, finding weaknesses in encryption techniques, identifying vulnerabilities in cryptographic systems, implementing cryptanalytic techniques, breaking complex encryption schemes, exploiting cryptographic weaknesses, analyzing and understanding cryptographic principles, creating cryptographic simulations, conducting cryptanalysis exercises, assessing the security of cryptographic algorithms, testing encryption protocols for vulnerabilities, evaluating cryptographic practices and strategies, studying cryptographic attack methodologies, analyzing and understanding cryptographic analysis approaches, exploring cryptographic literature on attack methods, discussing cryptanalytic techniques, researching on cryptoattacks, studying cryptanalysis methodology, investigating cryptographic vulnerabilities, investigating cryptographic threats and challenges, evaluating cryptographic solutions for potential vulnerabilities, examining cryptographic security measures, exploring cryptographic threat models, discussing cryptosecurity issues, analyzing cryptographic security mechanisms, investigating cryptographic security gaps, studying cryptographic security flaws, evaluating cryptographic security risks, assessing cryptographic security policies, monitoring cryptographic security status updates, evaluating cryptographic security trends, assessing cryptographic security risks and threats, investigating cryptographic security vulnerabilities, analyzing cryptographic security measures, exploring cryptographic security threats, studying cryptographic security challenges, discussing cryptographic security issues, evaluating cryptographic security strengths, analyzing cryptographic security weaknesses, investigating cryptographic security threats and challenges, evaluating cryptographic security risks and vulnerabilities, assessing cryptographic security policies and practices, monitoring cryptographic security status reports, evaluating cryptographic",analysis and attack attacks breaking cipher codes complex creating encryption finding for issues methods models potential protocols reports security status systems testing the threat updates
cryptography,offensive,9,"1. Attack 
2. Cryptanalysis 
3. Brute-Force 
4. Eavesdropping 
5. Hashing 
6. Deception 
7. Forgery 
8. Key Extraction 
9. Man-in-the-Middle 
10. Encryption 
11. Fraud Detection 
12. Information Hacking 
13. Password Cracking 
14. Tampering 
15. Cryptographic Analysis 
16. Digital Signatures 
17. Authentication 
18. Stream Ciphers 
19. Block Ciphers 
20. Hash Functions 
21. Symmetric Key Exchange 
22. Asymmetric Key Exchange 
23. Message Authentication Codes (MACs) 
24. Secret Sharing 
25. Homomorphic Encryption 
26. Public-Key Infrastructure (PKI) 
27. Quantum Cryptography 
28. Elliptic Curve Cryptography (ECC) 
29. Zero-Knowledge Proofs 
30. Non-Repudiation 
31. Secure Multiparty Computation 
32. Message Integrity 
33. Data Integrity 
34. Secure P2P Communication 
35. Secure Storage 
36. Blockchain Technology 
37.",analysis attack authentication block codes communication curve data digital ecc encryption exchange force functions hash information key knowledge man message middle non password public secret secure sharing storage stream technology the zero
cryptography,offensive,10,"breaking the code, factorization attack, cryptographic attack, brute-force attack, RSA attack, differential cryptanalysis, preimage attack, chosen-plaintext attack, side-channel attacks, lattice problems, block ciphers, stream ciphers, hash functions, digital signatures, key escrow attack, quantum cryptography, side-channel attacks on encryption, rainbow table method, luby-oreshkin algorithm, precomputation-based attack, lattice-based attack, hash collisions, side-channel analysis, differential privacy, key exchange methods, message authentication codes, stream cipher mode of operation.",algorithm analysis attack attacks authentication based block breaking channel chosen cipher code codes digital encryption exchange force functions hash key message method methods mode operation plaintext privacy problems rsa side stream table the
cryptography,offensive,11,"Breaking codes  
Factoring algorithms  
Collision attacks  
Simplifying encryption  
Hash functions  
Cryptanalysis methods  
Digital signature schemes  
Key exchange protocols  
Steck-encryption  
Cryptography in practice  
Brute-force attacks  

These options cover various cryptographic techniques and concepts that can be offensive in the context of cryptography.",and attacks breaking can codes collision context cover digital encryption exchange force functions hash key methods options practice protocols signature that the these
cryptography,offensive,12,"Breaking encryption
Factoring large numbers
Collision attack
Hash-based attacks
Cryptanalysis
Key recovery
Pad oracle attacks
Polynomial-time attacks
RSA attacks
ElGamal attacks
AES attacks
Hashing vulnerabilities
Block cipher weaknesses
Steckhats and ring signatures
Ciphertext-only attacks
Key recovery from ciphertexts
Skepticism attacks
Preimage attacks on RSA
Side-channel analysis
Cryptanalysis of DES
Eccentricity attacks
Zero-knowledge proofs
Blinding schemes
Signature forgery
Differential cryptanalysis
Brute-force key recovery
Montyhall paradox in games
Adversarial encryption
Frobenius problems
Quantum-resistant ciphers
Shamir's secret sharing
Cryptanalysis of the RSA algorithm
Lattice-based cryptographic techniques
Isogeny attacks
Post-quantum cryptography
Steganography and obfuscation
Data homograph analysis
Tweaking attacks
Pseudo-random number generators in crypto
Scrypt attacks
Trespass prevention
Infeasible search algorithms
Symmetric-key cryptography for asymmetric keys
Key derivation protocols
Homomorphic encryption
Multi-level symmetric encryption
Elliptic curve cryptography
Vulnerabilities in blockchain technology
Public key infrastructure (PKI)",aes algorithm analysis and attack attacks based block breaking channel cipher collision crypto curve data des encryption for force from games hash key keys knowledge large level multi number numbers only oracle pad post problems protocols pseudo public random ring rsa search secret sharing side signature technology the time zero
cryptography,offensive,13,"Breaking Codes  
Factoring Numbers  
Collision Attack  
Cryptanalysis  
Hash Functions  
Serpent Cipher  
RSA Algorithm  
Triple-Encryption  
Brute Force Attack  
Cryptanalysis Techniques  
Block Cipher  
Stealing Secrets  
Collusion Attacks  
Cryptography Tools  
Key Derivation  
Steganography  
Cryptanalysis Methods  
Cryptography Principles  
Symmetric Encryption  
Public Key Cryptosystems  
Cryptosystem Analysis  
Attack Techniques  
Cryptographic Software  
Eavesdropping  
Cryptology Studies  
Cryptanalysis Methods and Tools  
Secret Sharing  
Data Integrity  
Cryptojacking  
Cryptography Challenges  
Cryptography in Real Life  
Cryptanalysis of ciphers",algorithm analysis and attack attacks block breaking cipher codes collision data encryption force functions hash key life methods numbers public real rsa secret sharing software tools
cryptography,offensive,14,"cryptography, encryption, decipher, hash, hashing, cryptanalysis, decryption, obfuscation, forgery, cipher, substitution, substitution cypher, encryption algorithm, digital signature, hash function, hash table, hash function security, message authentication code, public key cryptography, private key cryptography, RSA, AES, DES, ECC, quantum cryptography, lattice-based cryptography, hash-based signatures, zero-knowledge proofs, homomorphic encryption, lattices, lattice-based cryptography, digital twins, elliptic curve cryptography, elliptic curves, elliptic curve cryptography protocol, secure multiparty computation, bilinear pairing, non-interactive certificate generation, zero-knowledge proofs for anonymity, digital signatures of information.",aes algorithm authentication based certificate cipher code curve des digital ecc encryption for function generation hash information interactive key knowledge message non private protocol public rsa secure security signature table zero
cryptography,offensive,15,"cryptography
break
factoring
collision
desensitization
indistinguishability
key
lattice
message
quantum
signature
tallying
xor
yuri",break collision key message signature xor
cryptography,offensive,16,"breaking cryptographic system  
factoring cryptographic keys  
collision attack  
cryptography's vulnerabilities  
eavesdropping on cryptographic communications  
man-in-the-middle attacks  
elevating encryption strength  
decrypting encrypted files  
cryptanalysis techniques  
understanding cryptographic concepts  
exploiting weaknesses in encryption algorithms",attack attacks breaking collision communications encrypted encryption files keys man middle strength system the
cryptography,offensive,17,"Breaking the code 
Factoring and its variants 
Collision attacks 
Cryptanalysis and its techniques 
Digital signature verification 
Key recovery attack 
Hash function evaluation 
Elliptic curve cryptography 
Diffie-Hellman key exchange 
Block cipher encryption 
RSA encryption algorithms 
Triple DES 
AES mode CBC/ECB 
ECC cryptography 
Cryptography in blockchain technologies 
Asymmetric cryptography 
Public-key infrastructure (PKI) 
Hybrid cryptography 
Symmetric-key cryptography 
Pseudorandom number generation 
Cryptographic hash functions 
Cryptography for data integrity 
Encryption standards 
Secure multiparty computation 
Zero-knowledge proofs 
Blockchain cryptography 
Secure multi-party computation 
Quantum-resistant ciphers 
Fingerprinting cryptographic primitives 
Post-quantum cryptography 
Cryptosystems with advanced security 
Simpler cryptographic systems 
Security protocols and architectures  
Cryptographic authentication mechanisms  
Cryptographic protocols such as TLS and SSL  
Cryptography in cybersecurity  
Cybersecurity measures like hashing, digital signatures, etc.",advanced aes and attack attacks authentication block breaking cbc cipher code collision curve data des digital ecc encryption etc evaluation exchange for function functions generation hash its key knowledge like mode multi number party post protocols public rsa secure security signature ssl such systems the tls variants verification with zero
cryptography,offensive,18,"breaking cryptographic techniques
factoring large numbers for encryption key generation
collision attacks on symmetric keys or hash functions
implementing public-key algorithms in secure communications
decompiling software to understand its cryptographic routines
analyzing brute-force attacks on password cracking methods
using side-channel analysis for timing and power measurements
exfiltrating plaintext using brute-force techniques
man-in-the-middle attack in network protocols
reverse engineering digital signatures with static libraries
creating custom encryption suites for specific applications
exploiting vulnerabilities in existing cryptographic libraries
simulating network traffic for intrusion detection
understanding the behavior of symmetric key cryptosystems
identifying weak points in block ciphers through frequency analysis
analyzing statistical patterns in data before and after processing
leveraging side-channel information in cryptographic operations",after analysis and applications attack attacks before behavior block breaking channel collision communications creating custom data digital encryption engineering existing for force frequency functions generation hash information its key keys large libraries man methods middle network numbers operations password patterns plaintext points power processing protocols public reverse secure side software specific static the through timing traffic using weak with
cryptography,offensive,19,"breaking code 
factorization 
collision attack 
cryptanalysis 
plaintext-exchange 
ciphertext-breaking 
asymmetric-key algorithms 
RSA algorithm 
hashing techniques 
salt and IV in encryption 
cryptographically secure hash functions (SHA) 
key exchange methods 
random number generation 
public key cryptography 
digital signatures 
nonces 
block ciphers  
stream ciphers 
encryption standards  
cryptography libraries 
plaintext attacks  
ciphertext attacks  
cyclic redundancy check (CRC) 
MACs  
Hash functions  
AES encryption method  
elliptic curve cryptography (ECDSA) 
Elliptic curves  
public key infrastructure (PKI)  
symmetric-key encryption  
differential cryptanalysis  
polynomial-time reductions  
quantum-resistant cryptography 
chaos theory and its application in cryptography  
algorithmic cryptanalysis  
preimage attacks  
ciphertext-only attacks 
blockchains and cryptography  
cryptojacking 
cryptanalysis of blockchain cryptographic schemes 
block cipher modes of operation  
cryptography for cybersecurity 
cryptography and security 
cryptography and information security 
cryptography and network security 
cryptography and privacy 
cryptography and computer science 
cryptography and game design 
cryptography and music analysis 
cryptography and literature 
cryptography and mathematics 
cryptography and art  
cryptographic hash",aes algorithm analysis and application art attack attacks block breaking check cipher code collision computer crc curve design digital encryption exchange for functions game generation hash information its key libraries method methods modes music network number only operation plaintext privacy public random rsa salt science secure security sha stream theory time
cryptography,offensive,20,"1. Breaking
2. Factoring
3. Collision
4. Hashing
5. Encryption
6. Decryption
7. Hash
8. Symmetric
9. Asymmetric
10. MAC
11. Integrity
12. Digital Signature
13. Hash-based
14. RSA
15. ECDSA
16. ECDH
17. SHA-256
18. AES-CBC
19. Elliptic Curve Cryptography (ECC)
20. RSAES
21. DSA
22. ECDHE
23. DSS
24. ChaCha20
25. ChaCha12
26. Blowfish
27. AES-NI
28. Elgamal
29. Diffie-Hellman
30. GCM
31. RC4
32. ChaCha
33. AES-GCM
34. AES-PKCS1-v1_5
35. SHA-256
36. AES-ECB
37. AES-GCM-PKCS7Padding
38. AES
39. RSA",aes based breaking cbc collision curve digital dsa ecc encryption hash mac padding rsa sha signature
cryptography,evasive,1,"stego, cryptanalysis, eavesdropping, encryption, key exchange, obfuscation, hashing, tampering, man-in-the-middle, side channel, frequency analysis, obfuscate, hash forgery, message substitution, ciphertext-breaking, encryption algorithm analysis, digital signatures, key escrow, key recovery, key cracking, cryptographic attacks, cryptanalysis techniques, quantum-resistant cryptography",algorithm analysis attacks breaking channel digital encryption exchange frequency hash key man message middle side the
cryptography,evasive,2,"1. Cryptanalysis
2. Digital Eavesdropping
3. Key Exchange
4. Signal Stream
5. Quantum Cryptography
6. Message Forgery
7. Hash Functions
8. Elliptic Curve Cryptography
9. Secure Communication
10. Bit-for-bit Encryption
11. Secure Multiplication
12. Blockchain Technology
13. Diffie-Hellman Key Exchange
14. One-Time Pad
15. Secure Hash Algorithms
16. Secure Socket Layer (SSL)
17. Secure Two-Factor Authentication
18. Symmetric Key Encryption
19. Secure Containers
20. Public Key Infrastructure (PKI)
21. Advanced Encryption Standard (AES)
22. Secure Sockets Layer (SSL)
23. Quantum Encryption
24. Secure Email Protocol (SMTP)
25. Secure Electronic Transactions (SET)
26. Secure Web Sockets
27. Secure RCE Attack
28. Secure Key Exchange Protocols
29. Secure Network File System (SFTP)
30. Secure File Transfer Protocol (SCP)
31. Secure Data Transmission Protocol (SDP)
32. Secure Data Compression
33. Secure Information Retrieval",advanced aes attack authentication bit communication compression containers curve data digital email encryption exchange factor file for functions hash information key layer message network one pad protocol protocols public scp secure set signal smtp socket sockets ssl standard stream system technology time transactions transfer two web
cryptography,evasive,3,"Here are 256 unique evasive terms related to cryptography:

1. Stealth
2. Concealment
3. Shading
4. Shadow
5. Conceal
6. Concealing
7. Disguise
8. Masking
9. Concealment
10. Deception
11. Concealed
12. Secreted
13. Concealed
14. Undercover
15. Hide
16. Concealment
17. Secret
18. Evasive
19. Concealingly
20. Hidden
21. Concealing
22. Evasion
23. Conceals
24. Concealmentally
25. Concealment-less
26. Concealingly
27. Evasion-ful
28. Concealment-fully
29. Concealedly
30. Evasion-fully
31. Concealmentlessly
32. Concealmentful
33. Concealment-ful
34. Concealedly
35. Evasion-ful
36. Concealment-fully
37. Concealedly
3",are ful fully here hidden hide less related secret shadow terms unique
cryptography,evasive,4,"stegnography, covertchannel, encryptionmethod, cipher, secretchannels, cryptomixing, digitaldeception, stealth, eavesdropping, keyframing, eavesdropperawareness, encryptedtransport, keytransfer, obfuscation, keyevasion, secrecyscheme, hiddenchannel, decoycommunication, ciphertextsolution, secrettransposition, plaintextsolution, eavesdropavoidance, codebreakingalgorithms, eavesdropperdetection, encryptedmessagepattern, secretcommunicationstrategy, cryptosystemdesign, encryptedplaintextanalysis, ciphertextdecryption, encryptionmethodchallenge, digitalforensics, covertencryption, secretdatamining, keysharing, ciphertextanalysis, secretkeygeneration, encryptionmethodexploration, cipheralgorithmstudy, ciphertextexchange, secretinformationcollection, cryptomanipulation, secretnetworkinterference, encryptionprotocoltesting, keymanagement, ciphertextcompression, cryptoforging, hiddenciphertexts, ciphertextenhancement, encryptedmessagehiding, secretfilestorage, encryptionalgorithmdevelopment, cryptonomics, encryptedfilesecurity, secretkeydistribution, ciphertextattack, encryptionstrengthassessment, secretplaintexttweaking, encryptionpolicyevaluation, encrypteddocumentanalysis, keyrotation, cryptomorphism, encryptedcommunicationpatterns, secretdigitalsignature, encryptionsoftware",cipher
cryptography,evasive,5,"cryptanalysis, stealth, tunneling, encryption, decryption, forgery, side-channel, blind coding, tampering, obfuscation, eavesdropping, key exchange, key recovery, cryptanalytic methods, cryptography techniques, digital signatures, digital envelopes, secret sharing, quantum cryptography, side-channel attacks, brute force, frequency analysis, differential cryptanalysis, statistical analysis, hash-based cryptanalysis, preimage attack, message digest, key reuse, zero-knowledge proofs, semantic security, secure multiparty computation, key recovery attack, channel probing, ciphertext-evasion, post-quantum cryptography, multi-party computing",analysis attack attacks based blind channel coding digest digital encryption exchange force frequency hash key knowledge message methods multi party post reuse secret secure security semantic sharing side zero
cryptography,evasive,6,"cryptography evasions covert communication channel substitution encryption stealth cryptography deception message forgery codes cipher codebreaker cypher cryptanalysis clandestine communications cryptography escape algorithm code breaker cipher-breaking cryptanalysis codebreaking codemaster cryptanalysis algorithm codebreakers decipherment key cracking cryptanalyst cryptanalyzing secret sharing encryption subterfuge cryptography evasion techniques cipher substitution codebreaker cryptanalysis algorithms coded messaging codeset cryptanalysis strategies cryptanalysis techniques codebreaking methods cryptanalysis schemes cryptanalysis techniques cryptanalysis techniques cipher cryptanalysis codebreakers decipherment codesetter cryptography cryptanalysis algorithms cryptographic methods cryptography security mechanisms cryptanalysis strategies codebreaking techniques cipher cryptanalysis cipher analysis encryption algorithms cryptanalysis tactics encryption codesetter cryptoanalysis cryptography cryptanalysis cryptanalysis ciphers cryptanalytic approaches codebreaking strategies cryptography systems encryption algorithms cipher breaking cryptanalysis algorithms cryptography codesetting encryption codebreaking cryptanalysis methods cryptanalysis methods cryptographic attacks cryptography algorithms cryptoanalysis encryption ciphers cryptanalysis cryptanalysis methods cryptology cryptanalysis ciphers cryptanalytic methods ciphers code breaking cryptanalysis techniques ciphers cryptography encryption keys cryptanalytic techniques cipher analysis cryptanalysis methods cryptographic protocols cryptography encryption algorithms encryption codebreaking cryptanalysis methods encryption ciphers cryptanalysis attack cryptanalysis techniques encryption codesetting cryptanalyzing cipher algorithms cryptanalysis algorithms

Ciphertext is often used for encryption and",algorithm analysis and attack attacks breaker breaking channel cipher code coded codes communication communications encryption escape for key keys message methods often protocols secret security sharing systems used
cryptography,evasive,7,"stego, eavesdropping, encryption, decryption, anonymity, hacking, tunneling, key exchange, diffusion, code-breaking, obfuscation, shadow, encryption-resistant, secure communication, secrecy, secret sharing, stealth, digital forensics, cipher breaking, cryptanalysis, cryptology, cryptojacking, data recovery, cryptographic techniques, quantum cryptography, side-channel attacks, secure communication protocols, blockchain cryptography, elliptic curve cryptography, public-key cryptography, signature-based cryptography, hybrid cryptography, homomorphic encryption, homomorphic computing, cryptographic protocol analysis, encryption algorithm vulnerabilities, cryptography in software security, digital signatures, cryptographic hash functions, secure key management, secure messaging, secure storage, symmetric-key cryptography, asymmetric-key cryptography, zero-knowledge proofs, smart card cryptography, secure web browsing, cryptography for mobile devices, secure IoT protocols, cryptographic algorithms, cryptographic libraries, cryptanalysis tools, cryptography for cybersecurity, quantum cryptography in cryptography, secure data transmission, cryptographic security principles, cryptographic privacy, cryptography in finance, cryptography for internet of things (IoT), cryptography for cybersecurity, cryptography for AI applications",algorithm analysis applications attacks based breaking card channel cipher code communication curve data devices digital encryption exchange finance for functions hash internet iot key knowledge libraries management mobile privacy protocol protocols public secret secure security shadow sharing side signature smart software storage things tools web zero
cryptography,evasive,8,"1. Cryptanalysis
2. Encryption
3. Secret Channels
4. Stealthy Ciphers
5. Eavesdropping
6. Subtle Subroutines
7. Shadow Codes
8. Invisibility
9. Silent Codes
10. Concealment
11. Undercover Systems
12. Deception
13. Untraceable Signals
14. Whisper Messages
15. Cipher Puzzles
16. Secret Paths
17. Stealthy Methods
18. Elusive Strategies
19. Insecure Channels
20. Secret Networks
21. Silent Communication Protocols
22. Invisible Devices
23. Shadowed Communications
24. Evasive Ciphers
25. Concealed Signals
26. Secret Trails
27. Underwater Ciphers
28. Whispering Platforms
29. Stealthy Networks
30. Secret Vaults
31. Invisible Codes
32. Silent Communication Tactics
33. Concealing Signals
34. Underwater Secrets
35. Whispering Probes
36. Silent Codes
37. Hidden Ciphers
38. Secret Channels
39. Underwater Signals",channels cipher codes communication communications devices encryption hidden invisible messages methods paths protocols secret shadow signals silent systems
cryptography,evasive,9,"1. Encapsulation
2. Encryption
3. Key exchange
4. Decryption
5. Symmetric key
6. Asymmetric key
7. Secure communication
8. Data integrity
9. Digital signatures
10. Hash functions
11. Message authentication
12. Public-key infrastructure (PKI)
13. Cryptanalysis
14. Cryptographic algorithms
15. Cipher suites
16. Block ciphers
17. Stream ciphers
18. Hash functions
19. MACs
20. Elliptic curve cryptography (ECC)
21. RSA
22. DH
23. DES
24. AES
25. RSA encryption
26. Diffie-Hellman
27. SSH
28. EDE
29. SHA-256
30. Base64 encoding/decoding
31. Hashing with salt
32. Message digest
33. RC4
34. DSA
35. ECC-based encryption
36. LUKS
37. AES-GCM
38. AES-TLS
39. AES-ECDH
40.",aes authentication base based block cipher communication curve data des digest digital dsa ecc ede encoding encryption exchange functions hash key message public rsa salt secure sha ssh stream tls with
cryptography,evasive,10,"1. Concealment
2. Evade
3. Subtlety
4. Encryption
5. Evasion
6. Stealth
7. Subversion
8. Disguise
9. Masking
10. Obfuscation
11. Masking
12. Concealment
13. Conceal
14. Secret
15. Concealed
16. Hidden
17. Concealing
18. Concealed
19. Undercover
20. Deception
21. Traps
22. Espionage
23. Enigma
24. Cipher
25. Encryption
26. Cryptography
27. Confidentiality
28. Confidential
29. Confidentiality Measures
30. Secrecy
31. Encapsulation
32. Concealed Information
33. Confidential Document
34. Hidden Message
35. Unveiling
36. Hide
37. Conceal Data
38. Stencil
39. Secret Text
40. Concealed Code
41. Secret Message
42. Underlying
43. Intricate
44.",cipher code data document encryption hidden hide information message secret text
cryptography,evasive,11,"1. Concealment
2. Tunneling
3. Eavesdropping
4. Decryption
5. Cryptanalysis
6. Secret Sharing
7. Hashing
8. Randomness
9. Blind Proofreading
10. Encryption
11. Digital Forgery
12. Key Derivation
13. Chaos Analysis
14. Homomorphic Encryption
15. Multi-Factor Authentication
16. Asymmetric Encryption
17. Block Cipher
18. Public Key
19. Private Key
20. Side Channel Attacks
21. Quantum Computing
22. Stabilized Encryption
23. Homomorphic Evaluation
24. Elliptic Curve Cryptography
25. Key Replication
26. Blockchain Technology
27. Secure Hash Standard (SUS)
28. Message Digest
29. Elliptic Curve Diffie-Hellman
30. Quantum Bit Manipulation
31. Differential Privacy
32. One-Time Pad
33. Stream Ciphers
34. Secure PIR
35. Secure Electronic Mail
36. Secure Key Exchange
37. Quantum Key Distribution
38. Digital In",analysis attacks authentication bit blind block channel cipher curve digest digital distribution encryption evaluation exchange factor hash key mail message multi one pad pir privacy private public secret secure sharing side standard stream sus technology time
cryptography,evasive,12,"cryptography-evading-techniques
crypto-intellectual-crafts
steg-unmasking-schemes
evade-secret-sharing-mechanisms
cipher-schmaltz-methods
secret-channel-forgery-algorithms
plaintext-transformation-rules
eavesdropping-prevention-schemes
cybersecurity-sneak-and-steal-strategies
data-decomposition-inference-patterns
cryptanalysis-practices
code-breaking-techniques
encrypted-email-analysis-scripts
password-encryption-schemes-revealed
remote-desktop-scan-scripts
plaintext-exfiltration-tactics",analysis and breaking channel cipher code crypto data desktop email encrypted encryption methods password patterns plaintext remote rules scan scripts secret sharing
cryptography,evasive,13,"1. Encryption
2. Decryption
3. Hashing
4. Symmetric encryption
5. Asymmetric encryption
6. Digital signatures
7. Hash algorithms
8. Message authentication codes (MAC)
9. Stream ciphers
10. Block ciphers
11. Ciphertext-only attacks
12. Post-quantum cryptography
13. Quantum-resistant ciphers
14. Trapdoor functions
15. Chaotic systems in cryptography
16. Quantum computing cryptography
17. Key recovery attacks
18. Differential cryptanalysis
19. Known plaintext attack
20. Side-channel attacks
21. Physical attacks on cryptographic systems
22. Cryptanalysis techniques
23. Cryptographic hashing functions
24. Randomized algorithms in cryptography
25. Nonces in secure communication
26. Message digest vulnerabilities
27. Stream cipher weaknesses
28. Key expansion and compression attacks
29. Homomorphic encryption
30. Fully homomorphic encryption
31. Paillier cryptography
32. Elliptic curve cryptography (ECC)
33. Elliptic curve digital signature algorithms (ECDSA)
34. Curve-based cryptography
35",and attack attacks authentication based block channel cipher codes communication compression curve digest digital ecc encryption fully functions hash key known mac message only physical plaintext post secure side signature stream systems
cryptography,evasive,14,"encryption algorithm, encryption keys, key exchange, noise removal, side-channel attacks, channel utilization, quantum resistance, key recovery, channel leakage, stealth, ciphertext recovery, secret sharing, channel splitting, key exchange failure, data compression, block ciphers, stream ciphers, message authentication, channel hijacking, channel expansion, encryption schemes, secure computation, channel management, network tunneling, channel protection, channel selection, digital signatures, channel allocation, cryptographic protocols, secure information transfer",algorithm allocation attacks authentication block channel compression data digital encryption exchange failure information key keys management message network noise protocols secret secure selection sharing side stream transfer
cryptography,evasive,15,"Stego
Cryptomorphism
Code-breaking
Eavesdropping
Phishing
Decryption
Cryptography
Digital-finance
Encryption
Reverse-engineering
Hybrid-cryptography
Sieve
Hash-algorithms
Key-Exchange
Key-Guessing
Crypto-anomaly
Quantum-computing
Fingerprints
Stealth
Keyless-lock
Pivotal-point
Symmetric-key
Diffie-Hellman
Ethereal-encryption
Kryptosystems
Mystery-networks",breaking code crypto digital encryption engineering exchange finance hash key lock point reverse
cryptography,evasive,16,"steganography, stealth, encryption, diffusion, tunneling, anonymity, decoy, juggling, shadong, secret sharing, diversion, muddling, sleight of hand, concealment, subterfuge, obfuscation, dowsing, deception, slyness, pincer movement, ploying, shadowboxing, sidestepping, tanglefooting, guile, veiling, winking.",encryption hand movement secret sharing
cryptography,evasive,17,"Cryptanalysis, decoy, tunneling, encryption, obfuscation, stealth, juggling, subversion, decryption, diversion, concealment, codebreaking, diffusion, forgery, anonymity, cryptanalysis, disguise, substitution, subterfuge, camouflage, deception, cryptanalysis, decoys, channeling, countermeasures, encryption schemes",encryption
cryptography,evasive,18,"steganography 
covert 
channels",channels
cryptography,evasive,19,"1. Concealment
2. Encryption
3. Eavesdropping
4. Cryptanalysis
5. Forgery
6. Stealth
7. Tunneling
8. Diffusion
9. Deception
10. Key Derivation
11. Hash Function
12. Hashing
13. Key Distribution
14. Signature
15. Masking
16. Tampering
17. Encryption Technique
18. Decryption Algorithm
19. Digital Signatures
20. Nonces
21. Hashes and Message Digests
22. Authentication Tokens
23. Public Key Infrastructure (PKI)
24. Secret Sharing
25. Key Tradeoff
26. Key Exchange Protocol
27. Key Management System (KMS)
28. Bit Manipulation
29. Random Number Generation
30. Trapdoor Cryptosystems
31. Multi-Factor Authentication
32. Hash-Based Authentication
33. One-Time Pad
34. Stream Ciphers
35. ChaCha
36. Paillier Cryptosystem
37. RSA Cryptosystem
38. ElGamal Cryptography
3",algorithm and authentication based bit digital distribution encryption exchange factor function generation hash key management message multi number one pad protocol public random rsa secret sharing signature stream system time tokens
cryptography,evasive,20,"encrypt, eavesdrop, encryption, forgery, forgery prevention, hash, key generation, light transmission, network monitoring, obfuscation, pass-through, preimage resistance, privacy preserving, quantum-resistant, reverse engineering, stealth, symmetric-key cryptography, timing analysis, unforgeable, white noise",analysis encrypt encryption engineering generation hash key light network noise pass privacy reverse through timing white
cryptography,destructive,1,"deception, deception, deceitful, deceiver, fraud, forgery, forgery, forgery, forgery, forgery, forgery, forgery, forgery, forgery, forgery, forgery, forgery, forgery, forgery, forgery, forgery, forgery, forgery, forgery, forgery, forgery, forgery, forgery, forgery, forgery, forgery, forgery, forgery, forgery, forgery, forgery, forgery, forgery, forgery, forgery, forgery, forgery, forgery, forgery, forgery, forgery, forgery, forgery, forgery, forgery, forgery, forgery, forgery, forgery, forgery, forgery, forgery, forgery, forgery, forgery, forgery, forgery, forgery, forgery, forgery, forgery, forgery, forgery, forgery, forgery, forgery, forgery, forgery, forgery, forgery, forgery, forgery, forgery, forgery, forgery, forgery, forgery, forgery, forgery, forgery, forgery,",
cryptography,destructive,2,"cryptanalysis
cryptography
decryption
foregiving
forgery
tampering
keycracking
bruteforcoding
eavesdropping
plaintext
cipher
hammingdistance
cipherbreaking
ciphertext
plaintextconversion
keyrecovery
cryptanalysistechniques",cipher plaintext
cryptography,destructive,3,"cryptanalysis, decryption, forgery, tamper, cracking, hash, salt, entropy, key, attack, obfuscation, recovery, recovery point, recovery algorithm, cryptanalysis, digital signature, forgery, eavesdropping, hashing, password, encryption, breaking, brute force, hash function, data analysis, cipher, key exchange, secure communication, digital rights management ( DRM ), digital envelope, message digest, cryptographic protocols, key agreement, quantum cryptography, side-channel attacks, obfuscation techniques, digital forensics, blockchain technology, public-key cryptography, key distribution, key expansion, key escrow, key storage, key generation, key derivation, key compromise, key management, key expansion method, digital signature verification, key reuse, key recovery, key extraction, key derivation method, key management system, key exchange protocol, security breach, key generation and management, key exchange algorithms, key management in cyberspace, key evolution, key rotation, key material, key usage, cryptography research, cryptographic standards, cryptographic protocols, cryptographic attacks, cryptography software, digital signatures and certification, data integrity checking, digital signatures, electronic signatures, digital certificates, key infrastructure, digital signature verification, digital certificate issuance, digital watermarking, digital rights management ( D.R.M",algorithm analysis and attack attacks breaking certificate channel checking cipher communication data digest digital distribution drm encryption entropy exchange force function generation hash key management material message method password point protocol protocols public research reuse rights rotation salt secure security side signature software storage system technology usage verification
cryptography,destructive,4,"decryption, forgery, tampering, encryption, reverse-engineering, crack, hash, signature, cryptanalysis, cryptanalysis, encryption cracking, key recovery, cryptographic attacks, deciphering, scrambling, hash function, digital signatures, password cracking, digital forensics, digital forgery, digital signature, cryptographic analysis, cryptographic simulation",analysis attacks digital encryption engineering function hash key password reverse signature simulation
cryptography,destructive,5,"Decryption, forgery, alteration, obfuscation, impersonation, theft, espionage, sabotage, disruption, concealment, hacking, bypass, denial of service, denial of service attack, data corruption, encryption, recovery, breakage, compromise, interception, decryption error, key compromise, message modification, plaintext extraction, ciphertext exchange, key exchange, encryption algorithm, brute force, decryption process, decryption failure, decryption attempt, forgery attack, tampering, reverse engineering, code injection, side channel analysis, unauthorized access, eavesdropping, key expansion, decryption failure due to timing attack, brute force attack, encryption algorithm attacks, decryption algorithm attacks",access algorithm analysis attack attacks attempt channel code data due encryption engineering error exchange failure force key message modification plaintext process reverse service side timing
cryptography,destructive,6,"decryption
forgery
tampering",
cryptography,destructive,7,"decryption, forgery, tampering, breaking, recovery, hacking, impersonation, theft, encryption, alteration, sabotage, manipulation, exposure, compromise, breach, encryption attack, key extraction, cryptanalysis, decryption error, brute force, forensics, hacking techniques, malicious activity, password cracking, data encryption, digital signatures, digital fingerprinting, information retrieval, encryption strength, vulnerability analysis, security measures, unauthorized access, network scanning, key exchange, phishing attacks, malware removal, cryptography vulnerabilities",access activity analysis attack attacks breaking data digital encryption error exchange force information key network password security strength
cryptography,destructive,8,"decryption, forgery, tampering, key recovery, encryption, hash, signature, obfuscation, obfuscation, hashing, padding, signing, forgery, breaking codes, encoding, decompilation, compression, encryption cracking, encryption strength, key management, key generation, key exchange, key agreement, key exchange failure, key length determination, key length validation, key size limits, key distribution, key distribution failure, key management protocol, key management system, key management tool, key management process, key management security, key management tools, key management strategy, key management system vulnerabilities, key management techniques, key management protocols, key management security measures, key management security breaches, key management systems, key management software, key management standards, key management practices, key management security audits, key management security assessment, key management security testing, key management system configuration, key management system updates, key management system maintenance, key management system design, key management system breakdowns, key management system failures, key management system upgrades, key management system decommissioning, key management system integration, key management system migration, key management system backup, key management system recovery, key management system data loss, key management system disaster recovery, key management system scalability, key management system performance optimization, key",assessment backup breaking codes compression configuration data design distribution encoding encryption exchange failure generation hash integration key length limits loss maintenance management migration padding performance process protocol protocols security signature size software strategy strength system systems testing tool tools updates validation
cryptography,destructive,9,"decryption, forgery, tampering, break, reverse, decode, encode, alter, encrypt, decrypt, forge, tamper, crack, break, recover, obfuscate, decipher, invert, scramble, decomp, cryptanalysis, cryptanalysis, encryption, decryption, hacking, compromise, recovery, attack, bypass, breakfile",alter attack break decode decrypt encode encrypt encryption forge invert recover reverse
cryptography,destructive,10,"cryptanalysis, key cracking, digital signature, data forgery, encryption breakdown, digital envelope, key exchange, brute force, digital signatures, data recovery, cryptographic attacks, digital rights management, key derivation, cryptanalysis techniques, data recovery, hash functions, digital forensics, digital watermarking, digital signatures, digital certificates, cryptographic algorithms, digital identity verification, cryptographic keys, digital signatures and signatures",and attacks data digital encryption exchange force functions hash identity key keys management rights signature verification
cryptography,destructive,11,"decryption,
forger,
tamper,
recover,
replay,
corruption,
break,
hacking,
encrypt,
decrypt,
eavesdropping,
plaintext,
key,
plaintext recovery,
cipher,
sign,
signature,
scramble,
plaintext scramble,
hash,
signatures,
fingerprinting,
exfiltration,
injection,
cracking,
eavesdropping,
data,
encryption,
analysis,
decentralized,
digital,
denial of service,
interception,
man-in-the-middle,
mitm,
plaintext interception,
cryptography,
secretary,
cybersecurity,
cryptographic,
attack,
forensic,
malware,
spoofing,
phishing,
proxy,
network,
synchronization,
backdoor,
tunnel,
tunnelling,
reverse engineering,
code analysis,
code obfuscation,
encryption protocols,
cipher suites,
data integrity checks,
data confidentiality checks,
cryptography algorithms,
ciphertexts,
plaintexts,
ciphersuits,
crypto keys,
crypto systems,
cryptosystems,
data encryption standards,
cipher blocks,
cyclic reinstallation,
cryptography infrastructure,
secure communication,
secure key exchange,
digital signatures,
encrypted data,
digital signatures,
encryption operations,
encryption methods,
encryption functions,
digital certificates,
public-key cryptography,
private-key cryptography,
symmetric encryption",analysis attack blocks break checks cipher code communication crypto data decrypt digital encrypt encrypted encryption engineering exchange functions hash key keys man methods middle network operations plaintext private protocols proxy public recover reverse secure service sign signature systems the
cryptography,destructive,12,"encryption
decryption
hashing
digest
fingerprint
randomness
quantum computing
man-in-the-middle attack
double-spend
key cracking
digital signature
signature verification
plaintext extraction
cyberespionage
siphoning funds
code-breaking
cryptography attacks
data recovery
backdoors
neutrino traps",attack attacks breaking code data digest digital double encryption key man middle plaintext signature the verification
cryptography,destructive,13,"decryption, forgery, tampering, encryption, decompiling, reverse engineering, cryptographic analysis, cryptographic attacks, malicious code, obfuscation, key recovery, hash cracking, digital signatures, hash forgery, rainbow table attack, hash breaking, key guessing, ciphertext recovery, side-channel attacks, brute force, cryptanalysis, data forensics, key recovery, hash injection, data mining, digital signature forgery, digital envelope forgery, key exchange forgery, key recovery from memory, key recovery from file, key reuse, key generation, key stretching, key length reduction, key expansion, key extraction, key derivation, key aliasing, key replacement, key splitting, key cloning, key recovery from disk, key recovery from network, key recovery from file or database, key recovery from USB flash drive, key recovery from smart card, key recovery from hardware, key recovery from firmware, key recovery from software, key recovery from user account, key recovery from device driver, key recovery from BIOS, key recovery from BIOS firmware, key recovery from USB key, key recovery from CD/DVD, key recovery from DVD, key recovery from Blu-ray disc, key recovery from USB stick, key recovery from mobile phone, key recovery from personal computer, key recovery from server",account analysis attack attacks bios breaking card channel code computer data database device digital disc disk drive driver encryption engineering exchange file flash force from generation hardware hash key length memory mobile network personal phone ray replacement reuse reverse server side signature smart software stick table usb user
cryptography,destructive,14,"decryption
forgery
tampering",
cryptography,destructive,15,"Decryption,
Forgery,
Tampering,
Hashing,
Cracking,
Cryptanalysis,
Entropy,
Anonymity,
Hijacking,
Data recovery,
Key recovery,
Plausibility,",data entropy key
cryptography,destructive,16,"decryption attack, forgery attack, encryption, key generation, key cracking, decryption oracle, digital signature, hash function, brute force, watermarking, side-channel attacks, ciphertext breaking, message digest, key exfiltration, cipher suite selection, padding oracle attack, brute force in ciphers, plaintext recovery, hash verification, key expansion, key reuse, digital envelope, cryptanalysis, obfuscation, side-channel leakage, block cipher, key expansion attack, stream cipher, cryptanalysis technique, pre-image attack, digital signal analysis, key guessing, key exchange, key agreement, public key infrastructure, symmetric-key cryptography, cryptanalytic method, key exposure, digital homomorphism, key compromise, digital signature attack",analysis attack attacks block breaking channel cipher digest digital encryption exchange force function generation hash image key message method oracle padding plaintext pre public reuse selection side signal signature stream suite verification
cryptography,destructive,17,"decryption, forgery, tampering, key recovery, encryption, hash breaking, digital signatures, data recovery, message forgery, signature forgery, key recovery attack, brute force, side-channel attacks, obfuscation, hashing, digital signing, encryption cracking, malware detection, network interception, data theft, digital fingerprinting",attack attacks breaking channel data digital encryption force hash key message network side signature
cryptography,destructive,18,"cryptography,
decryption,
foregoering,
tampering,
secretly,
plaintext,
cryptanalysis,
eavesdropping,
deception,
encryption,
underground,
brute-forcing,
hashing,
cipher text,
digital signatures,
public key infrastructure,
private key infrastructure,
plaintext exchange,
broken encryption,
encrypted communication,
key recovery,
sentry of secrets,
double encryption,
reverse engineering,
man-in-the-middle,
cyber warfare,
crypto attacks,
digital forensics.
I hope these lists help you explore the world of cryptographic and related topics!",and attacks broken cipher communication crypto digital double encrypted encryption engineering exchange forcing help hope key lists man middle plaintext private public related reverse text the these topics world you
cryptography,destructive,19,"decryption, forgery, tampering, encryption, breaking, recovery, recovery of data, alteration of information, secret key, key recovery, key recovery technique, cryptanalysis, cryptographic attack, key generation, key management, decryption failure, encryption failure, brute force attack, digital signature, watermarking, digital envelope, hash function, fingerprinting, key distribution, key exchange, message digest, digital rights management, digital signatures, password cracking, password hashing, authentication mechanism, digital certificate, digital wallet, blockchain technology, secure communication, secure hash algorithm, public-key infrastructure, digital forensics, digital envelope, digital signature, encryption method, digital watermarking, digital signature verification, digital signature creation, digital certificate issuance, digital certificates, digital signature validation, digital signature implementation, digital signature algorithm, digital signature security, digital signatures, digital signatures in practice, digital signatures in cryptography, cryptographic keys, cryptographic algorithms, cryptographic protocols, cryptographic operations, digital ciphers, digital signatures, digital signatures and applications, digital signatures and key management, digital signatures and their uses, digital signatures and their principles, digital signatures and their evolution, digital signatures and their history, digital signatures and their impact on cybersecurity, digital signatures and their importance, digital signatures and their role in security technologies, digital signatures",algorithm and applications attack authentication breaking certificate communication creation data digest digital distribution encryption exchange failure force function generation hash history impact implementation information key keys management message method operations password practice protocols public rights role secret secure security signature technology their uses validation verification wallet
cryptography,destructive,20,"Here are 256 unique destructive related to cryptography:

1. Decryption
2. Forgery
3. Tampering
4. Key Recovery
5. Brute Force Attack
6. Eavesdropping
7. Side-channel Attacks
8. Data Integrity
9. Digital Signatures
10. Authentication
11. Hash Function
12. Message Digests
13. Password Hashing
14. Encryption Algorithms
15. AES
16. RSA
17. SHA
18. DES
19. Blowfish
20. RC4
21. ECC
22. Elliptic Curve Cryptography
23. Diffie-Hellman Key Exchange
24. Public-Key Cryptosystems
25. Digital Signature Algorithm (DSA)
26. ElGamal Cryptography
27. Lattice-Based Cryptography
28. Homomorphic Encryption
29. Blind Encryption
30. Non-interactive Assuring of Knowledge (NIIK) Protocols
31. Zero-Knowledge Proofs
32. Zero-Knowledge Arguments
33. Protocol Security
34. Crypto Attacks
35. Crypto Theft
36",aes algorithm are arguments attack attacks authentication based blind channel crypto curve data des digital dsa ecc encryption exchange force function hash here interactive key knowledge message non password protocol protocols public related rsa security sha side signature unique zero
social_engineering,defensive,1,"1. Awareness
2. Communication
3. Identification
4. Knowledge
5. Mocking
6. Response
7. Scanning
8. Trust
9. Verification
10. Exploitation
11. Denial-of-Service (DoS)
12. Phishing
13. Email-Spam
14. Social-Landing-Page
15. Spear Phishing
16. Email-Bot
17. Account-Verification
18. Bait-and-Swab
19. Fake-Messenger
20. Social-Engineering
21. Identity Theft
22. Malware-Detection
23. Password-Phishing
24. Bot-Creation
25. Online-Social-Engineering
26. Email-Audit
27. Social-Security-Identification
28. Account-Balancing
29. Password-Change
30. Spyware-Prevention
31. Phishing-Protection
32. Email-Smuggling
33. Email-Spam-Reduction
34. Social-Landing-Scheme
35. Email-Tracking
36. Social Engineering-Maintenance
3",account and audit bot change communication creation dos email engineering fake identification identity knowledge landing maintenance online page password response scheme security service social spam tracking trust verification
social_engineering,defensive,2,"defensive culture, educate, inform, implement, awareness-raising, training, verify, identify, detect, mitigation, detection, phishing-prevention, security awareness, security education, security assessment, security auditing",assessment culture detect education identify implement inform raising security training verify
social_engineering,defensive,3,"1. Awareness
2. Communication
3. Training
4. Testing
5. Verification
6. Scanning
7. Patching
8. Patch scanning
9. Phishing awareness
10. Password awareness
11. Strong passwords
12. Secure credentials
13. Social media security
14. Online security
15. User education
16. User experience
17. Identity theft prevention
18. Identity theft detection
19. Data breach protection
20. Cybersecurity basics
21. Privacy and data protection
22. Information security
23. Security measures
24. Cybersecurity strategies
25. Social engineering techniques
26. Cybercrime prevention
27. Online banking security
28. Social engineering defense
29. Password management
30. Email safety
31. Social proof
32. Social engineering tactics
33. Vulnerability research
34. Insider threats
35. Employee training
36. Incident response plan
37. Social engineering attacks
38. Social engineering incidents
39. Social engineering prevention
40. Social engineering mitigation
41. Identity forgery
42.",and attacks communication credentials data defense education email employee engineering experience identity incident information management media online password patch plan privacy proof research response secure security social strong testing training user verification
social_engineering,defensive,4,"awareness  
training  
verification  
suspicion  
disregard  
misinformation  
communication  
identity  
identification  
mockery  
undermining  
insult  
confrontation  
distrust  
spoof  
reputation  
credibility  
pretense",communication identification identity training verification
social_engineering,defensive,5,"Adequate education, encryption, phishing detection, password management, security awareness, threat hunting, vulnerability assessments, user experience, compliance checks, data protection, identity theft prevention, incident response planning, malware removal, ethical hacking.",checks data education encryption ethical experience identity incident management password response security threat user
social_engineering,defensive,6,"identity theft prevention
social media manipulation
pretexts for deception
vulnerability testing
code-breaking
cyber espionage
phishing strategies
confidentiality breaches
information sharing
spoofing techniques
social engineering attacks
misdirection tactics",attacks breaking code engineering for identity information media sharing social testing
social_engineering,defensive,7,"awareness, prevention, testing, mitigation, phishing, tokenization, compromise, ethical hacking, penetration testing, red team exercises, skill assessments, knowledge sharing, social engineering training, phishing simulations, security audits, threat intelligence, vulnerability management, social engineering assessment, ethical business practices, insider threats, digital literacy, cyber hygiene, incident response planning, social engineering strategies, social engineering techniques, social engineering tools, network reconnaissance, identity theft prevention, social engineering analysis, cybersecurity awareness, phishing email spoofing, social engineering communication skills, social engineering deception, ethical hacker certification, insider risk management, social engineering research, social engineering simulation, password cracking methods, information gathering tactics, social engineering attacks, data encryption, human factors in technology, secure web browsing, social engineering attack vectors, identity theft prevention software, social engineering phishing tactics, malware detection and removal, social engineering recovery steps, social engineering vulnerability management, ethical computing practices, security compliance, social engineering investigation, social engineering penetration testing, ethical hacking courses, social engineering attack indicators, social engineering forensic analysis, social engineering social engineering, social engineering attacks, social engineering phishing, social engineering simulation, social engineering recovery, social engineering exploitation, social engineering communication, social engineering manipulation, social engineering deception, social engineering authentication, social engineering breach response, social",analysis and assessment attack attacks authentication business communication courses data digital email encryption engineering ethical human identity incident information intelligence knowledge management methods network password red research response risk secure security sharing simulation skill skills social software steps team technology testing threat tools training web
social_engineering,defensive,8,"identity theft prevention 
hacking education 
credential stuffing prevention  
social media manipulation prevention  
password reset warnings 
vulnerability scanning training  
data tampering training  
social engineering simulation exercises 
online identity forgery detection  
cybersecurity awareness campaigns 
botnet eradication strategies 
phishing protection workshops 
social proof management techniques 
code obfuscation training 
virtual machine recovery methods 
malware analysis courses 
ethical hacking certifications 
web application vulnerability assessment 
digital identity management education 
suspicious behavior identification tools 
social networking security best practices 
zero-day breach response plans",analysis application assessment behavior best code courses credential data day digital education engineering ethical identification identity machine management media methods online password plans proof reset response security simulation social tools training virtual warnings web zero
social_engineering,defensive,9,"identity theft protection  
social media harassment prevention  
cyberbullying education  
password reset methods  
honeypots design  
vulnerability assessment  
code sniffing awareness  
phishing attempts countermeasures  
botnet eradication  
data encryption implementation  
security audits  
misleading content removal",assessment code content data design education encryption identity implementation media methods password reset security social
social_engineering,defensive,10,"Social Engineering, Risk Assessment, Awareness Campaigns, Technical Skills Training, Penetration Testing, Social Media Influence, Identity Theft Prevention, Ransomware Awareness, Phishing Mitigation, Cybersecurity Awareness Week, Denial of Service Attack, Man-in-the-Middle Attacks, Social Media Manipulation, Exploiting Software Vulnerabilities, Social Engineering Scams, Online Banking Robbery, Social Networking Misuse, Spyware Usage, Data Exfiltration, Social Engineering Attacks, Social Engineering Tactics, Cybercrime Prevention",assessment attack attacks data engineering identity man media middle online risk service skills social software technical testing the training usage week
social_engineering,defensive,11,"1. Awareness
2. Training
3. Education
4. Threat Assessment
5. Communication Skills
6. Vulnerability Scanning
7. Social Engineering Prevention Tactics
8. Denial of Service Attacks
9. Password Cracking Strategies
10. Phishing Email Scavenger Hunt
11. Social Media Influence Campaigns
12. Malware Analysis Tools
13. Cybersecurity Best Practices
14. Identity Theft Prevention Techniques
15. Digital Forensics Investigation
16. Social Engineering Tactics Demonstration
17. Human Error Mitigation Strategies
18. Anti-Phishing Apps and Web Content
19. Social Engineering Attack Response Plan
20. Social Engineering Incident Response Procedures
21. Psychological Warfare Tactics
22. Social Engineering Tactics and Vulnerabilities Analysis
23. Social Engineering Attack Simulation Sessions
24. Social Engineering Defense Systems Development
25. Cyber Threat Identification Mechanisms
26. Social Engineering Attacks in News Reports
27. Social Engineering Attack Mitigation in Real-life Scenarios
28. Ethical Hacking Proficiency Testing
29. Social Engineering Threat Modeling Methods
30. Social Engineering Countermeasures Research
31. Social Engineering",analysis and anti apps assessment attack attacks best communication content defense development digital education email engineering error ethical human hunt identification identity incident life media methods news password plan real reports research response service sessions simulation skills social systems testing threat tools training web
social_engineering,defensive,12,"defence strategies
identity forgery prevention
social media manipulation techniques
email phishing tactics
vulnerability assessment and remediation
human-computer interaction security
tokenization attacks
data exfiltration methods
cybersecurity education campaigns
mitigating denial-of-service (DoS) attacks
phishing attack detection systems
malware protection measures",and assessment attack attacks computer data dos education email human identity interaction media methods security service social systems
social_engineering,defensive,13,"awareness, phishing, training, deception, authentication, prevention, exploitation, sabotage, identity, spoofing, obfuscation, anonymity, compromise, recovery",authentication identity training
social_engineering,defensive,14,"1. Awareness
2. Training
3. Verification
4. Denial-of-service
5. Phishing
6. Social-engineering-fraud
7. Social-engineering-pornography
8. Social-engineering-spam
9. Social-engineering-suspicious-activity
10. Cybersecurity-awareness-training
11. Denial-of-service-response
12. Phishing-routine
13. Social-engineering-misinformation
14. Social-engineering-threats
15. Social-engineering-exploitation
16. Cybersecurity-defensive-measures
17. Social-engineering-suspects
18. Social-engineering-criminals
19. Cybersecurity-intelligence-analysis
20. Social-engineering-disclosure
21. Social-engineering-scanner
22. Social-engineering-attack-defense
23. Social-engineering-security-system
24. Cybersecurity-prudent-practices
25. Social-engineering-attack-pattern
26. Social-engineering-risk-prevention
27. Cybersecurity-defensive-innovation
28. Social-engineering-identification-process
29. Social-engineering-vulnerability-management
30. Cyber",activity analysis attack defense engineering identification intelligence management pattern process response risk routine scanner security service social spam system training verification
social_engineering,defensive,15,"identity theft prevention education 
social engineering attacks prevention 
vulnerability education 
password management guidelines 
security training sessions 
cyber hygiene reminders 
honeypot construction and destruction 
ethical hacking workshops 
risk assessment techniques 
network security best practices 
social engineering detection tools  
cybersecurity awareness campaigns 
online identity theft risk reduction strategies 
misuse of personal information guidelines 
phishing emails prevention 
passwords' complexity enhancement principles 
data loss prevention protocols 
cyber threat intelligence analysis  
social media ethics promotion  
remote work cybersecurity measures 

These topics cover various aspects of protecting against social engineering activities, including awareness, training, and preventive actions designed to reduce the likelihood or impact of targeted attacks on individuals using social media or online platforms.",actions activities against analysis and assessment attacks best construction cover data education emails engineering ethical identity impact including information intelligence likelihood loss management media network online password personal promotion protocols reduce remote risk security sessions social the these threat tools topics training using work
social_engineering,defensive,16,"awareness
defensive
evaluation
education
training
verification
identification
misrepresentation
confirmation
trustworthiness
confidentiality
security
defense
scaring
understanding
liability",confirmation defense education evaluation identification security training verification
social_engineering,defensive,17,"1. Awareness  
2. Training  
3. Preparation  
4. Communication  
5. Verification  
6. Education  
7. Scams  
8. Exploits  
9. Threats  
10. Countermeasures  
11. Identity Theft  
12. Phishing  
13. Denial of Service (DoS)  
14. Social Engineering Attack (SE)  
15. Social Engineering Campaign (SEC)  
16. Psychological Manipulation  
17. Emotional Appeal  
18. Falsehoods  
19. Misinformation  
20. Confirmation Bias  
21. Cognitive Dissonance  
22. Scapegoating  
23. Social Comparison  
24. Prejudices  
25. Labeling  
26. Personalization  
27. Perceived Vulnerability  
28. Inappropriate Communication  
29. Suspicion  
30. Hesitation  
31. Lack of Trust  
32. Deception  
33. Concealment  
34. Delay  
35. Concealment  
36. Repeated Messages  
37. Misleading Information  
38. Manipulated Language  
39. Unforeseen Consequences  
40",attack bias campaign communication comparison confirmation delay dos education engineering identity information language messages sec service social training trust verification
social_engineering,defensive,18,"1. Awareness
2. Training
3. Identification
4. Verification
5. Authentication
6. Penetration Testing
7. Scanning
8. Spoofing
9. Phishing
10. Social Engineering Tactics
11. Social Proof
12. Trust Building
13. Identity Theft
14. Denial of Service (DoS)
15. Compromise
16. Privilege Escalation
17. Information Disclosure
18. Social Media Manipulation
19. Password Attack
20. Email Attacks
21. Breach Investigation
22. Malware Distribution
23. User Interaction
24. Data Integrity
25. Cybercrime Prevention
26. Online Reputation Management
27. Social Networking
28. Government Requirements
29. Financial Fraud
30. E-Commerce Risks
31. Security Awareness Campaigns
32. Social Engineering Attacks
33. Public Relations
34. Compliance Management
35. Business Ethics
36. Cyberbullying
37. Employee Training
38. Cybersecurity Metrics
39. Social Media Engagement
40. Regulatory Compliance
41. Identity",attack attacks authentication building business commerce data distribution dos email employee engineering financial government identification identity information interaction management media metrics online password proof public relations requirements security service social testing training trust user verification
social_engineering,defensive,19,"1. Awareness
2. Training
3. Communication
4. Response
5. Preparation
6. Execution
7. Identification
8. Verification
9. Detection
10. Penetration Testing
11. Denial of Service
12. Social Engineering Techniques
13. Phishing Attacks
14. Ransomware
15. Spyware
16. Malware Scams
17. Identity Theft
18. Insider Threats
19. Online Fraud
20. Social Media Manipulation
21. User Privacy
22. Data Breaches
23. Cybersecurity
24. Malicious Software Incidents
25. Network Intrusions
26. Physical Security Measures
27. Employee Training
28. Password Management
29. Secure Sockets Layer (SSL)
30. Digital Forensics
31. Advanced Persistent Threats (APT)
32. Remote Access Services (RAS)
33. Virtual Private Networks (VPNs)
34. Mobile Applications
35. Social Media Marketing
36. Social Media Algorithms
37. Content Protection Systems (CPS)
38. Artificial Intelligence for Cybersecurity
39",access advanced applications apt attacks communication content cps data digital employee engineering execution for identification identity intelligence layer management marketing media mobile network online password persistent physical privacy private ras remote response secure security service services social sockets software ssl systems testing training user verification virtual
social_engineering,defensive,20,"awareness  
training  
verification  
identification  
social engineering prevention  
cybersecurity awareness  
social media literacy  
identity theft prevention  
password hygiene  
man-in-the-middle attack defense  
phishing prevention  
vishing and vmail attacks  
spoofing attacks  
breach detection systems  
data breaches prevention  
suspicious behavior identification",and attack attacks behavior data defense engineering identification identity man media middle password social systems the training verification
social_engineering,educational,1,"1. Social Engineering
2. Information Gathering
3. Cybersecurity
4. Social Media Manipulation
5. Emotional Appeal
6. Password Phishing
7. Denial of Service (DoS) Attack
8. Social Proof Influence
9. False Confidence
10. Social Proof Strategy
11. Trust Manipulation
12. Online Reputation Management
13. Social Proof Tactics
14. Personalization Manipulation
15. Social Infiltration
16. Identity Theft Prevention
17. Social Networking Techniques
18. Social Media Marketing
19. Social Security Number Exploitation
20. Social Proof Psychology
21. Email Spam Manipulation
22. Fake News Dissemination
23. Social Media Advertising
24. Social Proof Tactics in Marketing
25. Psychological Manipulation
26. Fear Manipulation
27. Social Responsibility Awareness
28. Social Engineering Skills Development
29. Social Proof Communication
30. Social Engineering Techniques for Business
31. Social Media Ethical Issues
32. Social Proof Persuasion
33. Social Proof Engagement Strategies
34. Social Proof Misrepresentation
35. Social Proof Influence",attack business communication confidence development dos email engineering ethical fake false for identity information issues management marketing media news number online password proof security service skills social spam strategy trust
social_engineering,educational,2,"1. Social Engineering Analysis
2. Psychological Manipulation
3. Social Engineering Strategies
4. Influence Tactics
5. Target Acquisition Methods
6. Deception Techniques
7. Persuasion Techniques
8. Influence Building
9. Information Manipulation
10. Social Proof Studies
11. Social Media Manipulation
12. Cognitive Dissonance
13. Social Judgment Theory
14. Groupthink Psychology
15. Social Proof Bias
16. Social Comparison
17. Social Proof Culture
18. Social Media Manipulation
19. Cybersecurity Awareness
20. Ethical AI Design
21. Social Engineering Detection
22. Social Engineering Response
23. Social Engineering Attacks
24. Trust Bases in Social Engineering
25. Social Engineering Mitigation Strategies
26. Social Engineering Vulnerabilities
27. The Psychology of Social Engineering
28. Social Engineering Research
29. The Psychology of Social Engineering
30. How It Works
31. Social Engineering and Ethics
32. Social Engineering Tactics in Security
33. Psychological Tricks in Social Engineering
34. Understanding the Human Element of Social Engineering
35. Social Engineering",analysis and attacks bases bias building comparison culture design element engineering ethical how human information media methods proof research response security social target the theory trust works
social_engineering,educational,3,"1. Social Engineering Techniques
2. Social Proof Psychology
3. Influence and Manipulation
4. Psychological Attack Methods
5. Persuasive Communication Skills
6. Cyber Attacks on Trust
7. Social Engineering Tactics
8. The Use of Persuasion in Business
9. Influence on Group Dynamics
10. Social Engineering Tactics Explained
11. How to Counter Social Engineering Attempts
12. Social Engineering Threats and Mitigation
13. Social Engineering Scenarios Analysis
14. The Psychology Behind Social Engineering
15. Understanding the Basics of Social Engineering
16. Using Influence in Online Settings
17. Crafting Effective Social Engineering Scenarios
18. Social Engineering for Identity Theft Prevention
19. Social Engineering Strategies for Financial Institutions
20. The Role of Psychology in Social Engineering
21. How to Identify Social Engineering Activities
22. Social Engineering Tactics Overview
23. Social Engineering in Cybersecurity
24. Social Engineering Scenarios Explained
25. Understanding Social Engineering Risks
26. The Impact of Social Engineering on Cybersecurity
27. Social Engineering in Real-life Situations
28. Techniques for Controlling Social Engineering Scenarios
29.",activities analysis and attack attacks business communication counter effective engineering explained financial for group how identify identity impact life methods online overview proof real role settings skills social the trust use using
social_engineering,educational,4,"1. Social engineering
2. Cyberbullying
3. Email scams
4. Phishing attempts
5. Denial of Service attacks
6. Identity theft
7. Spyware and malware
8. Ransomware attacks
9. Malware infection
10. Online grooming
11. Online scams
12. Social media manipulation
13. Corporate espionage
14. Password hacking
15. Data breaches
16. Identity theft recovery
17. Online harassment
18. Cyberbullying prevention
19. Social networking scams
20. Cyber deception
21. Fake reviews
22. Online identity theft
23. Online fraud
24. Cyber extortion
25. Social engineering tactics
26. Social engineering attacks
27. Emotional manipulation
28. Psychological warfare
29. Online privacy invasion
30. Social network addiction
31. Online phishing
32. Online reputation management
33. Social media blackmail
34. Online identity theft
35. Cybersecurity education
36. Social engineering training
37. Cyberbullying intervention
38. Social media monitoring
39. Online identity verification
40",and attacks data education email engineering fake identity management media network online password privacy reviews service social training verification
social_engineering,educational,5,"Cybersecurity  
Social media manipulation  
Phishing attacks  
Online identity theft  
Policing techniques  
Hacking skills  
Rumor spreading  
Threat intelligence  
Password management  
Social networking scams  
Email phishing  
Social media manipulation 
Buddhist wisdom  
Psychological warfare  
Ethics in cybersecurity",attacks email identity intelligence management media online password skills social threat
social_engineering,educational,6,"Understanding Social Engineering:
- Psychological Manipulation
- Information Gathering
- Deception Tactics
- Emotional Influence
- Social Proof
- Confirmation Bias
- Groupthink
- Cyber-Spreading
- Pretexting
- Identity Theft
- Social Media Influence
- Whistleblowing
- Trust Escalation
- Digital Exploitation
- Social Engineering Techniques",bias confirmation digital engineering identity information media proof social trust
social_engineering,educational,7,"1. Social Engineering Tactics
2. The Psychology Behind Social Engineering
3. Influence Techniques in Social Engineering
4. Psychological Warfare in Social Engineering
5. Social Engineering Tactics Analysis
6. The Role of Psychology in Social Engineering
7. Persuasion Strategies in Social Engineering
8. How to Manipulate People Using Psychology
9. Psychological Manipulation in Social Engineering
10. Social Engineering Attacks on Human Behavior
11. The Science Behind Social Engineering Manipulations
12. The Impact of Social Engineering on People's Decision Making
13. The Psychology of Social Engineering Manipulations
14. Psychological Tactics Used in Social Engineering 
15. The Effectiveness of Social Engineering Tactics
16. How to Identify and Deceive People in Social Engineering
17. The Psychology behind the Use of Social Engineering
18. The Psychology Behind Social Engineering Tactics
19. How To Counteract Social Engineering Influence
20. The Psychology Behind Social Engineering Influence
21. The Psychology of Social Engineering Tactics
22. The Effects of Social Engineering Tactics on Victims' Behavior
23. How to Detect and Mitigate Social Engineering Influences
24. The Psychology Behind Social Engineering Manipulations 
25. The Role of",analysis and attacks behavior decision detect effects engineering how human identify impact making people role science social the use used using
social_engineering,educational,8,"1. Social Engineering
2. Cyber Security 
3. Influence Tactics
4. Psychological Manipulation 
5. Posing as Authority 
6. Denial of Service 
7. Ransomware 
8. Social Media Tactics
9. Identity Theft 
10. Spear Phishing 
11. Conformist Behavior 
12. Social Proof
13. Brainwashing Techniques
14. Whistleblowing 
15. Social Engineering Tactics
16. Social Media Marketing
17. Online Fraud 
18. Pre-Authenticating Websites
19. Social Fabrication
20. Emotional Manipulation
21. Psychological Manipulative Tactics
22. Information Disclosure 
23. Online Identity Scam
24. Social Engineering Tactics 
25. Inadvertent Exploitation
26. Post Authenticating Websites
27. Social Proof Influences 
28. Identity Theft Tactics 
29. Conformist Communication Methods 
30. Social Engineering Skills 
31. Cyber Threat Simulation 
32. Social Networking Manipulation 
33. Social Engineering Strategies 
34. Social Engineering Tactics 
35. Psychological Manipulated Interaction 
36. Social Engineering Skills Training",authority behavior communication engineering identity information interaction marketing media methods online posing post pre proof security service simulation skills social threat training
social_engineering,educational,9,"1. Social Engineering
2. Cybersecurity
3. Information Manipulation
4. Ethical Hacking
5. Identity Theft
6. Psychological Influence
7. Social Engineering Techniques
8. Persuasion Tactics
9. Information Scoring
10. Social Proof Manipulation
11. Emotional Impact
12. Psychological Disguise
13. Social Contract Manipulation
14. Cyber-Sophistry
15. Informed Consent Misuse
16. Social Media Manipulation
17. Online Identity Verification
18. Social Proof Bias
19. Trust Fraud Manipulation
20. Cyber Security Awareness Campaigns
21. Social Engineering Attacks
22. Social Engineering Tactics Overview
23. Social Engineering Research Methods
24. Social Engineering in Cyber Crime
25. How Cybersecurity Breaches Occur Through Social Engineering
26. Social Engineering Scenarios Analysis
27. The Psychology of Social Engineering
28. Social Engineering Tools and Techniques
29. Social Engineering in Cybersecurity
30. Social Engineering Threats and Solutions
31. Social Engineering Risks
32. The Role of Cybersecurity Professionals in Preventing Social Engineering Scenarios
3",analysis and attacks bias contract crime engineering ethical how identity impact information media methods online overview proof research role security social the through tools trust verification
social_engineering,educational,10,"1. Social Engineering
2. Information Gathering
3. Ransomware
4. Phishing
5. Email Spoofing
6. Social Media Manipulation
7. Identity Theft
8. Online Fraud
9. Cybersecurity Education
10. Spyware Awareness
11. Social Proof Manipulation
12. Emotional Manipulation
13. Denial of Service (DoS)
14. Brainwashing
15. Lying in Person
16. Pบม้า攻击
17. Password-Phobia
18. Virtual Reality Scam
19. Embezzlement
20. Ransomware Prevention
21. Social Media Marketing
22. Psychological Manipulation
23. Identity Theft Prevention
24. Cyberbullying
25. Phishing Prevention
26. Social Media Influencer
27. Social Engineering Detection
28. Online Crime Prevention
29. Identity Theft Detection
30. Cybersecurity Training
31. Social Engineering Attacks
32. Online Privacy Protection
33. Digital Forensics
34. Social Media Influence
35. Internet Addiction Disorder
36. Cyberstalking
37.",attacks crime digital dos education email engineering identity information internet lying marketing media online password person privacy proof service social training virtual
social_engineering,educational,11,"- Social engineering techniques  
- Psychological manipulation  
- Influence tactics  
- Scammer analysis  
- Social media engagement  
- Pretexting methods  
- Denial of service attacks  
- Impersonation schemes  
- Social engineering theories  
- Phishing simulation  
- Information gathering  
- Emotional manipulation  
- Online scams  
- Psychological sabotage  
- Ransomware exploitation",analysis attacks engineering information media methods online service simulation social
social_engineering,educational,12,"Identity theft, phishing, social engineering, password hacking, deception, cyberbullying, reputation management, money laundering, online identity scams, identity theft prevention, social media manipulation, malware penetration, cyber crime, spyware removal, ransomware protection, digital identity forgery, privacy concerns",crime digital engineering identity management media money online password privacy social
social_engineering,educational,13,"- Social Engineering
- Psychological Manipulation
- Influence Techniques
- Denial of Service (DoS)
- Phishing
- Email Exploitation
- Impersonation
- Social Networking (Social Engineering Tactics)
- Identity Theft Prevention
- Cyberbullying
- Social Proof
- Lying
- Ransomware
- Social Media Manipulation",dos email engineering identity lying media proof service social
social_engineering,educational,14,"Social Engineering Techniques, Social Engineering Attack Strategies, Social Engineering Tactics, Social Engineering Risks, Social Engineering Attacks, Social Engineering Manipulation, Social Engineering Influence Methods, Social Engineering Psychological Manipulation, Social Engineering Deception Techniques, Social Engineering Information Gathering, Social Engineering Denial of Service, Social Engineering Phishing, Social Engineering Email Spoofing, Social Engineering Bait and Switch, Social Engineering Ransomware Exploitation, Social Engineering Spyware Installation, Social Engineering Denial of Service (DDoS) Attacks, Social Engineering Botnet Activation, Social Engineering Malware Distribution, Social Engineering Online Scams, Social Engineering Insider Trading, Social Engineering Identity Theft, Social Engineering Cyber Espionage",activation and attack attacks distribution email engineering identity information installation methods online service social switch
social_engineering,educational,15,"Social engineering techniques include:
- Influence manipulation
- Psychological impact
- Social perception manipulation",engineering impact include social
social_engineering,educational,16,"Identity Theft 
Phishing
Baiting
Social Engineering
Hacking
Luring
Ponies
Stealing
Spoofing
Spyware
Mimicry
Pamphlet
Vishing
Email
Password
Tollboots
Traps
Threats
Ransomware
Whistleblowing
XSS
SQL Injection",email engineering identity password social sql
social_engineering,educational,17,"1. Social Engineering
2. Phishing
3. Ransomware
4. Denial of Service (DoS)
5. Breach Detection
6. Malware Scanning
7. Social Media Manipulation
8. Identity Theft
9. Online Marketing
10. Cybersecurity
11. Passwords
12. Password Attacks
13. Social Media Influence
14. Fake Reviews
15. Social Hacking
16. Viral Marketing
17. Spyware
18. Web Browsing
19. Email Spammers
20. Phishing Emails
21. Social Engineering Scams
22. Social Engineering Tactics
23. Social Media Influence Techniques
24. Online Identity Theft
25. Password Forensics
26. Cyber Security Awareness
27. Social Engineering in Advertising
28. Online Identity Fraud
29. Social Engineering Research
30. Password Recovery
31. Online Identity Theft
32. Social Engineering Involvement
33. Social Engineering in E-commerce
34. Social Engineering in Education
35. Online Identity Theft
36. Cyber Security Awareness
37. Social Engineering Involvement",attacks commerce dos education email emails engineering fake identity marketing media online password research reviews security service social web
social_engineering,educational,18,"1. Social Engineering
2. Manipulation
3. Psychological Warfare
4. Infiltration
5. Cyber Psychology
6. Emotional Influence
7. Persuasion Tactics
8. Social Proof
9. Social Engineering Attacks
10. Identity Theft
11. Online Advertising
12. Information Gathering
13. Social Media Marketing
14. Email Scams
15. Virtual Ponzi
16. Social Engineering Risks
17. Digital Literacy
18. Psychological Manipulations
19. Social Engineering Tactics
20. Identity Theft Prevention
21. Online Viral Marketing
22. Social Engineering Scams
23. Psychological Exploitation
24. Cyber Security Awareness
25. Social Engineering Threats
26. Cyberbullying
27. Online Fraud
28. Cyber Crime
29. Social Engineering in Business
30. Identity Theft Prevention Techniques
31. Psychological Warfare in Business
32. Online Marketing
33. Email Phishing
34. Social Engineering in Education
35. Digital Currency Flotation
36. Online Identity Theft
37. Cybersecurity for Business
38. Cybercrime in",attacks business crime currency digital education email engineering for identity information marketing media online proof security social virtual
social_engineering,educational,19,"1. Social Engineering Techniques  
2. Psychological Influence  
3. Persuasion and Manipulation  
4. Social Engineering Tactics  
5. Influence and Persuasion  
6. Social Engineering Methods  
7. Social Engineering Attacks  
8. Psychological Impact on Behavior  
9. Understanding and Deception Techniques  
10. Influencing People's Actions  
11. Social Engineering Strategies  
12. Psychological Manipulation in Education  
13. Social Engineering Tactics in Education  
14. Influence and Persuasion in Educational Settings  
15. Social Engineering for Teaching  
16. Understanding Social Engineering in Schools  
17. Psychology of Social Engineering  
18. Influenza through the eyes of the educated  
19. The Art of Social Engineering  
20. How We Learn Through Social Engineering  
21. Social Engineering in Higher Education  
22. Psychology of Influencing Students  
23. Social Engineering in Corporate Training  
24. Social Engineering in Cybersecurity  
25. Manipulating people's behavior in education  
26. The Psychological Underpinnings of Social Engineering  
27. Social Engineering: A Comprehensive Guide  
28. The Effects of Social Engineering on Learning  
29. Understanding the Social Engineering Cycle  
3",actions and art attacks behavior cycle educated education effects engineering eyes for guide higher how impact learn learning methods people schools settings social students the through training
social_engineering,educational,20,"1. Social Engineering Attacks  
2. Psychological Warfare  
3. Persuasion Techniques  
4. Influence Operations  
5. Denial of Service (DoS)  
6. Social Proof Effect  
7. Impersonation Scam  
8. Social Engineering Tactics  
9. Psychological Manipulation  
10. Identity Theft Simulation  
11. Social Proof Psychology  
12. Information Gathering  
13. Deception Techniques  
14. Social Media Influence  
15. PIRG Fundraiser  
16. Emotional Marketing  
17. Ransomware Scams  
18. Trust-Building Missteps  
19. Social Fabric Manipulation  
20. Cyberbullying Prevention  
21. Psychological Satire  
22. Emotional Intelligence in Tech  
23. Social Security Numbers Scam  
24. Social Engineering Disguise  
25. In-game Scams  
26. Social Media Deception  
27. Ethical Hacking Misconduct  
28. Psychological Projection  
29. Social Engineering Vulnerabilities  
30. Social Media Manipulations  
31. Social Engineering Tactics Review  
32. Digital Identity Fraud  
33. Cybersecurity Misuse  
34. Online Identity Theft Prevention",attacks building digital dos effect engineering ethical fabric game identity information intelligence marketing media numbers online operations projection proof review security service simulation social tech trust
social_engineering,offensive,1,"1. Tailgating 
2. Baiting
3. Pretexting
4. Phishing
5. Social Engineering
6. Scammer
7. Pinger
8. Ransomware
9. Spoofing
10. Exploitation
11. Denial of Service (DoS)
12. Racking the Dice (Raging Bull)
13. Email Phishing
14. Injections
15. Malvertising
16. Spear Phishing
17. Web Scraping
18. Whaling
19. Rambunctiousness
20. Siphonage
21. Sniffing
22. Eavesdropping
23. Tipping
24. Twisting
25. Tricking
26. Swindling
27. Weasel
28. Trolling
29. Trap Door
30. Riddle
31. Trick
32. Tip-Off
33. Scare
34. Wavering
35. Vagueness
36. Vague
37. Vicarious
38. Victim
39. Vortex",bull dice door dos email engineering off service social the tip trap victim web
social_engineering,offensive,2,"1. Pretext
2. Baiting
3. Tailgating
4. Spearphone
5. Phishing
6. Man-in-the-Middle (MITM)
7. Eavesdropping
8. Spoofing
9. Social Engineering Simulation (SES)
10. Social Engineering Attack (SA)
11. Searing
12. Smuggling
13. Scamming
14. Fraudulent Contact
15. Tricking
16. Hacking
17. Exploitation
18. Ransomware
19. Stealing Information
20. Exploiting Vulnerabilities
21. Identity Theft
22. Phony Messages
23. Online Pawning
24. Deception Techniques
25. Phony Offers
26. Phony Emails
27. Phony Messages
28. Phony Phone Calls
29. Phony Websites
30. Phony SMS
31. Phony App Downloads
32. Phony Web Hosting
33. Phony Web Content Providers
34. Phony Payment Gateways
35. Phony Business Cards
36. Phony Email Addresses",addresses app attack business calls cards contact content downloads email emails engineering identity information man messages middle offers online payment phone phony providers ses simulation sms social the web
social_engineering,offensive,3,"1) Pretexting
2) Baiting
3) Tailgating",
social_engineering,offensive,4,"exploit
scammer
snitch
vouch
shill
punchline
troll
confrontation
spearphishing
spoof
insult
cheat
whistleblow
rally
backdoor",
social_engineering,offensive,5,"1. Pretense
2. Trap
3. Ruse
4. Trickery
5. Fraudulence
6. Confrontation
7. Phishing
8. Suggestion
9. Scare
10. Deception
11. Hug
12. Manipulation
13. Induce
14. Persuade
15. Persuasion
16. Influence
17. Tempering
18. Impersonate
19. Fabricate
20. Disguise
21. Conceal
22. Confuse
23. Expose
24. Mislead
25. Mock
26. Play on
27. Lure
28. Ploy
29. Trick
30. Deceive
31. Riddle
32. Delusion
33. Ponder
34. Conformity
35. Admiration
36. Respect
37. Loyalty
38. Confidence
39. Ignorance
40. Incredulity
41. Doubt
42. Doubting
43. Skepticism
4",confidence mock play ploy ponder respect trap
social_engineering,offensive,6,"1. Baiting
2. Tailgating
3. Pretexting
4. Phishing
5. Ransomware
6. Spyware
7. Spear phishing
8. Telemarketing
9. Whaling
10. Web scraping
11. Zero-day attacks
12. Social media manipulation
13. Email spoofing
14. Denial of Service (DoS)
15. Phishing in disguise
16. Clickjacking
17. Man-in-the-Middle (MITM) attacks
18. Spoofing
19. Social engineering scams
20. Identity theft
21. Social media monitoring
22. Cyberbullying
23. Phony email campaigns
24. Malformed emails
25. Online scams
26. Fraud detection
27. Online fraud
28. Scams
29. Social engineering techniques
30. Online identity theft
31. Social engineering in marketing
32. Social engineering for revenge
33. Identity theft scams
34. Online scamming
35. Cyberbullying tactics
36. Social engineering attacks
37. Online impersonation",attacks day dos email emails engineering for identity man marketing media middle online phony service social the web zero
social_engineering,offensive,7,"Bait
Tailgate
Pretext
Spoof
Trick
Lure
Pulse
Phony
Threat
Assumption
Punish
Rally
Deception",phony pulse threat
social_engineering,offensive,8,"1. Pretexting
2. Tailgating
3. Spoofing
4. Phishing
5. Social Engineering
6. Scammers
7. Sabotage
8. Thievery
9. Tapping
10. Troves
11. Voodoo
12. Xiphogram
13. Yankage
14. Ziggurat
15. Xylography
16. Zanqu
17. Zinko
18. Ziplo
19. Xzal
20. Zapla
21. Zapta
22. Zplu
23. Xplus
24. Daxu
25. Xaxu
26. Koxu
27. Dexu
28. Xoxu
29. Suxi
30. Muxi
31. Luxi
32. Cuxi
33. Duxi
34. Euxi
35. Eloxsi
36. Luxxsi
37. Cuxxsi
38. Poxu
39. Rix",engineering rix social
social_engineering,offensive,9,"- Pretexting
- Baiting
- Tailgating",
social_engineering,offensive,10,"1. Impersonation
2. Email phishing
3. Social media manipulation
4. Phone call scams
5. Fake message forgery
6. Phishing attempts
7. Baiting tactics
8. Tailgating invitations
9. Identity theft
10. Online shopping fraud
11. Password guessing tricks
12. Social engineering attacks
13. Malware distribution
14. Digital identity theft
15. Virtual reality hacking
16. Cyberbullying
17. Ransomware threats
18. Man-in-the-middle attacks
19. Online dating scams
20. Fake news propaganda
21. Web scraping exploitation
22. Remote access vulnerabilities
23. Mobile app penetration
24. Data breaches
25. Insider threat mitigation
26. Social networking vulnerability exploitation
27. Internet of Things (IoT) security
28. Social media harassment
29. Cyberinfrastructure attack
30. Corporate data loss
31. Online banking security
32. Employee credential stuffing
33. Phishing in the workplace
34. Fake website registration
35. Digital currency exchange scams
36. Social engineering during political",access app attack attacks call credential currency data dating digital distribution during email employee engineering exchange fake identity internet iot loss man media message middle mobile news online password phone political registration remote security shopping social the things threat virtual web website
social_engineering,offensive,11,"1. Pretexting
2. Baiting
3. Tailgating",
social_engineering,offensive,12,"Inflame, blackmail, trickery, intimidation, deception, impersonation, phishing, pretext, trick, lure, masquerade, fraud, deception, persuasion, coercion, charm, manipulation, bribery, extortion, denial, identity theft, disguise, disguise, deceive, entrapment, seduction, blackmail, bait, manipulation, control, infiltration, sabotage, exploitation, blackmail, abduction, deception, penetration, disruption, sabotage, infiltration, manipulation",charm control identity
social_engineering,offensive,13,"1. Social Engineering
2. Pretexting
3. Baiting
4. Tailgating
5. Phishing
6. Identity Theft
7. Lying
8. Hacking
9. Posing as Someone You Know
10. Ransomware
11. Deception
12. Scammers
13. Fraud
14. Misleading Promises
15. Insecure Login
16. Social Proof Manipulation
17. Denial of Service (DoS)
18. Information Gathering
19. Email Spoofing
20. Account Hijacking
21. User Interface Manipulation
22. Virtual Private Network (VPN) Exploitation
23. Social Media Influencer
24. Identity Management Systems (IMIS)
25. Phishing Emails
26. Cybersecurity Training
27. Social Media Ads
28. Social Networking Websites
29. Online Marketing Campaigns
30. Password Cracking
31. Digital Forensics
32. Malware Abduction
33. Identity Mismatch
34. Social Engineering Tactics
35. Identity Theft Prevention
36. Email Siph",account ads digital dos email emails engineering identity information interface know login lying management marketing media network online password posing private proof service social someone systems training user virtual vpn you
social_engineering,offensive,14,"Pretexting, baiting, tailgating, phishing, spearphishing, impersonation, duress, identity theft, malware infection, email spoofing, social media manipulation, code injection, ransomware attacks, pretext for financial gain, deception in business relationships, online scams, fake news, cyberbullying, phishing scams, impersonating high-ranking officials or politicians, social engineering, identity theft, password resets, phishing emails, social engineering tricks, pretext for loans or credit cards, social engineering for money, email hijacking, identity theft for personal information, deceptive marketing strategies, phishing websites, pretext for services or products, identity fraud, phishing scamming, pretexting with fake credentials or passwords, social engineering in entertainment industries.",attacks business cards code credentials credit email emails engineering fake financial for gain high identity information marketing media money news online password personal products ranking relationships services social with
social_engineering,offensive,15,"Baiting  
Tailgating  
Pretexting  
Spreading rumors  
Spoofing  
Leaking credentials  
Phishing  
Grooming  
Spear phishing  
Lure victims  
Ransomware infiltration  
Stealthy eavesdropping  
Virus infection  
Hacking  
Pinging servers  
Spamming emails  
Exploiting vulnerabilities  
Telemarketing  
Threats through fake messages",credentials emails fake messages servers through
social_engineering,offensive,16,"1. Pretexting
2. Baiting
3. Tailgating
4. Spoofing
5. Pishing
6. Phishing
7. Hacking
8. Scammers
9. Rats
10. Ponies
11. Trainers
12. Trolls
13. Whores
14. Mules
15. Damsels
16. Coppers
17. Sirens
18. Snakes
19. Witches
20. Wimps
21. Wimps
22. Weenie
23. Tummy
24. Flippers
25. Toots
26. Tails
27. Tootsie Rolls
28. Tootsies
29. Tootie
30. Tootin' Tattletale
31. Tootin'
32. Tooty
33. Tooting
34. Topping
35. Topper
36. Toeypuff
37. Toefly
38. Toffle
39. Tophole
40. Toopup
4",rats rolls tails
social_engineering,offensive,17,"abuse, blackmail, bribe, scam, phishing, trick, intimidation, coercion, deception, deception, extortion, penetration, persuasion, bribery, manipulation, disinformation, identity theft, impersonation, trickery, harassment, sabotage, betrayal, diversion, deception, forgery",identity
social_engineering,offensive,18,"Pretexting
Baiting
Tailgating",
social_engineering,offensive,19,"Pretexting
Baiting
Tailgating
Vishing
VoIP hacking
Phishing
Phony emails
Ransomware infections
Social engineering attacks
Threading through systems
Spear-phishing attempts
Teaming with others
Vishing scams
VoIP hijacking
Phishing for personal info
Social media manipulation
Telemarketing spear phishing
Fake online forums and communities
Email impersonation
Online fraud schemes
Stealing personal data
Social media monitoring
Phishing through fake news sources
Lure users into clicking links
Exploit vulnerabilities in systems
Misleading claims or offers
Rigging the system
Social engineering training and awareness campaigns
Social engineering tactics research and analysis",analysis and attacks claims data email emails engineering fake for forums info into links media news offers online others personal phony research social sources system systems the through training users with
social_engineering,offensive,20,"1. Pretext
2. Bait 
3. Tailgate
4. Phishing
5. Denial of Service (DoS)
6. Social Engineering Attacks
7. Spoofing
8. Social Media Manipulation
9. Email Spoofing
10. Password Cracking
11. Spyware
12. Ransomware
13. Identity Theft
14. Fraud Scamming
15. Malicious Social Media Posts
16. Hacking Attempts
17. Social Engineering Tactics
18. Social Engineering Methods
19. Social Engineering Strategies
20. Social Engineering Intrusions
21. Social Engineering Exploits
22. Social Engineering Scams
23. Social Engineering Risks
24. Social Engineering Vulnerabilities
25. Social Engineering Threats
26. Social Engineering Attacks on Government Systems
27. Social Engineering Attacks on Military Systems
28. Social Engineering Attacks in the Banking Industry
29. Social Engineering Attacks in the Healthcare Sector
30. Social Engineering Attacks in the Financial Services Sector
31. Social Engineering Attacks in Internet of Things Devices
32. Social Engineering Attacks on Educational Institutions
33. Social",attacks devices dos email engineering financial government identity industry internet media methods password posts sector service services social systems the things
social_engineering,evasive,1,"misinformation, diversion, trickery, disguise, camouflage, manipulation, deception, bluffing, disinformation, scare tactics, ploy, phishing, baiting, blackmail, pretext, tokenizing",ploy
social_engineering,evasive,2,"mislead, tricking, disguise, disinformation, obfuscate, bluff, camouflage, spoof, masquerade, camouflage, deceit, phishing, pretext, imposture, dupe, subterfuge, decoy, guile, ploy, cover up, hoodwinked",cover ploy
social_engineering,evasive,3,"misleading, disguise, trick, bluff, disguise, deceit, concealment, camouflage, confusion, disguise, mislead, deception, deceive, cover up, confuse, mask, mask-up, cover, hide, disguise, cover, fool, deceive, deceive oneself, fooling.",cover hide mask
social_engineering,evasive,4,"misleading, disguise, phishing, pretexting, tokenization, obfuscation, obfuscate, camouflage, deceptively, trickery, decoy, disguise yourself, fake it, bluff, ruse, subterfuge, masquerade, spoofing, camouflage yourself",fake
social_engineering,evasive,5,"mislead, confuse, deceive, bluff, dupe, bluffing, trick, disinformation, manipulation, phishing, bait, ploy, decoy, ruse, camouflage, obfuscate, masquerade, disguise, spoof, subterfuge, pretext, illusion, charade",illusion ploy
social_engineering,evasive,6,"misdirection  
deception  
framing  
spoofing  
phishing  
attestation  
mockery  
corrupt  
coercion  
sorcery  
demonstration  
pampering  
sham  
trick  
masking  
confusion  
perfunctory",
social_engineering,evasive,7,"mislead, trick, charade, disguise, distraction, bluff, obfuscate, coverup, decoy, diversion, disinformation, ploy, trickery, phony, impostor, sham, conveyance, guile, entice, masquerade, mask, disguise as, play on feelings, fake news",fake mask news phony play ploy
social_engineering,evasive,8,"misinformation
deception
suspense
chaos
confusion
inconvenience
misperception
disguise
trickery
ludacris
joke
skepticism
fear
distrust
puzzlement
winking",
social_engineering,evasive,9,"misleading, deceptive, bluffing, distraction, disguise, hypervisit, manipulation, disinformation, phishing, cult infiltration, psychological trick, blackmail, pretexting, intimidation, scare tactics, denial, deception, obfuscation, camouflage, camouflage, masquerade, disguise, disguise, disguise, deception",cult
social_engineering,evasive,10,"misdirections
deceptioners
frameholders
potsphole
disguised
masking
fooling
shyfoxes
steganography
lateralentrances
cheatsheets
currenciesyms",
social_engineering,evasive,11,"misleading, distraction, diversion, manipulation, disinformation, sleight of hand, bluffing, ploying, masquerading, ruse, disguise, decoy, guile, conceit, subterfuge, artful deceit",hand
social_engineering,evasive,12,"misinform
missed opportunity
mistaken identity
mystification
omission
parallax awareness
precaution
recall
reputation manipulation
sham access
subterfuge
underscoring
vexation
whistleblower
XOR technique",access identity recall xor
social_engineering,evasive,13,"misleading,
misrepresentation,
falsehood,
distraction,
distrust,
puzzlement,
concealment,
dissimulation,
muddle,
mockery,
scoffing,
confusion,
lamentation,
guilt,
blame,
fear,
betrayal,
misinformation,
fabrication,
pretence,
deception,
trickery,
insulting,
cunning,
charm,
joke,
deception,
illusion,
pretext,
hypocrisy,
corruption,
discrepancy,
bias,
prejudice,
doubt,
inference,
projection,
revelation,
misalignment,
mismatched,
distrustful,
humble,
naive,
ignorant,
understanding,
incomprehension,
confused,
bewildered,
frustrated,
indignant,
unreasonable,
ambiguous,
contradictory,
ambiguous,
inconsistent,
irregularities,
fraudulence,
malpractice,
slander,
dishonorable,
impolite,
offensive,
discrimination,
sexist,
benevolent,
humorous,
silly,
imperfect,
innocent,
reckless,
inconsiderate,
fooling,
cheating,
misuse,
abuse,
vulgar,",ambiguous bias charm illusion projection
social_engineering,evasive,14,"misdirection, deception, spoofing, phishing, pretexting, double-dealing, disguise, dupe, diversion, distraction, manipulation, tokenization, subterfuge, shadowboxing, obfuscation, obfuscation, disguise, decoy, distraction, obfuscation, disinformation, impersonation, masquerade, impersonation, imposture, camouflage, camouflage, disguise, disreputable, sleight of hand, deceptions, deceitful, trickery, charade, congraestration, guileless, guileless, guile, guileless, trickster, spy, espionage, stealth, sneaky, sneaky, sneak, sneaky, sneaky, sleuthing, sleuthing, sleuth, sleuth, sleuthing, sleuthing, sleuthing, sleuthing, sleuthing, sleuthing, sleuthing, sleuthing, sleuthing, sleuthing, sleuthing, sleuthing, sleuthing, sleuthing",double hand spy
social_engineering,evasive,15,"misinformation
spoofing
distraction
confusion
sham
pandering
sensationalism
disguise
masking
doublethink
misleading
deception
malignancy
hypocrisy
cheatiness
skepticism
liar tactics",
social_engineering,evasive,16,"misleading,
sophisticated,
misleadingly,
deceptionally,
fraudulently,
phrasal-syntactically,
cyber-safety-
evasive-related,
vulnerabilities,
spoofing,
confusion,
intimidation,
deceptive,
inadequate,
undercover,
simplifying,
insidious,
cryptanalysis,
maliciously,
hijacking,
pampering,
scare-ingly,
subterfuge,
disguise,
hypocritical,
distrustful,
sorcery,
luring,
manipulation.
The list is not exhaustive, but it represents the most common and widely recognized terms that can be used to describe various types of social engineering attacks or evasion strategies.",and attacks but can common describe engineering ingly list most not recognized related social terms that the types used
social_engineering,evasive,17,"misleading messages, deception tactics, phishing attacks, social engineering techniques, camouflage, distraction, social proof, baiting, identity theft, humanizing, obfuscation, diversion, masquerade, manipulation, impersonating, disguise, pretexting, hypocrisies",attacks engineering identity messages proof social
social_engineering,evasive,18,"mislead, trickery, obfuscate, confuse, disguise, deceive, bluff, mask, camouflage, obfuscation, deceit, cover-up, disguise, subterfuge, play on emotions, create suspicion, manipulate, masquerade, osmosis",cover create mask play
social_engineering,evasive,19,"misdirection, trickery, doublethink, distraction, disinformation, sleight of hand, bluffing, obfuscation, disguise, decoy, phishing, identity theft, ransomware, social media manipulation, pretexting, social engineering techniques",engineering hand identity media social
social_engineering,evasive,20,"misleading, trickery, obfuscation, disguise, subterfuge, doublethink, camouflage, masquerade, disinformation, decoy, bluffing, phony, disguise, disguise oneself, camouflage, cover, disguise oneself, disguise yourself, decoy, deceive, fool, fooling, spoofing, imposture, fraud, illusion, deception, sleight of hand, ploy, ruse, ploy, game, prank, trick, mislead, manipulate, deceitful, dishonest, trickery",cover game hand illusion phony ploy
social_engineering,destructive,1,"1. Manipulate
2. Coerce
3. Extortion
4. Fraud
5. Denial of Service (DoS)
6. Phishing
7. Spear Phishing
8. Social Engineering
9. Identity Theft
10. Ransomware
11. Cyber Crime
12. Compromise
13. Hacking
14. Exploitation
15. Misconfiguration
16. Privilege Escalation
17. Malware Deployment
18. Trojan Horse
19. Spoofing
20. Phishing Scare
21. Vandalism
22. Ransomware
23. Stealing Data
24. Password Attacks
25. Email Spoofing
26. Denial of Service
27. Exploit Attack
28. Information Disclosure
29. Social Media Poisoning
30. Account Takeover
31. Identity Theft
32. Ransomware
33. Social Engineering
34. Phishing Scare
35. Exploit Attack
36. Information Disclosure
37. Social Media Poisoning
38. Account Takeover
39. Identity Theft",account attack attacks crime data deployment dos email engineering horse identity information media password service social
social_engineering,destructive,2,"manipulation,
coercion,
extortion,
spearphishing,
spoofing,
identitytheft,
botnetspreadinfraud,
phoneboothattack,
emailbait,
socialsimulacrum,
viralspreadinfraud,
phishingmail,
maliciouswebsites,
socialengineering,
misleadingsenders,
socialswind,
hacking,
networkconan,
ransomware,
spywarespread,
dataexfiltration,
cyberbullying,
fakeaccounts,
disinformation,
socialengineeringattacks,
passwordcrackingspread,
vulnerabilitymanagement,
cybersecurityprogramming,
socialengineeredthreats,
socialengineeringstrategies,
cyberespionage,
socialengineerstechniques,
cyberattacks.
These terms capture the essence of damaging methods used in social engineering attacks.",attacks capture engineering methods social terms the these used
social_engineering,destructive,3,"manipulation,
coercion,
extortion,
sorcery,
cheating,
password guessing,
social engineering,
misinformation,
identity theft,
spoofing,
hacking,
baiting,
cyberbullying,
account hijacking,
phishing,
vandalism,
lack of trust,
deception,",account engineering identity password social trust
social_engineering,destructive,4,"1. Manipulation
2. Coercion
3. Extortion
4. Deception
5. Ransomware
6. Phishing
7. Rummaging
8. Siphoning
9. Scammers
10. Exploitation
11. Sabotage
12. Spyware
13. Exploit
14. Fraud
15. Hacking
16. Malware
17. Theft
18. Pwnage
19. Saboteur
20. Eavesdropping
21. Stealing
22. Exploiting
23. Smuggling
24. Lying
25. Misinformation
26. Denial of Service (DoS)
27. Stalking
28. Exploitation
29. Contaminating
30. Scamming
31. Phishing
32. Identity theft
33. Exploiting vulnerabilities
34. Exploiting systems
35. Disrupting operations
36. Deception
37. Controlling
38. Hijacking
39. Spreading misinformation
40. Deceptive advertising",dos identity lying operations service systems
social_engineering,destructive,5,"1. Manipulate
2. Coerce
3. Extortion
4. Sabotage
5. Phishing
6. Identity Theft
7. Hacking
8. Deception
9. Spear Phishing
10. Ransomware
11. Social Engineering
12. Denial of Service (DoS)
13. Botnet
14. Phishing Email
15. Phishing Website
16. Social Engineering
17. Scammer
18. Exploitation
19. Pwnage
20. Social Engineering
21. Identity Theft
22. Social Engineering
23. Hacking
24. Fraud
25. Phishing Email
26. Social Engineering
27. Phishing Website
28. Cyber Crime
29. Phishing Email
30. Social Engineering
31. Exploitation
32. Scam
33. Identity Theft
34. Phishing Email
35. Social Engineering
36. Phishing Website
37. Cyber Crime
38. Phishing Email
39. Social Engineering
40. Phishing Website
41. Cyber Crime",crime dos email engineering identity service social website
social_engineering,destructive,6,"manipulation, coercion, tricking, deceiving, blackmail, phishing, seditious, espionage, ransomware, malware, identity theft, deception, sabotage, pretexting, fraud, cult infiltration, mind control, cyberstalking, psychological warfare, denial of service, denial of authenticity",control cult identity mind service
social_engineering,destructive,7,"1. Manipulation
2. Coercion
3. Extortion
4. Denial of Service (DoS)
5. Phishing
6. Social Engineering Attacks
7. Denial of Knowledge (Knockoff)
8. Phony Information
9. Slander
10. Social Engineering Threats
11. Identity Theft
12. Social Engineering Scams
13. Ransomware
14. Cyberbullying
15. Phishing Scaretactics
16. Email Spoofing
17. Social Media Manipulations
18. Impersonation
19. Emotional Manipulation
20. Trust Deception
21. False Alarm
22. Misleading Information
23. Social Proof
24. Confirmation Bias
25. Cognitive Dissonance
26. Psychological Manipulation
27. Denial of Delivery
28. Denial of Payment
29. Denial of Entry
30. Denial of Benefit
31. Denial of Service (DoS)
32. Denial of Admission
33. Denial of Access
34. Denial of Engagement
35. Denial of Trust",access alarm attacks bias confirmation delivery dos email engineering entry false identity information knowledge media payment phony proof service social trust
social_engineering,destructive,8,"1. Phishing
2. Sabotage
3. Espionage
4. Manipulation
5. Coercion
6. Extortion
7. Deception
8. Ransomware
9. Identity theft
10. Cybercrime
11. Social engineering attack
12. Cyberstalking
13. Denial of service (DoS)
14. Man-in-the-middle (MitM)
15. Trojan horse
16. Spoofing
17. Social media fraud
18. Hacking
19. Spyware
20. Exploit
21. Social engineering deception
22. Social engineering tactics
23. Scammers
24. Online scams
25. Spearphishing
26. Rambus phishing
27. Phishing campaign
28. Phony identity
29. Social engineering attacks
30. Electronic fraud
31. Identity forgery
32. Social engineering simulation
33. Identity theft scam
34. Phish
35. Cyber extortion
36. Social engineering manipulation
37. Phishing diversion
38. Cyber crime
39. Social engineering trick",attack attacks campaign crime dos engineering horse identity man media middle online phony service simulation social the
social_engineering,destructive,9,"Exploitation, tricking, intimidation, deception, harassment, blackmail, ransom, blackmail, fraud, theft, denial, deception, deception, infiltration, disruption, sabotage, disinformation, deception, manipulation, coercion, exploitation, manipulation, deception, blackmail, coercion, extortion",
social_engineering,destructive,10,"1. Misrepresentation
2. Phishing
3. Denial of Service (DoS)
4. Social Engineering 
5. Ransomware 
6. Botnet 
7. Exploitation
8. Password Cracking
9. Online Hoax 
10. Identity Theft 
11. Fraud Scams
12. Spyware 
13. Data Breach 
14. Social Media Manipulation
15. Cyberbullying 
16. Social Networking 
17. Emotional Manipulation 
18. Psychological Warfare 
19. Disinformation Campaigns
20. Digital Infiltration 
21. Social Anonymization 
22. Cyber War 
23. Online Advertising 
24. Political Influence 
25. Social Engineering Tactics 
26. Online Identity Theft 
27. Corporate Espionage
28. Cybercrime 
29. Social Media Manipulation 
30. Identity Theft Prevention 
31. Cyber Warfare 
32. Online Ponzi Scheme 
33. Cybercrime Financing 
34. Social Engineering Attack 
35. Corporate Social Responsibility 
36. Online Marketing 
37. Social Norm Violations 
38. Cybersecurity Education 
39",attack data digital dos education engineering identity marketing media norm online password political scheme service social war
social_engineering,destructive,11,"1. Cyberbullying
2. Social Engineering Scareware
3. Identity Theft
4. Phishing Campaigns
5. Email Fraud
6. Account takeover
7. Malware Deployment
8. Spyware Evasion
9. Password Cracking
10. Ransomware Strike
11. Botnets
12. Denial of Service (DoS) Attacks
13. Social Media Manipulation
14. Virtual Private Network (VPN)
15. Man-in-the-Middle (MitM) Scams
16. Insider Threat Exploits
17. Identity-Based Access Management (IBAMA)
18. Social Engineering Exploits
19. Ransomware Infection
20. Spear Phishing
21. Breach Disclosure
22. Online Ponzi Scheme
23. Social Engineering Attack
24. Password Guessing
25. Social Engineering Simulation
26. Cybersecurity Awareness
27. Data Leakage
28. Social Engineering Tactics
29. Psychological Manipulation
30. Cyber Crime
31. Social Engineering Intrusion
32. Cyber Attack
33. Social Engineering Strategy
34. Identity Theft Detection",access account attack attacks based crime data deployment dos email engineering identity man management media middle network online password private scheme service simulation social strategy strike the threat virtual vpn
social_engineering,destructive,12,"Infiltration, exploitation, deception, manipulation, blackmail, ransomware, identity theft, phishing, pretexting, cult infiltration, ransom, hacking, data breach, disruption, impersonation, fraud, blackmail, stalking, espionage",cult data identity
social_engineering,destructive,13,"1. Exploitation
2. Perverse influence
3. Deception
4. Manipulation
5. Coercion
6. Extradition
7. Scam
8. Hacking
9. Sabotage
10. Influence
11. Fraud
12. Espionage
13. Poisoning
14. Bribery
15. Information theft
16. Denial of service
17. Ransomware
18. Disinformation
19. Psychological manipulation
20. Emotional blackmail
21. Identity theft
22. Financial fraud
23. Cyberbullying
24. Social media manipulation
25. Cybercrime
26. Insider threat
27. Data breach
28. Phishing
29. Malvertising
30. Viral marketing
31. Online identity forgery
32. Online identity theft
33. Online dating scams
34. Online advertising fraud
35. Online voting schemes
36. Online gambling scams
37. Online auctions scams
38. Online marketplaces scams
39. Online gaming scams
40. Online shopping scams
41.",data dating financial identity information marketing media online service shopping social threat
social_engineering,destructive,14,"spoofing, trickery, deception, fraud, hacking, impersonation, persuasion, trick, phishing, blackmail, identity theft, blackmail, manipulation, denial, theft, penetration, exploitation, disinformation, sabotage, infiltration, sabotage, deception, disruption, manipulation, intimidation, betrayal, espionage, breach, hijacking, cyberbullying, harassment, sabotage, theft, vandalism",identity
social_engineering,destructive,15,"1. Manipulation
2. Coercion
3. Extortion
4. Social Engineering
5. Identity Theft
6. Phishing
7. Ransomware
8. Email Spoofing
9. Denial of Service (DoS)
10. SQL Injection
11. Command Execution
12. CSRF
13. Cross-Site Scripting (XSS)
14. Brute Force
15. Spearphishing
16. Social Proof
17. Social Engineering
18. Cyberbullying
19. Impersonation
20. Phony Requests
21. Malvertising
22. Social Engineering Attack
23. Social Engineering Tactics
24. Online Puppets
25. Social Engineering Techniques
26. Phishing Emails
27. Do-Not-Contact-Us
28. Searched Links
29. Suspicious URL's
30. Password Attacks
31. Phishing Sites
32. Phishing Claims
33. Phishing Campaigns
34. Social Engineering Scam
35. Identity Forgery
36. Account Lockout
37. Phishing Website",account attack attacks claims command contact cross csrf dos email emails engineering execution force identity links not online password phony proof requests service site sites social sql url website
social_engineering,destructive,16,"1. Phishing
2. Malware
3. Denial of Service (DoS)
4. Brute Force Attack
5. Social Engineering Scam
6. Identity Theft
7. Ransomware
8. Password Cracking
9. Social Media Manipulation
10. Email Spoofing
11. Phake News
12. Online Hoax
13. Social Engineering Infiltration
14. Digital Ransomware
15. Fake Banking Transactions
16. Cyberbullying
17. Botnet Activation
18. Remote Access Control (RAC)
19. Social Engineering Attacks
20. Phishing Campaigns
21. Spyware
22. Online Fraud
23. Phishing Website Scams
24. Online Pinger Attack
25. Social Engineering Tactics
26. Identity Theft Through Emails
27. Ransomware Distribution Channels
28. Phishing E-mail Tactics
29. Digital Ransomware Scenarios
30. Social Engineering Attacks in Mobile Apps
31. Phishing Websites Scams
32. Online Ponzi Payouts
33. Social Engineering Scare Tactics
34.",access activation apps attack attacks channels control digital distribution dos email emails engineering fake force identity mail media mobile news online password rac remote service social through transactions website
social_engineering,destructive,17,"identity theft
social engineering fraud
email poisoning
phishing attacks
cyberbullying
botnet infection
phoney orders
password stuffing
spear phishing
virus infection
code injection
malware distribution
spoofing scams
pharming
code breakers
rootkits
ransomware infection
cheat sheets
confused users
infectious files
malicious software
man-in-the-middle
phishing diversion
viral marketing
misleading promotions
attacker's psychology",attacks code distribution email engineering files identity man marketing middle orders password sheets social software the users
social_engineering,destructive,18,"spoofing, deception, phishing, blackmail, identity theft",identity
social_engineering,destructive,19,"- Manipulate
- Coerced
- Extortion
- Exploitation
- Tricked
- Denial-of-service
- Social-engineering
- Spoof
- Disinformation
- Ransomware
- Social-vandalism
- Hijacking
- Denial-of-service
- Password-bypassing
- Email-sending
- Identity-harassment
- Phishing
- Siphon-out-data",data email engineering identity out password sending service social
social_engineering,destructive,20,"manipulation,
coercion,
extortion,
suggestion,
spoiler,
deception,
pamper,
trickery,
deception,
corruption,
cheat,
stealth,
concealment,
misinformation,
lure,
infiltration,
hacking,
passwordless,
identity theft,
fraud,
email attack,
phone call,
text message,
social media spread of misinformation,
botnet,
code injection,
phishing email,
malware download,
rootkit infection,
ransomware,
virus spread,
cyber warfare,
network compromise,
physical access,
access control bypass,
denial of service,
data breach,
online fraud,
botnet infection,
proxy hacking,
worm infection,
social engineering phishing,
attacker manipulation,
social engineering scam,
internet hijacking,
social engineering blackmail,
social engineering revenge,
ethical hacking,
cyber terrorism,
computer virus,
cyber espionage,
virtual reality deception,
cyber warfare propaganda,
cybersecurity vulnerabilities,
cyber infrastructure,
cyber warfare tactics,
cyber defense strategies,
cybersecurity risk analysis",access analysis attack call code computer control data defense download email engineering ethical identity internet media message network online phone physical proxy risk service social spread terrorism text virtual worm
