class,subclass,query,response,tokens_extracted
network_security,defensive,1,"Certainly! Here are 256 relevant domain-specific terms for defensive networks, with explanations:
1. **WAF**: Web Application Firewall - Advanced threat prevention technology that uses state-of-the-art machine learning techniques to identify and block malicious web applications.
2. **IDS (Intrusion Detection System)**: Intrusion Detection Systems - Networks that monitor and detect unauthorized access attempts and suspicious activities.
3. **IPS (Intrusion Prevention System)**: Intrusion Prevention Systems - Networks designed to protect against attacks before they can cause damage or compromise systems.
4. **AV (Antivirus Software)**: Antivirus software - Tools used to detect and remove malware, viruses, and other harmful content from computers and networks.
5. **VNF (Virtual Network Function)**: Virtual Network Functions - A type of service provided by cloud providers to create and manage virtual networks.
6. **DPI (Data Plane Interface)**: Data Plane Interface - A layer of network equipment that translates physical data flows into packet format for transmission through the network.
7. **DDoS (Distributed Denial of Service)攻击**: Distributed Denial of Service attack - An attempt to overwhelm network resources by sending an unusually large number of requests to a targeted server.
8. **NAT (",access activities advanced against and antivirus application applications are attack attacks attempt attempts before block can cause certainly cloud compromise computers content create damage data ddos defensive denial designed detect detection distributed domain-specific dpi equipment explanations firewall flows for format from function functions harmful here identify ids interface into intrusion ips large layer learning machine malicious malware manage monitor nat network networks number other overwhelm packet physical plane prevention protect provided providers relevant remove requests resources sending server service software state-of-the-art suspicious system systems targeted techniques technology terms that the they threat through tools translates transmission type unauthorized unusually used uses virtual viruses vnf waf web with
network_security,defensive,2,"1. Intrusion Detection System (IDS)
2. Network Security Policy (NSP)
3. Vulnerability Assessment Report (VAR)
4. Threat Intelligence (TI)
5. Denial-of-Service (DoS) Attack
6. Advanced Persistent Threats (APTs)
7. Data Center Protection
8. Endpoint Detection and Response (EDR)
9. Zero-Day Bug (ZDB)
10. Application Control List (ACL)
11. Network Address Translation (NAT)
12. Port Scanning
13. Intrusion Prevention System (IPS)
14. Firewall Configuration Guide
15. Next Generation Firewalls (NGFW)
16. Network Traffic Analysis Tools (NTA)
17. Intrusion Prevention System (IPS) Toolkit
18. Secure Boot Process
19. Network Forensics (NF)
20. Virtual Private Network (VPN)
21. Network Segmentation (NS)
22. Network Monitoring Software (NSS)
23. Secure Communication Protocol (SCP)
24. Vulnerability Assessment Tool (VAT)
25. Network Defense Strategy (NDS)
26. Network Performance Management (NPM)
27. Network Health Check (NHC)
28.",acl address advanced analysis and application apts assessment attack boot bug center check communication configuration control data defense denial-of-service detection dos edr endpoint firewall firewalls forensics generation guide health ids intelligence intrusion ips list management monitoring nat nds network next ngfw nhc npm nsp nss nta performance persistent policy port prevention private process protection protocol report response scanning scp secure security segmentation software strategy system threat threats tool toolkit tools traffic translation var vat virtual vpn vulnerability zdb zero-day
network_security,defensive,3,"1. **FW (Firewall)** - A device used to control access to internal networks based on predetermined security rules.
2. **IDS (Intrusion Detection Systems)** - Software or hardware devices that monitor network traffic and alert administrators when it detects potential threats.
3. **IPS (Intrusion Prevention Systems)** - Tools designed to detect and prevent cyberattacks before they can cause harm.
4. **NAT (Network Address Translation)** - A method for converting the public IP address into a private address, enabling the hiding of a machine’s internal network addresses.
5. **WAF (Web Application Firewall)** - A security solution designed to protect web applications from attacks such as SQL injection, cross-site scripting, and more.
6. **VLAN (Virtual Local Area Network)** - A logical division of a local area network (LAN) into virtual sub-networks using different broadcast domains.
7. **DNS (Domain Name System)** - A protocol used to translate human-readable domain names into numbers that computers can understand.
8. **SSL (Secure Socket Layer)** - A cryptographic protocol used to encrypt data transmitted over the internet.
9. **SSH (Secure Shell)** - An SSH protocol enables secure communication between remote hosts running Linux systems and a computer located at home or",access address addresses administrators alert and application applications area attacks based before between broadcast can cause communication computer computers control converting cross-site cryptographic cyberattacks data designed detect detection detects device devices different division dns domain domains enables enabling encrypt firewall for from hardware harm hiding home hosts human-readable ids injection internal internet into intrusion ips lan layer linux local located logical machine method monitor more name names nat network networks numbers over potential predetermined prevent prevention private protect protocol public remote rules running scripting secure security shell socket software solution sql ssh ssl sub-networks such system systems that the they threats tools traffic translate translation transmitted understand used using virtual vlan waf web when
network_security,defensive,4,"1. Blacklist (Block List)
2. Whitelist (Allow List)
3. Threat Detection
4. Endpoint Protection
5. Intrusion Prevention System (IPS)
6. Vulnerability Assessment
7. Denial of Service (DoS) Attack
8. Application Control (AC)
9. Port Filtering
10. Network Segmentation
11. Firewall Rules
12. Malware Scanning
13. Network Sniffer
14. Packet Analysis
15. Network Traffic Analytics
16. Intrusion Detection System (IDS)
17. Endpoint Monitoring
18. Vulnerability Remediation
19. Secure Software Updates (SSU)
20. Network Performance Monitoring (NPM)
21. Network Configuration Management (NCM)
22. Security Information and Event Management (SIEM)
23. Penetration Testing
24. Network Intruder Training
25. Vulnerability Scanner
26. Vulnerability Assessment Tools
27. Vulnerability Management Framework (VMF)
28. Network Intrusion Detection (NiD)
29. Intrusion Prevention Platform (IPP)
30. Network Security Policy
31. Endpoint Detection and Response (EDR)
32.",allow analysis analytics and application assessment attack blacklist block configuration control denial detection dos edr endpoint event filtering firewall framework ids information intruder intrusion ipp ips list malware management monitoring ncm network nid npm packet penetration performance platform policy port prevention protection remediation response rules scanner scanning secure security segmentation service siem sniffer software ssu system testing threat tools traffic training updates vmf vulnerability whitelist
network_security,defensive,5,"1. Intrusion Prevention System (IPS)
2. Network Access Control (NAC)
3. Intrusion Detection Systems (IDS)
4. Threat Intelligence
5. Intruder Detection Mechanism (IDM)
6. Vulnerability Assessment (VA)
7. Intrusion Detection Report (IDR)
8. Intrusion Detection Protocol (IDP)
9. Advanced Threat Defense (ATD)
10. Intrusion Scanning (IS)
11. Network Security Information and Event Management (NSIMM)
12. Firewall Filtering
13. Intrusion Prevention Network (IPN)
14. Intrusion Detection Technology (IDST)
15. Intrusion Detection Center (ICD)
16. Intrusion Detection Gateway (IDG)
17. Intrusion Detection System (IDS)
18. Intruder Identification and Detections (IDID)
19. Intrusion Detection System (IDS)
20. Network Security Guarding (NG)
21. Intrusion Detection Agent (IDA)
22. Network Security Guarding (NG)
23. Intrusion Detection Analysis (IDA)
24. Intrusion Detection Module (IDM)
25. Intrusion Detection Agent (IDA)",access advanced agent analysis and assessment atd center control defense detection detections event filtering firewall gateway guarding icd ida identification idg idid idm idp idr ids idst information intelligence intruder intrusion ipn ips management mechanism module nac network nsimm prevention protocol report scanning security system systems technology threat vulnerability
network_security,defensive,6,"1. Intrusion Detection System (IDS)
2. Network Intrusion Detection Protocol (NIDP)
3. Packet Filtering Service (PF-S)
4. Vulnerability Assessment Services (VAS)
5. Firewall Configuration Service (FCS)
6. Network Security Policy (NWP)
7. Packet Filtering (PF) Rules
8. Vulnerability Scanning (VS)
9. Network Address Translation (NAT)
10. Intrusion Prevention Systems (IPS)
11. Network Intrusion Detection (NID)
12. Packet Filter-Based Security (PFSBSS)
13. Vulnerability Scanner
14. Network Address Conversion (NAC)
15. Traffic Monitoring
16. Network Performance Management (NPM)
17. Intrusion Prevention Mechanism (IPMM)
18. Packet Filtered Security (PFS)
19. Vulnerability Scan (VSCAN)
20. Network Security Risk Assessment (NSRA)
21. Intrusion Protection Software (IPPS)
22. Network Intrusion Detection Framework (NIDEF)
23. Network Address Translation Service (NATS)
24. Network Security Incident Response Plan (NSIRP)
25. Network Security Audit (NSA)
26.",address assessment audit configuration conversion detection fcs filter-based filtered filtering firewall framework ids incident intrusion ipmm ipps ips management mechanism monitoring nac nat nats network nid nidef nidp npm nsa nsirp nsra nwp packet performance pf-s pfs pfsbss plan policy prevention protection protocol response risk rules scan scanner scanning security service services software system systems traffic translation vas vscan vulnerability
network_security,defensive,7,"1. Advanced Intrusion Detection Systems (AIDS)
2. Behavioral-based Intrusion Detection System (BIDS)
3. Behavior-Driven Network (BDN) Analysis
4. Behavior-based Intrusion Detection (BIID)
5. Behavior-based Network Security (BBNS)
6. Breach Notification Service (BNS)
7. Boundary-Based Network Detection (BBND)
8. Capable Network Intrusion Detection System (CNIDS)
9. Conditional Response Firewall (CRF)
10. Customizable Threat Monitoring (CTM)
11. DDoS Attack Detector (DDAC)
12. Edge-based Intrusion Detection (EBID)
13. Evidentiary Intrusion Detection (EID)
14. Exceptional Network Security Device (ENSD)
15. Firepower Protection Network (FPYN)
16. Forwarding-based Intrusion Detection (FBID)
17. Guest Network Security Device (GNSD)
18. High-Impact Traffic Classification (HITC)
19. Hybrid Network Intrusion Detection (HNID)
20. Inactive Network Intrusion Detection (INID)
21. Internalized Network Intrusion Detection (INED)
22. Knowledge-Based Intrusion Detection (KB",advanced aids analysis attack bbnd bbns bdn behavior-based behavior-driven behavioral-based bids biid bns boundary-based breach capable classification cnids conditional crf ctm customizable ddac ddos detection detector device ebid edge-based eid ensd evidentiary exceptional fbid firepower firewall forwarding-based fpyn gnsd guest high-impact hitc hnid hybrid inactive ined inid internalized intrusion knowledge-based monitoring network notification protection response security service system systems threat traffic
network_security,defensive,8,"1. Network Sniffing  
2. Intrusion Detection  
3. Packet Filtering 
4. Firewall Configuration  
5. Vulnerability Scanning 
6. Network Traffic Analysis  
7. Security Audit  
8. Denial of Service (DoS)  
9. Port Scanning  
10. Packet Mapping  
11. Network Protocol Detection  
12. Endpoint Identification  
13. Vulnerability Management  
14. Security Policy Development  
15. Network Monitoring Techniques  
16. Threat Intelligence  
17. Network Segmentation  
18. Network Performance Tuning  
19. Data Encryption  
20. Software Vulnerabilities  
21. Physical Security Devices  
22. Remote Access Control  
23. Network Address Translation  
24. Intrusion Prevention System  
25. Vulnerability Assessment  
26. Web Application Firewall  
27. Zero-Day Exploit  
28. Active Defense Strategy  
29. Network Address MAPPING  
30. Vulnerability Research  
31. Network Monitoring Software  
32. Advanced Persistent Threats  
33. Network Address Translation Reverse Path Redirects (NAT-RR)  
34. Vulnerability Discovery  
35. Network Intrusion Detection Systems  
36.",access active address advanced analysis application assessment audit configuration control data defense denial detection development devices discovery dos encryption endpoint exploit filtering firewall identification intelligence intrusion management mapping monitoring nat-rr network packet path performance persistent physical policy port prevention protocol redirects remote research reverse scanning security segmentation service sniffing software strategy system systems techniques threat threats traffic translation tuning vulnerabilities vulnerability web zero-day
network_security,defensive,9,"1. Firewall Filter
2. Packet Filtering
3. Application Layer Inspection
4. Source Routing
5. Destination IP Addressing
6. Port Range Inspection
7. Service Detection
8. TCP SYN Flood Detection
9. ICMP Echo Request
10. ICMP Echo Reply
11. ARP Poisoning Attack
12. DNS Leak Detection
13. IP Spoofing Prevention
14. MAC Spoofing Defense
15. DHCP Leasing Integrity Check
16. IPSec Authentication
17. SSL/TLS Certificate Scanning
18. HTTP Header Analysis
19. URL Shortening Prevention
20. Web Application Firewall (WAF)
21. Proxy Server Vulnerability Assessment
22. SNI Protocol Monitoring
23. SSL/TLS Key Exchange Verification
24. SSL/TLS Handshake Delay Measurement
25. IPsec SA Encryption
26. IKE Security Association Validation
27. TCP Reset Message Detection
28. ICMP Redirect Response
29. IP Precedence Inspection
30. TCP Window Size Measurement
31. DNS Query Response
32. TCP Fragmentation Detection
33. UDP ACK Packet Handling
34. TCP",ack addressing analysis application arp assessment association attack authentication certificate check defense delay destination detection dhcp dns echo encryption exchange filter filtering firewall flood fragmentation handling handshake header http icmp ike inspection integrity ipsec key layer leak leasing mac measurement message monitoring packet poisoning port precedence prevention protocol proxy query range redirect reply request reset response routing scanning security server service shortening size sni source spoofing ssl syn tcp tls udp url validation verification vulnerability waf web window
network_security,defensive,10,"1. Firewall
2. Vulnerability
3. Attack Analysis
4. Threat Detection
5. Intrusion Prevention System (IPS)
6. Network Segmentation
7. Data Leakage Prevention
8. Anti-virus Program
9. Intrusion Detection Systems (IDS)
10. Endpoint Protection
11. Firewall Rule Definition
12. Black Hat Techniques
13. Greyhat Frameworks
14. Penetration Testing Methodology
15. Advanced Persistent Threats
16. Firewall Software Classification
17. Traffic Filtering
18. Reverse Shell
19. Network Scanning
20. Intrusion Detection Matrix (IDM)
21. Firewall Policy
22. Dynamic Host Configuration Protocol (DHCP)
23. Packet Filtering
24. Intrusion Prevention System (IPSS) 
25. Network Sniffing
26. Intrusion Detection Event (IED)
27. Intrusion Detection Alert (IDA)
28. IP Address Spoofing
29. Port Scan
30. Network Intruder
31. Network Security Policy
32. Malicious Software Scan
33. Intrusion Detection System (IDS) Module
34. Network Monitoring Tools",address advanced alert analysis anti-virus attack black classification configuration data definition detection dhcp dynamic endpoint event filtering firewall frameworks greyhat hat host ida idm ids ied intruder intrusion ips ipss leakage malicious matrix methodology module monitoring network packet penetration persistent policy port prevention program protection protocol reverse rule scan scanning security segmentation shell sniffing software spoofing system systems techniques testing threat threats tools traffic vulnerability
network_security,educational,1,"1. TCP/IP Protocol Suite
2. Virtual Private Network (VPN)
3. Firewall
4. Intrusion Detection System (IDS)
5. Network Address Translation (NAT)
6. Load Balancing
7. Virtual Machine (VM)
8. Secure Shell (SSH) protocol
9. Intrusion Prevention Systems (IPS)
10. Packet Filtering
11. Network Addressing and Calculating (NAC)
12. Intrusion Detection and Preventive Technology (IDP/T)
13. Network Security Architecture (NSA)
14. Intrusion Prevention Center (IPC)
15. Network Security Group (NSG)
16. IP Routing Protocols (IPRVP)
17. Firewalling
18. Next Generation防火墙（NGFW）
19. Advanced Hostfirewall
20. Network Access Control (NAC)
21. Intrusion Prevention Infrastructure (IPI)
22. Packet Filtering Proxy (PFXP)
23. Intrusion Prevention Policy (IPP)
24. Network Traffic Monitoring (NTM)
25. Application-Level Protection (ALP)
26. Network Security Information and Event Management (NSIM)
27. Intrusion Prevention Manager (IMP)
28.",access address addressing advanced alp and application-level architecture balancing calculating center control detection event filtering firewall firewalling generation group hostfirewall idp ids imp information infrastructure intrusion ipc ipi ipp iprvp ips load machine management manager monitoring nac nat network next ngfw nsa nsg nsim ntm packet pfxp policy prevention preventive private protection protocol protocols proxy routing secure security shell ssh suite system systems tcp technology traffic translation virtual vpn
network_security,educational,2,"1. OSI Model
2. TCP/IP Protocol
3. UDP Protocol
4. IP Protocol
5. VLAN Definition
6. ARP Protocol
7. MAC Address
8. PPP Protocol
9. RARP Protocol
10. IGMP Protocol
11. NAT Translation
12. DHCP Server
13. DHCP Client
14. NAPALM Network Architecture
15. LDP Label Distribution Protocol
16. MP-Link Wireless Local Area Network
17. VXLAN Virtualized Transport Gateway
18. GRE Routing Engine
19. STP Spanning Tree Protocol
20. RSTP Real-Time Spanning Tree Protocol
21. OSPF Open Shortest Path First Protocol
22. IS-IS Internet-Shortest-Path-Summary Protocol
23. BGP Border Gateway Protocol
24. RIP Router Link Indicator Protocol
25. ICMP Echo Request Packet
26. ICMP Echos Reply Packet
27. ICMP Redirects Response Packet
28. ICMP Host unreachable Packet
29. ICMP Destination Unreachable Packets
30. ICMP Message Sequence Numbers
31. ICMP Port Number Range
32. ICMP Neighbor Solicitation Messages",address architecture area arp bgp border client definition destination dhcp distribution echo echos engine first gateway gre host icmp igmp indicator internet-shortest-path-summary is-is label ldp link local mac message messages model mp-link napalm nat neighbor network number numbers open osi ospf packet packets path port ppp protocol range rarp real-time redirects reply request response rip router routing rstp sequence server shortest solicitation spanning stp tcp translation transport tree udp unreachable virtualized vlan vxlan wireless
network_security,educational,3,"Here are 256 domain-specific terms, jargon, and technical vocabulary related to network security for an educational context:
1. **Routing Table** - A list of network addresses, interfaces, and next-hop destinations that have been configured or learned on a switch.
2. **Subnet** - A collection of IP address ranges used within a single subnet (e.g., `192.168.0.0/24`).
3. **Router Configuration** - The settings for how traffic is forwarded through a network device.
4. **VLANs (Virtual Local Area Networks)** - Divided networks connected to a router using VLAN tags on devices’ port configurations.
5. **Network Topology** - An abstract representation of a network’s physical connections and how data travels between nodes.
6. **Firewall** - A software solution that monitors inbound and outbound traffic to control access based on user permissions, rules, or other conditions.
7. **IPS (Intrusion Prevention System)** - A system designed to detect, prevent, and respond to cyber-attacks and malicious activities.
8. **NAT (Network Address Translation)** - The process of converting internal network addresses into external usable addresses.
9. **WAN (Wide Area",abstract access activities address addresses and are area based been between collection conditions configuration configurations configured connected connections context control converting cyber-attacks data designed destinations detect device devices divided domain-specific educational external firewall for forwarded have here how inbound interfaces internal into intrusion ips jargon learned list local malicious monitors nat network networks next-hop nodes other outbound permissions physical port prevent prevention process ranges related representation respond router routing rules security settings single software solution subnet switch system table tags technical terms that the through topology traffic translation travels usable used user using virtual vlan vlans vocabulary wan wide within
network_security,educational,4,"1. Network protocol (如TCP/IP)
2. Routing table (如OSPF, RIPv2)
3. Address space (IPV4 & IPv6)
4. Gateway (IP forwarding, NAT)
5. IP address allocation policy (static, DHCP)
6. Default gateway (gateway routes default)
7. Port range (IP:80, 443)
8. Domain name system (DNS)
9. Host identifier (IP address)
10. Network device (Router, Switch, Firewall)
11. Security group (Rule, Rule set)
12. Traffic flow analysis (Inspection, ACLs)
13. Network security policies (Deny, Allow, Block)
14. Intrusion detection systems (IDS, IPS)
15. Firewall (Rule engine, Packet filtering)
16. Virtual private network (VPN)
17. Intrusion prevention system (IPS)
18. Secure sockets layer (SSL/TLS)
19. Authentication server (RADIUS)
20. Certificate store (CA, certificate authority)
21. Encryption algorithms (AES, RSA, MD5)
22. TLS (Transport Layer Security) 
23. Web application firewall (WAF)
24. Anti-s",acls address aes algorithms allocation allow analysis anti-s application authentication authority block certificate default deny detection device dhcp dns domain encryption engine filtering firewall flow forwarding gateway group host identifier ids inspection intrusion ips ipv layer name nat network ospf packet policies policy port prevention private protocol radius range ripv router routes routing rsa rule secure security server set sockets space ssl static store switch system systems table tcp tls traffic transport virtual vpn waf web
network_security,educational,5,"Sure! Here's a list of 256 domain-specific terms, jargon, and technical vocabulary related to network security, organized into categories:

1. **Protocol**: A set of rules that governs how data is exchanged between devices.
   - Example: TCP/IP (Transmission Control Protocol/Internet Protocol)

2. **Routing**: The process of directing packets from one device to another using paths chosen to minimize overhead and delay.
   - Example: OSPF (Open Shortest Path First) or BGP (Border Gateway Protocol)

3. **Topology**: An arrangement of network nodes connected by links forming pathways for data flow.
   - Example: Star topology, bus topology, ring topology

4. **Authentication**: Method of verifying identities on network communications to secure connections.
   - Example: MD5 authentication over HTTP/HTTPS

5. **Encryption**: Technique used to scramble data during transmission so only the intended recipient can read it.
   - Example: AES (Advanced Encryption Standard)

6. **Firewall**: Device or software that controls access to computer systems and networks based on predetermined rules.
   - Example: UFW (Uncomplicated Firewall) or nftables (Network Filter Table)

7. **IDS (Intrusion Detection System)**: Software designed",access advanced aes and another arrangement authentication based between bgp border bus can categories chosen communications computer connected connections control controls data delay designed detection device devices directing domain-specific during encryption example exchanged filter firewall first flow for forming from gateway governs here's how http https identities ids intended internet into intrusion jargon links list method minimize network networks nftables nodes one only open organized ospf over overhead packets path paths pathways predetermined process protocol read recipient related ring routing rules scramble secure security set shortest software standard star sure system systems table tcp technical technique terms that the topology transmission ufw uncomplicated used using verifying vocabulary
network_security,educational,6,"1. TCP/IP protocol (Transmission Control Protocol/Internet Protocol)
2. IP address (Internationalized Protocol Numbering)
3. DNS system (Domain Name System)
4. Network architecture (Layered Architecture)
5. Routing table (Routing Table)
6. Firewall (Firewall Device)
7. Intrusion Detection System (Intrusion Detection System)
8. Backdoor (Backdoor Program)
9. Reverse proxy (Reverse Proxy)
10. Denial of Service (DoS) attack
11. SSL/TLS protocol (Secure Sockets Layer/Transport Layer Security)
12. Network scanning (Network Scan)
13. Vulnerability assessment (Vulnerability Assessment)
14. Traffic analysis (Traffic Analysis)
15. IPSec (Internet Protocol Security)
16. Port scanning (Port Scanning)
17. Packet filtering (Packet Filtering)
18. Network segmentation (Network Segmentation)
19. Secure shell (SSH)
20. VLAN (Virtual Local Area Network)
21. DHCP server (Disks of Storage Equipment)
22. Virtual private network (VPN)
23. NAT (Network Address Translation)
24. IPsec (Internet Protocol Security)
25. ARP (Address Resolution Protocol)
26",address analysis architecture area arp assessment attack backdoor control denial detection device dhcp disks dns domain dos equipment filtering firewall internationalized internet intrusion ipsec layer layered local name nat network numbering packet port private program protocol proxy resolution reverse routing scan scanning secure security segmentation server service shell sockets ssh ssl storage system table tcp tls traffic translation transmission transport virtual vlan vpn vulnerability
network_security,educational,7,"1. DNS (Domain Name System)
2. SSL (Secure Sockets Layer)
3. IP (Internet Protocol)
4. NAT (Network Address Translation)
5. VLAN (Virtual Local Area Network)
6. DHCP (Dynamic Host Configuration Protocol)
7. MAC (Media Access Control) address
8. ARP (Address Resolution Protocol)
9. IGMP (Internet Group Management Protocol)
10. HTTP (Hypertext Transfer Protocol)
11. HTTPS (SSL/TLS)
12. FTP (File Transfer Protocol)
13. SMTP (Simple Mail Transfer Protocol)
14. POP3 (Post Office Protocol for Email)
15. Telnet (Remote Terminal Protocol)
16. SSH (Secure Shell)
17. SSH-2 (SSH version 2)
18. TCP (Transmission Control Protocol)
19. UDP (User Datagram Protocol)
20. ICMP (Internet Control Message Protocol)
21. ICMP echo request (Echo Request)
22. ICMP echo reply (Echo Reply)
23. ICMP timestamped echo request (Timestamped Echo Request)
24. ICMP timestamped echo reply (Timestamped Echo Reply)
25. ICMP redirect (Redirect)
26. ICMP unreachable (Unreachable)
27. ICMP",access address area arp configuration control datagram dhcp dns domain dynamic echo email file for ftp group host http https hypertext icmp igmp internet layer local mac mail management media message name nat network office pop post protocol redirect remote reply request resolution secure shell simple smtp sockets ssh ssl system tcp telnet terminal timestamped tls transfer translation transmission udp unreachable user version virtual vlan
network_security,educational,8,"1. DNS (Domain Name System)
2. IPS (Intrusion Prevention System)
3. VLSM (Variety of Lengths Modules)
4. TLS (Transport Layer Security)
5. NTP (NATO Phonetic Alphabet)
6. SPF (Sender Policy Framework)
7. ICMP (Internet Control Message Protocol)
8. MAC (Media Access Control)
9. DHCP (Dynamic Host Configuration Protocol)
10. SSL (Secure Sockets Layer)
11. UDP (User Datagram Protocol)
12. DHCPv6 (IPv6 Dynamic Host Configuration Protocol)
13. IKE (Internet Key Exchange)
14. SSH (Secure Shell)
15. IPsec (Internet Protocol Security)
16. WPA3 (Wi-Fi Protected Access Version 3)
17. PPTP (Point-to-Point Tunneling Protocol)
18. GRE (Generic Routing Encapsulation)
19. SSLv3 (Version 3 of the Secure Sockets Layer protocol)
20. L2TP (Layer Two Tunneling Protocol)
21. NAT (Network Address Translation)
22. LDP (Label Distribution Protocol)
23. VXLAN (Very High Speed Unicasting on Ethernet)",access address alphabet configuration control datagram dhcp dhcpv distribution dns domain dynamic encapsulation ethernet exchange framework generic gre high host icmp ike internet intrusion ips ipsec ipv key label layer ldp lengths mac media message modules name nat nato network ntp phonetic point-to-point policy pptp prevention protected protocol routing secure security sender shell sockets speed spf ssh ssl sslv system the tls translation transport tunneling two udp unicasting user variety version very vlsm vxlan wi-fi wpa
network_security,educational,9,"1. IPS/IDS
2. Firewall
3. VLAN
4. MAC address
5. DHCP
6. NTP
7. DHCP snooping
8. IPSec
9. TLS
10. DNSSEC
11. SSL/TLS
12. ARP
13. VRRP
14. GRE
15. L2TP
16. IPsec ESP
17. IPsec AH
18. PPTP
19. IKE
20. SSH
21. HTTPS
22. S-IFI
23. SSL/TLS v1/v2
24. UDP
25. ICMPv6
26. IPv6
27. TCP SYN flood attack
28. UDP spoofing
29. ARP poisoning
30. DHCP spoofing
31. ARP attack
32. IP address scrubbing
33. IP spoofing
34. Network sniffing
35. Metasploit framework
36. MIT Muxer
37. Malformed header error (MHE)
38. Denial of Service (DoS) attacks
39. Packet capture technique",address arp attack attacks capture denial dhcp dnssec dos error esp firewall flood framework gre header https icmpv ids ike ips ipsec ipv mac malformed metasploit mhe mit muxer network ntp packet poisoning pptp s-ifi scrubbing service sniffing snooping spoofing ssh ssl syn tcp technique tls udp vlan vrrp
network_security,educational,10,"|1| IP Addressing Protocol | A protocol that assigns an address (IP address) uniquely to every device on a computer network.
|2| ARP Protocol | An algorithm for assigning IP addresses to routers and devices connected to them, and vice versa.
|3| TCP Port Number | The port number is used when sending data over a network. It identifies each connection between two devices as it's being transmitted.
|4| UDP Port Number | The port number identifies the destination port on which the message will be sent or received.
|5| Gateway Network | A network that connects two or more networks and routes traffic between them.
|6| Switch Network | A network that connects multiple switches together. It forwards traffic between them using Layer 2 switching technology.
|7| Ethernet | A physical layer standard used for local area network (LAN), providing a mechanism to connect multiple computers with relatively low latency but high bandwidth requirements.
|8| Internet Protocol | The Internet Protocol is used to transmit information across any type of computer network, including the internet. It provides the means for the exchange of data packets between different types of devices.
|9| Routing Table | A collection of entries representing all the paths from a source host to a target host based on rules established by the network",across address addresses addressing algorithm all and any area arp assigning assigns bandwidth based being between but collection computer computers connect connected connection connects data destination device devices different each entries established ethernet every exchange for forwards from gateway high host identifies including information internet it's lan latency layer local low means mechanism message more multiple network networks number over packets paths physical port protocol provides providing received relatively representing requirements routers routes routing rules sending sent source standard switch switches switching table target tcp technology that the them together traffic transmit transmitted two type types udp uniquely used using versa vice when which will with
network_security,offensive,1,"1. **Scanning**
2. **Probing**
3. **Enumerating**
4. **Spoofing**
5. **Ping**
6. **Sweep**
7. **Caching**
8. **Tunnelling**
9. **Reverse Ping**
10. **Fingerprinting**
11. **Traps**
12. **Packet Tracer**
13. **Evasion**
14. **Proxy Scanning**
15. **Network Sniffing**
16. **Ddos Attack**
17. **Sniffer**
18. **Scanner**
19. **Lanman**
20. **Burp Suite**
21. **SQL Injection**
22. **XSS**
23. **CCS**
24. **WAF**
25. **OWASP**
26. **Phish**
27. **RCE**
28. **DOS**
29. **Brute Force**
30. **Pwnage**
31. **Rootkit**
32. **DDoS**
33. **Denial of Service**
34. **Web Application Protection**
35. **Web Application Scanner**
36. **Fire",application attack brute burp caching ccs ddos denial dos enumerating evasion fingerprinting fire force injection lanman network owasp packet phish ping probing protection proxy pwnage rce reverse rootkit scanner scanning service sniffer sniffing spoofing sql suite sweep tracer traps tunnelling waf web xss
network_security,offensive,2,"1. Scanning - The process of actively examining systems to identify vulnerabilities or weaknesses.
2. Probing - A method of discovering specific information about a system through active testing.
3. Enumeration - The act of searching for computer systems to gather information or data.
4. Denial of Service (DoS) - An attack that limits access to a system by overwhelming it with requests, causing it to become inaccessible.
5. Port Scanning - The examination of ports and other open communication paths on a computer system to determine the status or availability of certain services.
6. Buffer Overflow - A vulnerability where an attacker can overwrite system memory buffers with malicious code, making it easier for them to manipulate system resources without permission.
7. Rootkit - A type of malware designed to hide itself from detection while retaining some level of control over the infected system.
8. Metasploit - A popular tool for penetration testing and ethical hacking, leveraging deep exploitation techniques and scripts.
9. Reverse Shell - A technique used to gain unauthorized access to remote systems by using a shell on a compromised system.
10. DDoS - Directed atondatory Packet Inspection, a form of cyber attack against websites and networks aimed at overwhelming their defenses.
11. SQL Injection - A vulnerability exploiting flaws in",about access act active actively against aimed and atondatory attack attacker availability become buffer buffers can causing certain code communication compromised computer control cyber data ddos deep defenses denial designed detection determine directed discovering dos easier enumeration ethical examination examining exploitation exploiting flaws for form from gain gather hacking hide identify inaccessible infected information injection inspection itself level leveraging limits making malicious malware manipulate memory metasploit method networks open other over overflow overwhelming overwrite packet paths penetration permission popular port ports probing process remote requests resources retaining reverse rootkit scanning scripts searching service services shell some specific sql status system systems technique techniques testing that the their them through tool type unauthorized used using vulnerabilities vulnerability weaknesses websites where while with without
network_security,offensive,3,"1. Scanning - The process of systematically checking an environment for potential vulnerabilities or malicious activities.
2. Enumeration - The act of systematically identifying all accessible devices on a network, often using tools like Network Scanner or Nmap to identify services running on these devices.
3. Vulnerability - A weakness that can be exploited by attackers to gain unauthorized access to a system, network, or data.
4. Buffer Overflow - An error condition where a program tries to allocate more memory than available in the stack, leading to a runtime exception.
5. Shell Sh码（Shellcode）- A code segment used within an exploit's payload to perform the attack, often with encoded instructions meant to cause unintended consequences.
6. SYN Flood - A technique used to overwhelm an attacker with requests (packets) so they drain their system's bandwidth.
7. DDoS - Destructive Open Systems Distribution Service, which is a method of overwhelming targets through denial-of-service attacks.
8. DNS poisoning - Using techniques like DNS hijacking or tampering with DNS servers to redirect traffic to a predetermined target.
9. ARP Spoofing - Manipulating a computer's IP address to appear as if it belongs to another device on the network.
10. Phishing - Infiltration of networks",access accessible act activities address all allocate another appear arp attack attacker attackers attacks available bandwidth belongs buffer can cause checking code computer's condition consequences data ddos denial-of-service destructive device devices distribution dns drain encoded enumeration environment error exception exploit's exploited flood for gain hijacking identify identifying infiltration instructions leading like malicious manipulating meant memory method more network networks nmap often open overflow overwhelm overwhelming packets payload perform phishing poisoning potential predetermined process program redirect requests running runtime scanner scanning segment servers service services shell shellcode spoofing stack syn system system's systematically systems tampering target targets technique techniques than that the their these they through tools traffic tries unauthorized unintended used using vulnerabilities vulnerability weakness where which with within
network_security,offensive,4,"1. Scanning – The process of identifying potential targets for exploitation.
2. Probing – A method of testing an application or system by sending small amounts of data (packets) through it.
3. Enumeration – The study of networks and the identification of their components and relationships.
4. Eavesdropping – Intercepting information or communications without permission, which is illegal and unethical.
5. Sniffing – To inspect the contents of a communication channel, often used in connection with packet sniffing.
6. Phishing – Techniques to deceive people into revealing sensitive information such as passwords, credit card numbers, or personal information.
7. Social Engineering – A technique where someone pretends to be another person so that they can gain trust and then uses that trust to obtain specific information or action from others.
8. Brute Force Attack – An attack using all possible combinations of input until a successful exploit is achieved.
9. SQL Injection – An attack method where malicious code can be inserted at any point within a query executed on databases.
10. Denial of Service (DoS) – A type of cyber attack designed to prevent access to or damage to a resource, typically by overwhelming the victim’s computing resources with traffic.
11. DDoS – Denial",access achieved action all amounts and another any application attack brute can card channel code combinations communication communications components computing connection contents credit cyber damage data databases ddos deceive denial designed dos eavesdropping engineering enumeration executed exploit exploitation for force from gain identification identifying illegal information injection input inserted inspect intercepting into malicious method networks numbers obtain often others overwhelming packet packets passwords people permission person personal phishing point possible potential pretends prevent probing process query relationships resource resources revealing scanning sending sensitive service small sniffing social someone specific sql study successful such system targets technique techniques testing that the their then they through traffic trust type typically unethical until used uses using victim where which with within without
network_security,offensive,5,"Here is a list of 256 domain-specific terms related to network security, focusing on ""exploiting,"" ""scan,"" ""probing,"" and ""enumeration"" with their corresponding definitions:

1. **Scanning** - A method used by malicious actors or attackers to determine the target system's IP address and port configurations.

2. **Probe** - An attack attempt where an attacker sends a series of ICMP echo request packets to gather more information about a victim’s network topology or services.

3. **Enumeration** - The process of systematically testing networks for vulnerabilities. It can involve manual analysis followed by automated tools designed to discover weaknesses in protocols, software, hardware components, or configuration settings.

4. **Payloads** - Small programs intended to infect systems through injection attacks (payload injections) or other means, including command-and-control (C&C) payloads used to remotely control compromised systems.

5. **Phishing** - An online tactic where attackers send emails pretending to be legitimate entities with links that lead users to malicious sites.

6. **Trolling** - A form of cyberbullying where individuals intentionally create posts that insult others' reputations or behaviors.

7. **Denial of Service (DoS)** - A tactic in which an attacker floods a service",about actors address analysis and attack attacker attackers attacks attempt automated behaviors can command-and-control components compromised configuration configurations control corresponding create cyberbullying definitions denial designed determine discover domain-specific dos echo emails entities enumeration exploiting floods focusing followed for form gather hardware here icmp including individuals infect information injection injections insult intended intentionally involve lead legitimate links list malicious manual means method more network networks online other others packets payload payloads phishing port posts pretending probe probing process programs protocols related remotely reputations request scan scanning security send sends series service services settings sites small software system's systematically systems tactic target terms testing that the their through tools topology trolling used users victim vulnerabilities weaknesses where which with
network_security,offensive,6,"I will now list 256 domain-specific terms, jargon, and technical vocabulary related to network security in the context of offensive, along with specialized terminology, contextual phrases, and insider language.

1. Scan - An automated system that examines computer systems, networks, or wireless devices for evidence of malicious activity.
  
2. Enumeration - The process of systematically checking every node on a network, looking for patterns of suspicious activities.
  
3. Denial-of-Service (DoS) - A method used to overwhelm a target system with traffic so it cannot function properly.
  
4. Phishing - The fraudulent attempt to deceive an individual into revealing personal information such as passwords and credit card details.
  
5. Ransomware - A type of malware that encrypts files or data, demanding payment before decryption can occur.
  
6. Metasploit Framework - A set of tools developed by Microsoft that provide access into and control over remote computers, including networked computers, via command and control servers.
  
7. Wannacry virus - A sophisticated ransomware attack that encrypts drives, stealing data when the encryption is not cracked.
  
8. Advanced Persistent Threat (APT) - A cyber threat group known for its ability to evade detection and cause damage through prolonged",ability access activities activity advanced along and apt attack attempt automated before can cannot card cause checking command computer computers context contextual control cracked credit cyber damage data deceive decryption demanding denial-of-service details detection developed devices domain-specific dos drives encryption encrypts enumeration evade every evidence examines files for framework fraudulent function group including individual information insider into its jargon known language list looking malicious malware metasploit method microsoft network networked networks node not now occur offensive over overwhelm passwords patterns payment persistent personal phishing phrases process prolonged properly provide ransomware related remote revealing scan security servers set sophisticated specialized stealing such suspicious system systematically systems target technical terminology terms that the threat through tools traffic type used via virus vocabulary wannacry when will wireless with
network_security,offensive,7,"1. DDoS (Distributed Denial of Service) - A type of attack where an attacker sends large amounts of traffic against the target system to overwhelm it with requests.
2. Phishing - An attempt to trick users into revealing sensitive information or clicking on malicious links by disguising as trustworthy entities.
3. SQL Injection - A technique used to steal data from websites by injecting malicious code into database queries.
4. Cross-Site Scripting (XSS) - Attackers inject script into web pages that can execute arbitrary commands based on what the user has clicked or typed.
5. Man-in-the-Middle (MitM) - When two parties use a secure channel to communicate, but an attacker intercepts and modifies the intended communication.
6. Backdoor - A covert means for an attacker to gain unauthorized access to systems.
7. Reverse Shell - An attack where attackers remotely log into a computer system and gain control over other computers within the same network through exploiting vulnerabilities.
8. Phishing Email Exploits - Techniques used by attackers to exploit weaknesses in email systems for their attacks.
9. Web Application Firewalls (WAFs) - Systems designed to protect applications running on the web from being attacked, typically at the application layer.
10. Command-and",access against amounts and application applications arbitrary attack attacked attacker attackers attacks attempt backdoor based being but can channel clicked clicking code command-and commands communicate communication computer computers control covert cross-site data database ddos denial designed disguising distributed email entities execute exploit exploiting exploits firewalls for from gain has information inject injecting injection intended intercepts into large layer links log malicious man-in-the-middle means mitm modifies network other over overwhelm pages parties phishing protect queries remotely requests revealing reverse running same script scripting secure sends sensitive service shell sql steal system systems target technique techniques that the their through traffic trick trustworthy two type typed typically unauthorized use used user users vulnerabilities wafs weaknesses web websites what when where with within xss
network_security,offensive,8,"1. SYN scan
2. ICMP echo request (echo)
3. ARP table lookup
4. IP routing table look-up
5. TCP/UDP port scanning
6. DNS query generation
7. Nmap scanning technique
8. SQL injection attack detection
9. Cross-site scripting (XSS) detection
10. Man-in-the-middle (MITM) attacks analysis
11. Network segmentation techniques
12. Metasploit penetration testing
13. Port scanning method
14. Web application firewall (WAF) usage
15. Phishing vulnerability assessment
16. URL scanning strategy
17. DDoS attack prevention
18. Zero-day exploits investigation
19. Malicious software evaluation
20. Intrusion detection systems (IDS) implementation
21. Vulnerability scanning methodology
22. SQL injection vulnerability assessment
23. Web service discovery technique
24. Remote access vulnerabilities
25. Password compromise exploitation
26. Application layer protocol analysis
27. Denial of Service (DOS) defense mechanisms
28. User authentication framework
29. Protocol buffer message decoding
30. Network congestion control strategies
31. SSL/TLS",access analysis application arp assessment attack attacks authentication buffer compromise congestion control cross-site ddos decoding defense denial detection discovery dns dos echo evaluation exploitation exploits firewall framework generation icmp ids implementation injection intrusion investigation layer look-up lookup malicious man-in-the-middle mechanisms message metasploit method methodology mitm network nmap password penetration phishing port prevention protocol query remote request routing scan scanning scripting segmentation service software sql ssl strategies strategy syn systems table tcp technique techniques testing tls udp url usage user vulnerabilities vulnerability waf web xss zero-day
network_security,offensive,9,"1. **Scan**
2. **Phishing**
3. **XSS**
4. **SQL Injection**
5. **Cross-Site Scripting (XSS)**
6. **Buffer Overflow**
7. **DoS (Denial of Service)**
8. **DOS (Disk Operating System)**
9. **Shellshock**
10. **Privilege Escalation**
11. **Zero-Day Exploit**
12. **Man-in-the-Middle (MitM)**  
13. **CIS (Contemporary Insider Threat Situation)** 
14. **Malware**
15. **Stuxnet**
16. **UAC (User Account Control)**
17. **RDP (Remote Desktop Protocol)**
18. **SSH (Secure Shell)**
19. **TLS (Transport Layer Security)**
20. **SMB (Server Message Block)**
21. **WMI (Windows Management Instrumentation)**  
22. **NAM (Network Access Manager)**
23. **DNS**
24. **ICMP (Internet Control Message Protocol)**
25. **UDP**
26. **IP Addressing**
27. **DHCP**",access account addressing block buffer cis contemporary control cross-site denial desktop dhcp disk dns dos escalation exploit icmp injection insider instrumentation internet layer malware man-in-the-middle management manager message mitm nam network operating overflow phishing privilege protocol rdp remote scan scripting secure security server service shell shellshock situation smb sql ssh stuxnet system threat tls transport uac udp user windows wmi xss zero-day
network_security,offensive,10,"1. Scanning
2. Exploitation
3. Enumeration
4. Eavesdropping
5. Port Scanning
6. Service Enumeration
7. Packet Sniffing
8. Rootkit
9. Blacklisting
10. Malicious Software Removal
11. Phishing Attack
12. Brute Force Attack
13. DDoS Attack
14. SQL Injection
15. Cross-Site Scripting (XSS)
16. Web Application Attack (WAA)
17. Buffer OverFlow
18. Denial of Service (DoS) Attack
19. SQL Command Injection
20. Password Cracking
21. Social Engineering
22. Man-in-the-Middle (MitM)
23. Man-in-Window (MiWi)
24. Command Injection
25. DNS Resolving Vulnerability
26. File Uploads
27. SQL Query Injection
28. Remote Code Execution (RCE)
29. Protocol Spoofing
30. Session Hijacking
31. Metasploit
32. Ransomware
33. Botnet
34. Worm Virus
35. Vulner",application attack blacklisting botnet brute buffer code command cracking cross-site ddos denial dns dos eavesdropping engineering enumeration execution exploitation file force hijacking injection malicious man-in-the-middle man-in-window metasploit mitm miwi overflow packet password phishing port protocol query ransomware rce remote removal resolving rootkit scanning scripting service session sniffing social software spoofing sql uploads virus vulner vulnerability waa web worm xss
network_security,evasive,1,"1. Eavesdropping
2. Firewall
3. Vulnerability scanning
4. Intrusion detection system (IDS)
5. Network address translation (NAT)
6. Denial-of-Service (DoS) attack
7. Network segmentation
8. Traffic scrubbing
9. DDoS mitigation
10. Blackholing
11. Traffic analysis
12. Layer 3 switching
13. Layer 4 forwarding
14. Port mapping
15. Application layer inspection
16. Secure boot
17. Virtual Private Network (VPN)
18. IPsec
19. SSH encryption
20. IPSec
21. TLS
22. SSL/TLS
23. DNSSEC
24. DNS query amplification (DQAs)
25. ARP poisoning
26. SYN flood
27. Slow scan
28. Phishing attack
29. Man-in-the-middle (MITM) attacks
30. SNI
31. PPTP
32. L2TP
33. RADIUS
34. OpenFlow
35. MUX VLAN
36. NAT traversal
37",address amplification analysis application arp attack attacks blackholing boot ddos denial-of-service detection dns dnssec dos dqas eavesdropping encryption firewall flood forwarding ids inspection intrusion ipsec layer man-in-the-middle mapping mitigation mitm mux nat network openflow phishing poisoning port pptp private query radius scan scanning scrubbing secure segmentation slow sni ssh ssl switching syn system tls traffic translation traversal virtual vlan vpn vulnerability
network_security,evasive,2,"1. Evasion Techniques (e.g., route poisoning, masquerading)
2. Tunneling Protocols (e.g., GRE, IPSec)
3. Spoofing Attacks (e.g., DNS Spoofing, ARP Spoofing)
4. Pivoting Strategies (e.g., ping flooding, SYN flood)
5. Traffic Engineering (e.g., load balancing, failover)
6. Intrusion Detection Systems (IDS) (e.g., NIP, NIPS)
7. Network Security Management Tools (NSMTs) (e.g., Snort, Suricata)
8. Virtual Private Network (VPN) (e.g., VPN, Secure VPN)
9. Layer-2 Switching (e.g., L2SW, Ethernet switching)
10. Layer-3 Switching (e.g., IP switches, VLAN tagging)
11. Reverse Shell (RSH) (e.g., RSH command, reverse shell exploit)
12. Phishing Attack (e.g., email, fake URLs)
13. DDoS Attack (e.g., DDoS, Distributed Denial-of-Service)
14. SYN Flood (e.g., SYN flood attack, SYN scanning)
15. Blacklisting (",arp attack attacks balancing blacklisting command ddos denial-of-service detection distributed dns email engineering ethernet evasion exploit failover fake flood flooding gre ids intrusion ipsec layer load management masquerading network nip nips nsmts phishing ping pivoting poisoning private protocols reverse route rsh scanning secure security shell snort spoofing strategies suricata switches switching syn systems tagging techniques tools traffic tunneling urls virtual vlan vpn
network_security,evasive,3,"1. Tunneling
2. Spoofing
3. Pivoting
4. Evasion Techniques
5. Vulnerability Scanning
6. Network Monitoring
7. Intrusion Detection Systems (IDS)
8. Firewall Basics
9. Denial-of-Service (DoS) Protection
10. Phishing Attacks
11. Mitigation Strategies
12. Advanced Persistent Threats (APTs)
13. Social Engineering
14. Malware Evasion
15. Penetration Testing
16. Intrusion Prevention System (IPS)
17. Network Segmentation
18. Blacklists/Whitelist
19. Secure Shell (SSH) Encryption
20. Remote Access Protocols (RDP/Telnet)
21. Virtual Private Networks (VPN)
22. Data Integrity Checks
23. Network Address Translation (NAT)
24. Intrusion Prevention Module (IP mitigation)
25. Network Traffic Anomaly
26. Network Policy Enforcement
27. Endpoint Security (ES)
28. Identity Theft
29. DDoS Defense Mechanisms
30. Intrusion Detection Agent (IDA)
31. Zero-Day Exploits
32.",access address advanced agent anomaly apts attacks basics blacklists checks data ddos defense denial-of-service detection dos encryption endpoint enforcement engineering evasion exploits firewall ida identity ids integrity intrusion ips malware mechanisms mitigation module monitoring nat network networks penetration persistent phishing pivoting policy prevention private protection protocols rdp remote scanning secure security segmentation shell social spoofing ssh strategies system systems techniques telnet testing theft threats traffic translation tunneling virtual vpn vulnerability whitelist zero-day
network_security,evasive,4,"tunneling  
spooking  
pivoting  
sideloading  
vulnerability  
redistribution   
spoofing  
evasion  
exploitation  
attack  
mitigation  
attack pattern  
target identification  
backdoor   
shell injection  
packet sniffing  
network flow analysis  
packet filtering  

Note: This list is for educational purposes only and should not be used as real-world advice or as part of any actual cybersecurity practice or assessment criteria. Properly vetting networks and implementing comprehensive security measures is critical to protect against such sophisticated threats.",actual advice against analysis and any assessment attack backdoor comprehensive criteria critical cybersecurity educational evasion exploitation filtering flow for identification implementing injection list measures mitigation network networks not note only packet part pattern pivoting practice properly protect purposes real-world redistribution security shell should sideloading sniffing sophisticated spoofing spooking such target this threats tunneling used vetting vulnerability
network_security,evasive,5,"1. Evasion Techniques 
2. Network Tunneling Methods 
3. Dynamic Host Configuration Protocol (DHCP) Spoofing 
4. Pseudo Random Number Generator (PRNG) 
5. Traffic Analysis and Monitoring 
6. IP Address Spoofing 
7. Port Forwarding 
8. Stateful Inspection Firewalls 
9. Virtual Private Networks (VPNs) 
10. Source Routing 
11. Secure Shell (SSH) 
12. Packet Filter 
13. Intrusion Detection Systems (IDS) 
14. IP/MAC Bridging 
15. Network Address Translation (NAT) 
16. Denial-of-Service (DoS) Scanning 
17. Layer 2 Switching 
18. VLANs 
19. ARP Poisoning 
20. Network Intrusion Prevention System (NIPS) 
21. Content Filtering 
22. Portmap 
23. Packet Truncation 
24. Reverse Proxy 
25. DHCP Snooping 
26. Dynamic DNS (DDNS) 
27. Intrusion Behavior Analysis (IBA) 
28. TCP Sequence Numbers 
29. ICMP Redirect 
30. IP Prefix List 
3",address analysis and arp behavior bridging configuration content ddns denial-of-service detection dhcp dns dos dynamic evasion filter filtering firewalls forwarding generator host iba icmp ids inspection intrusion layer list mac methods monitoring nat network networks nips number numbers packet poisoning port portmap prefix prevention private prng protocol proxy pseudo random redirect reverse routing scanning secure sequence shell snooping source spoofing ssh stateful switching system systems tcp techniques traffic translation truncation tunneling virtual vlans vpns
network_security,evasive,6,"1. Tunneling
2. Spoofing
3. Pivoting
4. Security Evading Techniques
5. Denial-of-Service (DoS) Threats
6. Firewall
7. Intrusion Detection System (IDS)
8. Vulnerability Scanning
9. Penetration Testing
10. Advanced Persistent Threats (APTs)
11. Network Address Translation (NAT)
12. IP Spoofing
13. ICMP Flood Attack
14. Man-in-the-Middle (MitM) Attacks
15. DNS Spoofing
16. SQL Injection
17. Cross-Site Request Forgery (CSRF)
18. Web Application Firewall (WAF)
19. Data Exfiltration
20. Rootkit
21. Advanced Persistent Threat (APT)
22. Phishing Attack
23. Distributed Denial of Service (DDoS) Deterrence
24. Port Scanning
25. Packet Filter
26. Intrusion Prevention System (IPS)
27. Virtual Private Network (VPN)
28. Protocol Mapping
29. Malicious Code Execution
30. Software Encryption
31. Zero-Day Exploit",address advanced application apt apts attack attacks code cross-site csrf data ddos denial denial-of-service detection deterrence distributed dns dos encryption evading execution exfiltration exploit filter firewall flood forgery icmp ids injection intrusion ips malicious man-in-the-middle mapping mitm nat network packet penetration persistent phishing pivoting port prevention private protocol request rootkit scanning security service software spoofing sql system techniques testing threat threats translation tunneling virtual vpn vulnerability waf web zero-day
network_security,evasive,7,"1. Tunneling - Method used to encapsulate traffic between two networks.
2. Spoofing - Faking or pretending to be someone else for an intended purpose.
3. Pivoting - Changing direction or shifting focus quickly and rapidly.
4. Evading - Preventing intrusion or penetration into systems or networks.
5. Network Security - The study, design, implementation, and maintenance of computer networks to prevent unauthorized access or damage to data.
6. Evasion Tactics - Strategies employed in the process of attacking or disrupting another system's network defenses.
7. Network Intrusion Prevention Systems (NIPS) - Advanced defensive measures designed to detect and block malicious activities within a network.
8. Black Hat SEOs - Internet marketing strategies focused on exploiting vulnerabilities or misinformation about web sites for financial gain.
9. White hat SEOs - Internet marketing strategies aimed at creating legitimate content that benefits search engines rather than causing harm.
10. Social engineering - A method of manipulation or influence involving psychological techniques to achieve deception or influence behavior.
11. Phishing - An illegal technique using false information to trick users into disclosing sensitive personal or financial details.
12. DNS Poisoning - The use of malicious code to alter the structure of the Domain Name System (DNS), thereby preventing legitimate",about access achieve activities advanced aimed alter and another attacking behavior benefits between black block causing changing code computer content creating damage data deception defenses defensive design designed details detect direction disclosing disrupting dns domain else employed encapsulate engineering engines evading evasion exploiting faking false financial focus focused for gain harm hat illegal implementation influence information intended internet into intrusion involving legitimate maintenance malicious manipulation marketing measures method misinformation name network networks nips penetration personal phishing pivoting poisoning pretending prevent preventing prevention process psychological purpose quickly rapidly rather search security sensitive seos shifting sites social someone spoofing strategies structure study system system's systems tactics technique techniques than that the thereby traffic trick tunneling two unauthorized use used users using vulnerabilities web white within
network_security,evasive,8,"1. Tunneling
2. Spoofing
3. Pivoting
4. Evasion Techniques
5. Network Security Protocols
6. Firewall Configurations
7. Intrusion Detection Systems (IDS)
8. Denial of Service (DoS) Attacks
9. Phishing Campaigns
10. Social Engineering Tactics
11. Vulnerability Scans
12. Traffic Analysis
13. Port Scanning
14. ARP Poisoning
15. SQL Injection
16. XSS Exploitation
17. DNS Spoofing
18. ICMP Echo Request Attack
19. SYN Flooding
20. TCP Window Size Modification
21. SSL/TLS Certificate Harvesting
22. Smurf attack
23. LAND攻击
24. Smurf Bomb
25. SYN Flood
26. IP/MAC Spoofing
27. DDoS Deterrence Strategies
28. ARP Spoofing
29. ICMP Discovery Protocol
30. TCP Reassembly Issues
31. TCP Window Management
32. DNS Overload Protection
33. DHCP Snooping
34. ARP Poisoning Prevention
3",analysis arp attack attacks bomb campaigns certificate configurations ddos denial detection deterrence dhcp discovery dns dos echo engineering evasion exploitation firewall flood flooding harvesting icmp ids injection intrusion issues land mac management modification network overload phishing pivoting poisoning port prevention protection protocol protocols reassembly request scanning scans security service size smurf snooping social spoofing sql ssl strategies syn systems tactics tcp techniques tls traffic tunneling vulnerability window xss
network_security,evasive,9,"1. Tunneling
2. Spoofing
3. Pivoting
4. Evading
5. Scanning
6. Exploit
7. Vulnerability
8. Attack
9. Firewall
10. Intrusion Prevention System (IPS)
11. Vulnerability Assessment Tool (VAT)
12. Network Address Translation (NAT)
13. Intrusion Detection Systems (IDS)
14. Security Information and Event Management (SIEM)
15. Network Security Policy (NSP)
16. Blackholing
17. Whitehole
18. Evasion Techniques
19. Eavesdropping
20. Proxy Server
21. Sniffing
22. Packet Filtering
23. Routing
24. Traffic Management
25. Denial-of-Service (DoS)攻击
26. Mitigation
27. Vulnerability Disclosure
28. Penetration Testing
29. Security Framework
30. Secure Socket Layer (SSL) Connection
31. Remote Login
32. Snoop
33. Intrusion Prevention Device (IPED)
34. Reverse Addressing
35. Domain Name System (DNS)",address addressing and assessment attack blackholing connection denial-of-service detection device disclosure dns domain dos eavesdropping evading evasion event exploit filtering firewall framework ids information intrusion iped ips layer login management mitigation name nat network nsp packet penetration pivoting policy prevention proxy remote reverse routing scanning secure security server siem sniffing snoop socket spoofing ssl system systems techniques testing tool traffic translation tunneling vat vulnerability whitehole
network_security,evasive,10,"1. **Tunnel** - A method or mechanism for routing data between two networks.
2. **Spoofing** - The act of making something appear as if it belongs to another entity, usually for malicious purposes.
3. **Pivoting** - A technique used in intrusion detection systems (IDS) to identify potential threats within a network by monitoring traffic patterns.
4. **Evasive Techniques** - Methods that help secure sensitive information by minimizing exposure to known attack vectors.
5. **Network Attack** - An attempt to exploit vulnerabilities in a computer network to gain unauthorized access to the internal resources.
6. **Attack Vector** - The various methods through which an attacker attempts to breach a system or network.
7. **Intrusion Detection System (IDS)** - An automatic tool designed to detect unusual activity on a network and alert administrators when suspicious activity is detected.
8. **Information Gathering** - The process of obtaining necessary details about your network from other sources.
9. **Sensitive Data** - Information that contains personal identification, such as credit card numbers, Social Security numbers, or financial information.
10. **Phishing Attack** - The fraudulent practice of tricking users into revealing confidential information by manipulating them to send emails containing fake websites with links meant to",about access act activity administrators alert and another appear attack attacker attempt attempts automatic belongs between breach card computer confidential containing contains credit data designed details detect detected detection emails entity evasive exploit exposure fake financial for fraudulent from gain gathering help identification identify ids information internal into intrusion known links making malicious manipulating meant mechanism method methods minimizing monitoring necessary network networks numbers obtaining other patterns personal phishing pivoting potential practice process purposes resources revealing routing secure security send sensitive social something sources spoofing such suspicious system systems technique techniques that the them threats through tool traffic tricking tunnel two unauthorized unusual used users usually various vector vectors vulnerabilities websites when which with within your
network_security,destructive,1,"Sure, here is a list of 256 domain-specific terms involving network security:

1. Floods
2. Disruption
3. Denial of Service (DoS)
4. Black Hole
5. Poisonous Leak
6. Vulnerable Site
7. Zero-Day Exploit
8. Brute-Force Attack
9. Phishing Attacks
10. Man-in-the-Middle (MitM) Attacks
11. Phishing Scam
12. Social Engineering Tactics
13. Backdoor Installation
14. Remote Access Services
15. DDoS Mitigation Techniques
16. Intrusion Detection Systems (IDS)
17. Traffic Analysis Tools
18. Advanced Persistent Threat (APT)
19. Man-in-the-Loop (MIL) Testing
20. Phage Virus
21. Malware Ransack
22. Command & Control (C&C) Malware
23. DDoS Botnet
24. Siphon Attack
25. Worm Virus
26. Phishing Campaign
27. Command-and-Control Network (CCN)
28. Eavesdropping
29. Privilege Escalation",access advanced analysis apt attack attacks backdoor black botnet brute-force campaign ccn command command-and-control control ddos denial detection disruption domain-specific dos eavesdropping engineering escalation exploit floods here hole ids installation intrusion involving leak list malware man-in-the-loop man-in-the-middle mil mitigation mitm network persistent phage phishing poisonous privilege ransack remote scam security service services siphon site social sure systems tactics techniques terms testing threat tools traffic virus vulnerable worm zero-day
network_security,destructive,2,"*DDoS (Distributed Denial of Service) *NAT (Network Address Translation) *TROQ (TCP Over Round Trip Time) *BGP (Border Gateway Protocol) *WAF (Web Application Firewall) *ICMP (Internet Message Class) *VLAN (Virtual Local Area Network) *Flood (large volume of data packets directed at a target or service over the Internet) *Hijacking (interfering with normal operations) *Squid (web proxy) *Heartbeat (repeated packet loss detection and recovery from network link failure) *DNS (Domain Name System) *Ping (packet sending rate test) *RDP (Remote Desktop Protocol) *TLS (Transport Layer Security) *CSP (Content Security Policy) *Kali Linux *Shell (command executed directly on a remote machine) *SSH (Secure Shell) *HTTP (Hypertext Transfer Protocol) *Tunneling protocol *OWASP (Open Web Application Secure) *MPLS (Multiprotocol Label Switching) *L4/L7 (Layer 4/7, depending on the scope of the protocol used) *UDP (User Datagram Protocol)",address and application area bgp border class command content csp data datagram ddos denial depending desktop detection directed directly distributed dns domain executed failure firewall flood from gateway heartbeat hijacking http hypertext icmp interfering internet kali label large layer link linux local loss machine message mpls multiprotocol name nat network normal open operations over owasp packet packets ping policy protocol proxy rate rdp recovery remote repeated round scope secure security sending service shell squid ssh switching system target tcp test the time tls transfer translation transport trip troq tunneling udp used user virtual vlan volume waf web with
network_security,destructive,3,"1. Flood Disruption
2. Denial of Service
3. Network Blackout
4. Traffic Jam
5. Port Cutoff
6. Server Halt
7. Firewall Override
8. Vulnerability Exploitation
9. IP Blocking
10. Denial of Information Access
11. Proxy Banishment
12. ARP Poisoning
13. DNS Hijacking
14. Web Banning
15. SSL/TLS Encryption
16. TLS Reconfiguration
17. ICMP Flood
18. SYN Flooding
19. UDP Flood
20. TCP Sniffing
21. ICMP Eavesdropping
22. SYN Eavesdropping
23. IP Spoofing
24. ICMP Echo Request
25. ICMP Echo Reply
26. Port Range Flood
27. DNS Query Flood
28. DNS Cache Poisoning
29. HTTP Flood Attack
30. FTP Flood
31. SMTP Flood
32. IMAP Flood
33. SNMP Flood
34. DHCP Flood
35. ARP Flood
36. ICMP Redirect
37. UDP Broadcast
38. TCP Broadcast",access arp attack banishment banning blackout blocking broadcast cache cutoff denial dhcp disruption dns eavesdropping echo encryption exploitation firewall flood flooding ftp halt hijacking http icmp imap information jam network override poisoning port proxy query range reconfiguration redirect reply request server service smtp sniffing snmp spoofing ssl syn tcp tls traffic udp vulnerability web
network_security,destructive,4,"1. Flood: A large volume of data or water.
2. Disruption: A state or condition that disrupts normal operation.
3. Denial of Service (DoS): The act of overwhelming a service with excessive traffic so it cannot provide any services effectively.
4. Rootkit: A malicious software component designed for hiding and evading detection.
5. Vulnerability: A gap in system capabilities that allows an attacker to gain unauthorized access.
6. Exploit: A successful attempt by a malicious entity to exploit vulnerabilities in a system.
7. Phishing: Tactics used to trick people into revealing sensitive information.
8. Social Engineering: Techniques involving manipulation of human psychology, often using emotional appeals and social media platforms.
9. Ransomware: A type of malware that locks files and demands ransom as compensation.
10. Malware: Software specifically designed to cause harm or damage.
11. DDoS: Distributed Denial of Service attack.
12. Network Blackout: A complete shutdown of a computer or communications network due to deliberate interference with its functionality.
13. Firewall: Hardware or software device placed between a computer and external networks or intranet.
14. Intrusion Detection System (IDS): A tool that monitors networks for unusual activity",access act activity allows and any appeals attack attacker attempt between blackout cannot capabilities cause communications compensation complete component computer condition damage data ddos deliberate demands denial designed detection device disruption disrupts distributed dos due effectively emotional engineering entity evading excessive exploit external files firewall flood for functionality gain gap hardware harm hiding human ids information interference into intranet intrusion involving its large locks malicious malware manipulation media monitors network networks normal often operation overwhelming people phishing placed platforms provide psychology ransom ransomware revealing rootkit sensitive service services shutdown social software specifically state successful system tactics techniques that the tool traffic trick type unauthorized unusual used using volume vulnerabilities vulnerability water with
network_security,destructive,5,"1. DDoS attack
2. SYN flood
3. SYN-ACK bomb
4. DNS tampering
5. Denial of Service (DoS) breach
6. Smurf attack
7. IP address spoofing
8. TCP connection hijacking
9. ICMP echo request
10. Network scanning techniques
11. Vulnerability assessment
12. Malware spread
13. Firewall misconfiguration
14. Port scan
15. Web application firewall (WAF)
16. Traffic shaping
17. IP address scrubbing
18. Deny-of-service operation (DoO)
19. Buffer overflow exploit
20. Man-in-the-middle attack
21. Session hijacking
22. Zero-day vulnerability
23. Denying service (DenY)
24. Network segmentation
25. Intrusion detection system (IDS)
26. Network congestion control
27. Blackhat hacking
28. Denial of Service (DoS) attack
29. Distributed Denial of Service (DDoS)
30. Server-side intrusion detection systems (SIEMs)
31. Network sniffing
32. TCP window scaling
3",address application assessment attack blackhat bomb breach buffer congestion connection control ddos denial deny deny-of-service denying detection distributed dns doo dos echo exploit firewall flood hacking hijacking icmp ids intrusion malware man-in-the-middle misconfiguration network operation overflow port request scaling scan scanning scrubbing segmentation server-side service session shaping siems smurf sniffing spoofing spread syn syn-ack system systems tampering tcp techniques traffic vulnerability waf web window zero-day
network_security,destructive,6,"1. Flood: Overwhelming large amounts of data with too little processing power or bandwidth.
2. Disruption: The loss of normal service due to an event that disrupts normal operations or services.
3. Denial: Blocking access to certain resources without permission to prevent use.
4. Attack: A malicious act intended to cause harm or damage to someone or something.
5. Vulnerability: An exploitable weakness or fault in computer systems, networks, software, etc., that allows unauthorized access to them.
6. Exploit: Use of flaws in software or hardware for malicious purposes.
7. Mitigation: Techniques used to limit or eliminate risks associated with vulnerabilities.
8. Penetration Testing: A simulated attack on a system designed to reveal weaknesses before actual attacks can be conducted.
9. Endpoint Detection and Response (EDR): Tools that monitor for suspicious activity and respond to detected threats, often within the context of cybersecurity tools.
10. Malware: Computer programs or other malicious software designed to steal information from a computer or network.
11. DDoS: Distributed DoS attack (DDoS) is a type of distributed denial-of-service attack where a large number of computers try to overwhelm a server with requests at once.
12. Rootkit: A",access act activity actual allows amounts and associated attack attacks bandwidth before blocking can cause certain computer computers conducted context cybersecurity damage data ddos denial denial-of-service designed detected detection disruption disrupts distributed dos due edr eliminate endpoint etc event exploit exploitable fault flaws flood for from hardware harm information intended large limit little loss malicious malware mitigation monitor network networks normal number often once operations other overwhelm overwhelming penetration permission power prevent processing programs purposes requests resources respond response reveal risks rootkit server service services simulated software someone something steal suspicious system systems techniques testing that the them threats too tools try type unauthorized use used vulnerabilities vulnerability weakness weaknesses where with within without
network_security,destructive,7,"1. Flooding
2. Disruption
3. Denial
4. Vulnerability
5. Sandstorm
6. Storm Surge
7. Network Blackout
8. Network Overhaul
9. Network Surge
10. Network Hijack
11. Firewall
12. Intrusion Detection System (IDS)
13. Intrusion Prevention System (IPS)
14. Zero-Day Exploit
15. Advanced Persistent Threats (APTs)
16. Distributed Denial-of-Service (DDoS) Attack
17. Backdoor
18. Privilege Escalation
19. Privileged Access
20. Network Configuration Management
21. Security Patch
22. Secure Boot
23. Network Segmentation
24. Border Gateway Protocol (BGP)
25. Intrusion Behavior Analysis (IBA)
26. Network Address Translation (NAT)
27. Dynamic Host Configuration Protocol (DHCP)
28. Virtual Private Network (VPN)
29. Network Address Pooling
30. Denial of Service (DoS)
31. Intrusion Defense Mechanism (IDM)
32. Mitigation Strategy
33. Intrusion Detection",access address advanced analysis apts attack backdoor behavior bgp blackout boot border configuration ddos defense denial denial-of-service detection dhcp disruption distributed dos dynamic escalation exploit firewall flooding gateway hijack host iba idm ids intrusion ips management mechanism mitigation nat network overhaul patch persistent pooling prevention private privilege privileged protocol sandstorm secure security segmentation service storm strategy surge system threats translation virtual vpn vulnerability zero-day
network_security,destructive,8,"1. Floodgate Disruption
2. Denial-of-Service
3. Network Blackout
4. DDoS Attack
5. Traffic Manipulation
6. Phishing Vulnerability
7. Denial-of-Access
8. Firewall Limitations
9. Server Hacks
10. Vulnerable IP Addresses
11. Denial of Service (DOS)
12. Network Intrusion Prevention System (NIPS)
13. Deny-Signaling Protocol (DSRP)
14. Port Scanning Techniques
15. Distributed Denial-of-Service (DDoS) Attacks
16. Web Application Firewall (WAF)
17. Vulnerability Scanning
18. TCP Port Configuration
19. Denial of Service (DOS) Technique
20. Smurf Attack
21. ICMP Redirect
22. ARP Poisoning Technique
23. Ping of Death
24. SYN Flooding
25. UDP Port Scanning
26. DDoS Mitigation Methods
27. Denial of Service Detection
28. IP Spoofing Technique
29. Network Security Policies
30. Denial-of-Service (DOS)",addresses application arp attack attacks blackout configuration ddos death denial denial-of-access denial-of-service deny-signaling detection disruption distributed dos dsrp firewall floodgate flooding hacks icmp intrusion limitations manipulation methods mitigation network nips phishing ping poisoning policies port prevention protocol redirect scanning security server service smurf spoofing syn system tcp technique techniques traffic udp vulnerability vulnerable waf web
network_security,destructive,9,"1. Flooding - The deliberate introduction of malicious data into the network or local area network (LAN) to disrupt services.
2. Denial - A method used to deliberately block traffic from specific systems by making them unable to deliver legitimate content or services.
3. Storm surge - A type of flooding that occurs when significant rain causes localized landslides and debris flows on roads and rivers, disrupting power supplies.
4. Black hole - An example of flooding in an online environment where the system is flooded with malicious traffic or resources, severely impacting normal operations.
5. Storm surge disruption - This refers to the flooding caused by a storm surge affecting the network infrastructure, leading to disruptions or failures in services.
6. Floodlighting - A technique that uses floodlighting lights to flood the internet or a specific area, potentially creating false positives in DNS query traffic that can lead to service disruptions.
7. Storm surge denial - A method where attackers create conditions that cause the storm surge flooding to reflect back onto the target, overwhelming the defense mechanisms and causing significant service interruptions.
8. Cloudfront - A cloud-based content delivery network that distributes web content through multiple servers around the world, typically delivering files from regions such as North America, Asia Pacific, Europe, Africa, and South America.",affecting africa america and area around asia attackers back black block can cause caused causes causing cloud-based cloudfront conditions content create creating data debris defense deliberate deliberately deliver delivering delivery denial disrupt disrupting disruption disruptions distributes dns environment europe example failures false files flood flooded flooding floodlighting flows from hole impacting infrastructure internet interruptions into introduction lan landslides lead leading legitimate lights local localized making malicious mechanisms method multiple network normal north occurs online onto operations overwhelming pacific positives potentially power query rain refers reflect regions resources rivers roads servers service services severely significant south specific storm such supplies surge system systems target technique that the them this through traffic type typically unable used uses web when where with world
network_security,destructive,10,"1. Flooding - A widespread network attack that disrupts service delivery.
2. Denial-of-Service (DoS) Attack - An attack designed to overwhelm or disable websites and services over a period of time.
3. IP Spoofing - The practice of impersonating another device's address for communication on a network.
4. ARP poisoning - The technique of replacing an actual device's MAC address with someone else’s for spoofing purposes.
5. Distributed Denial of Service (DDoS) - A method of disrupting the availability of a Web server through multiple computer servers simultaneously.
6. DDoS Flood - A large number of simultaneous requests directed at a target server using various attack methods.
7. Vulnerability Scanning - Checking for flaws in system security policies and protocols.
8. Rootkit - A tool used to hide itself and maintain persistence on a machine without user knowledge.
9. SQL Injection - A technique used to exploit vulnerabilities in databases to access unauthorized data.
10. Buffer Overflow - A programming error where an application reads into an array larger than its allocated capacity.
11. SYN Flood - An attack that sends large numbers of SYN packets, overwhelming TCP connections.
12. Phishing - The tactic of tricking users into revealing personal information via",access actual address allocated and another application arp array attack availability buffer capacity checking communication computer connections data databases ddos delivery denial denial-of-service designed device's directed disable disrupting disrupts distributed dos else error exploit flaws flood flooding for hide impersonating information injection into its itself knowledge large larger mac machine maintain method methods multiple network number numbers over overflow overwhelm overwhelming packets period persistence personal phishing poisoning policies practice programming protocols purposes reads replacing requests revealing rootkit scanning security sends server servers service services simultaneous simultaneously someone spoofing sql syn system tactic target tcp technique than that the through time tool tricking unauthorized used user users using various via vulnerabilities vulnerability web websites where widespread with without
application_security,defensive,1,"1. Application-Level Security (ALS)
2. Code-Security
3. Denial-of-Service (DoS) Protection
4. Eavesdropping Prevention
5. Forgery Detection
6. Firewall Configuration
7. Information Disclosure
8. Intrusion Detection Systems (IDS)
9. Malware Prevention
10. Network Security
11. OWASP Top Ten Best Practices
12. Penetration Testing
13. Privilege Escalation Detection
14. Resource Management
15. Vulnerability Assessment
16. Web Application Attack Scoring
17. Zero-Day Exploits
18. Access Control
19. API Security
20. DDoS Prevention Tools
21. Email Security
22. Firewalls vs Intruders
23. HTTP/HTTPS Headers
24. Intrusion Detection
25. IP Address Validation
26. Keyloggers
27. Malicious Software Removal
28. Password Hashing Algorithms
29. Proxy Services
30. Session Management
31. Trojan Horse Attacks
32. User Authentication
33. Vulnerable APIs
34. Web Application Frameworks
35.",access address algorithms als api apis application application-level assessment attack attacks authentication best code-security configuration control ddos denial-of-service detection disclosure dos eavesdropping email escalation exploits firewall firewalls forgery frameworks hashing headers horse http https ids information intruders intrusion keyloggers malicious malware management network owasp password penetration practices prevention privilege protection proxy removal resource scoring security services session software systems ten testing tools top trojan user validation vulnerability vulnerable web zero-day
application_security,defensive,2,"1. **Validation**
   - Input Validation
   - Response Validation

2. **Sanitization**
   - Data Sanitization
   - HTTP Headers Sanitization

3. **Patching**
   - Application Patch Management
   - Vulnerability Patch Management

4. **Scanning**
   - Penetration Scanning
   - Automated Scanning

5. **Diving**
   - Security Diving

6. **Penetration Testing**
   - Advanced Penetration Testing

7. **Insider Threats**
   - Internal Threats

8. **Red Team**
   - Red Team Operations

9. **Black Hat**
   - Hacker

10. **White Hat**
    - White-hat hacker

11. **Advanced Exploits**
    - Advanced Exploit Development

12. **Zero Day**
    - Zero-day exploit

13. **Exploit Development**
    - Exploit R&D

14. **Exploit Kits**
    - Exploit Kit Development

15. **Security Research**
    - Security Researcher

16. **Code Review**
    - Code Quality Check

17. **Security Auditing**
    - Security Audit

18. **Confidential Data",advanced application audit auditing automated black check code confidential data day development diving exploit exploits hacker hat headers http input insider internal kit kits management operations patch patching penetration quality red research researcher response review sanitization scanning security team testing threats validation vulnerability white white-hat zero zero-day
application_security,defensive,3,"1. Application Control (AC)
2. Application Security (AS)
3. Application Layer Protection (ALP)
4. Application Management System (AMS)
5. Application Vulnerability Analysis (AVA)
6. Application Environment Assessment (AEA)
7. Application Framework (AF)
8. Application Firewall (AFW)
9. Application Gateway (AG)
10. Application Monitoring (AM)
11. Application Dependency (AD)
12. Application Service Provider (ASP)
13. Application Security Assessment (ASA)
14. Application Performance Optimization (APO)
15. Application Risk Evaluation (ARE)
16. Application Configuration Management (ACM)
17. Application Security Incident Response (ASI)
18. Application Security Testing (AST)
19. Application Security Policy (ASP)
20. Application Security Engineering (ASE)
21. Application Security Implementation (API)
22. Application Security Management (ASM)
23. Application Security Compliance (ASC)
24. Application Security Compliance Management (ASCMM)
25. Application Security Lifecycle (ASCIL)
26. Application Security Audit (ASA)
27. Application Security Best Practices (ASBP)
28. Application Security DevOps (ASDOP)
29. Application Security Dev",acm aea afw alp ams analysis api apo application are asa asbp asc ascil ascmm asdop ase asi asm asp assessment ast audit ava best compliance configuration control dependency dev devops engineering environment evaluation firewall framework gateway implementation incident layer lifecycle management monitoring optimization performance policy practices protection provider response risk security service system testing vulnerability
application_security,defensive,4,"1. **Verification**  
2. **Authentication**  
3. **Authorization**  
4. **Access Control**  
5. **User Authentication**  
6. **Security Token**  
7. **Token Authentication**  
8. **Session Management**  
9. **Password Hashing**  
10. **Secure Storage**  
11. **Data Encryption**  
12. **Encryption Method**  
13. **Cryptographic Algorithm**  
14. **Secure Connection**  
15. **SFTP Protocol**  
16. **SSH Key Pair**  
17. **SSH Session**  
18. **HTTPS Protocol**  
19. **SSL/TLS Certificate**  
20. **SSL/Truststore**  
21. **TLS Configuration**  
22. **TCP/IP**  
23. **Port Mapping**  
24. **Virtual Hosts**  
25. **Dovecot Mail Server**  
26. **IPSEC**  
27. **IKE** (Internet Key Exchange)  
28. **IKEv2**  
29. **IKEv3**  
30. **IKEv4**  
31. **AH Tunneling**",access algorithm authentication authorization certificate configuration connection control cryptographic data dovecot encryption exchange hashing hosts https ike ikev internet ipsec key mail management mapping method pair password port protocol secure security server session sftp ssh ssl storage tcp tls token truststore tunneling user verification virtual
application_security,defensive,5,"1. **Validation**: The process of ensuring that data conforms to specified rules.
2. **Sanitization**: The transformation or modification of a text to comply with certain requirements or conventions.
3. **Patch**: A correction or repair to protect against vulnerabilities.
4. **Insider Threats**: Any threat coming from within an organization, often associated with unauthorized access or malicious activities.
5. **Penetration Testing**: An effort to identify and exploit weaknesses in network security systems.
6. **Zero Trust Architecture**: A secure approach to managing access based on trustless mechanisms rather than specific identities.
7. **Application Layer Security**: Ensuring that applications behave securely by controlling their interaction with other resources.
8. **App Access Control**: Systems used for restricting access to applications to prevent unauthorized use.
9. **Access Token Authentication**: The practice of using tokens to verify user identity during application authentication processes.
10. **Web Application Firewall (WAF)**: A network security solution designed to monitor and block web application attacks like SQL injection, cross-site scripting (XSS), and more.
11. **SQL Injection**: A form of cyber attack where an attacker uses injected code to perform malicious actions within a database query.
12. **Cross-Site Scripting (X",access actions activities against and any app application applications approach architecture associated attack attacker attacks authentication based behave block certain code coming comply conforms control controlling conventions correction cross-site cyber data database designed during effort ensuring exploit firewall for form from identify identities identity injected injection insider interaction layer like malicious managing mechanisms modification monitor more network often organization other patch penetration perform practice prevent process processes protect query rather repair requirements resources restricting rules sanitization scripting secure securely security solution specific specified sql systems testing text than that the their threat threats token tokens transformation trust trustless unauthorized use used user uses using validation verify vulnerabilities waf weaknesses web where with within xss zero
application_security,defensive,6,"1. **Validation**
   - **Sanitization**  
     - **Patch**  
       - **Context**: Application is subjected to a set of steps aimed at verifying its integrity or authenticity.
       - **Jargon**: Secure code verification process.
       - **Insider Language**: ""Validate"" vs. ""verify,"" ""test"" vs. ""validate.""
   - **Patching**  
     - **Context**: The application's protection mechanism against unauthorized access attempts.
     - **Insider Language**: ""Secure coding practices"" instead of ""patching.""

2. **Security Audit**
   - **Testing**  
     - **Context**: An inspection conducted by someone outside the organization to assess the effectiveness of existing defenses.
     - **Insider Language**: ""An independent third party checks for vulnerabilities"" versus ""an internal team tests the system.""
   - **Compliance**  
     - **Context**: Ensuring adherence to regulatory standards that protect sensitive information.
     - **Insider Language**: ""Comply with industry standards"" versus ""ensure compliance with relevant regulations.""

3. **Authentication**
   - **Authorization**  
     - **Context**: Controls over who can access a resource based on predefined criteria.
     - **Insider Language**: ""Access control mechanisms",access adherence against aimed application application's assess attempts audit authentication authenticity authorization based can checks code coding compliance comply conducted context control controls criteria defenses effectiveness ensure ensuring existing for independent industry information insider inspection instead integrity internal its jargon language mechanism mechanisms organization outside over party patch patching practices predefined process protect protection regulations regulatory relevant resource sanitization secure security sensitive set someone standards steps subjected system team test testing tests that the third unauthorized validate validation verification verify verifying versus vulnerabilities who with
application_security,defensive,7,"1. **Validations** - Process checks or tests that ensure input data meets specific requirements.
2. **Sanitizations** - The act of converting or de-serializing data before storing it or processing it; also known as ""encoding"" where characters are replaced with numbers, symbols, or other representations.
3. **Patches** - Software modifications to fix vulnerabilities.
4. **Defense** - Strategies for protecting against attacks on systems or applications.
5. **Security** - Measures taken to prevent or detect unauthorized access to information or networks.
6. **Intrusion Detection System (IDS)** - A system that monitors and analyzes network traffic to identify potentially malicious activity.
7. **Malware** - Computer software designed to harm, disrupt, or deface computer systems or networks.
8. **Attack Surface** - Comprehensive list of potential attack vectors within an organization's systems.
9. **White Box Testing** - Testing performed without using any binary, focusing instead on inputs and interactions between code and the environment being tested.
10. **Black Box Testing** - Testing in which the functionality of software is determined through its interface to the outside world rather than its internal state.
11. **Red Team Operation** - An undercover team of individuals who conduct covert",access act activity against also analyzes and any applications are attack attacks before being between binary black box characters checks code comprehensive computer conduct converting covert data de-serializing deface defense designed detect detection determined disrupt encoding ensure environment fix focusing for functionality harm identify ids individuals information input inputs instead interactions interface internal intrusion its known list malicious malware measures meets modifications monitors network networks numbers operation organization's other outside patches performed potential potentially prevent process processing protecting rather red replaced representations requirements sanitizations security software specific state storing strategies surface symbols system systems taken team tested testing tests than that the through traffic unauthorized undercover using validations vectors vulnerabilities where which white who with within without world
application_security,defensive,8,"1. XSS (Cross-Site Scripting)
2. CSRF (Cross-Site Request Forgery)
3. SQL Injection
4. Phishing
5. Web Scraping
6. Session Management
7. Tokenization
8. Cookie Management
9. Data Encryption
10. Caching Mechanisms
11. Content Security Policy (CSP)
12. Cross-Origin Resource Sharing (CORS)
13. Cross-Site Scripting (XSS) Prevention
14. SQL Injection Prevention
15. Cross-Site Request Forgery Prevention
16. OWASP Top Ten
17. Cross-site Request Forgery Protection
18. Secure Coding Practices
19. HTTP Basic Authentication
20. HTTPS/SSL
21. Content Security Policy (CSP) Validation
22. Access Control List (ACL)
23. Input Masking (IM)
24. Regular Expression Matching (RE)
25. X-Forwarded-For Header
26. IP Whitelisting
27. Blacklist Exploit
28. Zero-Day Exploits
29. Application Binary Interface (ABI)
30. Application Layer Protocol
31. Application Layer Gateway (AL",abi access acl application authentication basic binary blacklist caching coding content control cookie cors cross-origin cross-site csp csrf data encryption exploit exploits expression forgery gateway header http https injection input interface layer list management masking matching mechanisms owasp phishing policy practices prevention protection protocol regular request resource scraping scripting secure security session sharing sql ssl ten tokenization top validation web whitelisting x-forwarded-for xss zero-day
application_security,defensive,9,"1. **Validation**
   - **Sanitization**
     - **Patch**
       - **Salted**
         - **Hash**
           - **Digest**
             - **Secure**

### Additional Jargon

- **Tunneling**: A technique used in the internet of things (IoT) where small nodes transmit data over untrusted networks or infrastructure.
  
- **Hybrid Authentication**: A model combining authentication mechanisms from both symmetric and asymmetric encryption algorithms.

- **Data Integrity Checks**: Verifying the integrity and authenticity of data before it is transmitted or processed.

- **Multi-Factor Authentication (MFA)**: A security feature that requires users to verify their identity using multiple methods, such as passwords, biometrics, or one-time passcodes.",additional algorithms and asymmetric authentication authenticity before biometrics both checks combining data digest encryption feature from hash hybrid identity infrastructure integrity internet iot jargon mechanisms methods mfa model multi-factor multiple networks nodes one-time over passcodes passwords patch processed requires salted sanitization secure security small such symmetric technique that the their things transmit transmitted tunneling untrusted used users using validation verify verifying where
application_security,defensive,10,"1. **Validation**
2. **Sanitization**
3. **Patching**
4. **Defense**  
5. **Security**  
6. **Insider**
7. **Context**  
8. **Scope**  
9. **Attack**  
10. **Response**  
11. **Recovery**  
12. **Incident**  
13. **Mitigation**  
14. **Baseline**  
15. **Test**  
16. **Audit**  
17. **Scanning**  
18. **Monitoring**  
19. **Penetration**  
20. **Intrusion**  
21. **Malware**  
22. **Exploit**  
23. **Injection**  
24. **Spoofing**  
25. **Authentication**  
26. **Cryptography**  
27. **Hashing**  
28. **Encryption**  
29. **Authentication**  
30. **Session**  
31. **Cookie**  
32. **CSRF**  
33. **XSS**  
34. **SQL Injection**  
35. **XMLRPC**  
36.",attack audit authentication baseline context cookie cryptography csrf defense encryption exploit hashing incident injection insider intrusion malware mitigation monitoring patching penetration recovery response sanitization scanning scope security session spoofing sql test validation xmlrpc xss
application_security,educational,1,"1. API (Application Programming Interface)
2. CDN (Content Delivery Network)
3. DevOps (Development Operations)
4. ECS (Elastic Compute Service)
5. Docker (Digital Object Identifier)
6. Kubernetes (Key Workload Engineering)
7. NGINX (Nginx web server)
8. AWS (Amazon Web Services)
9. SQL (Structured Query Language)
10. JWT (JSON Web Token)
11. API Gateway (Application-Level Gateway)
12. CI/CD (Continuous Integration/Continuous Deployment)
13. VCAP (Virtual Cloud Agents)
14. DDoS (Denial-of-Service) Attack
15. AWS EBS (Elastic Block Store)
16. AWS WAF (Web Application Firewall)
17. AWS WAF WFS (web filtering services)
18. API Gateway
19. AWS CLI (Command Line Interface for AWS)
20. API Management
21. API Gateway
22. API Server
23. AWS SDK
24. AWS SDK EC2
25. Amazon SageMaker
26. Elastic Load Balancer
27. Auto Scaling
28. Lambda (Serverless Function)
29. AutoScaling",agents amazon api application application-level attack auto autoscaling aws balancer block cdn cli cloud command compute content continuous ddos delivery denial-of-service deployment development devops digital docker ebs ecs elastic engineering filtering firewall for function gateway identifier integration interface json jwt key kubernetes lambda language line load management network nginx object operations programming query sagemaker scaling sdk server serverless service services sql store structured token vcap virtual waf web wfs workload
application_security,educational,2,"1. Web Application Security (WAS)
2. Threat Modeling (TM)
3. Penetration Testing (PT)
4. Vulnerability Assessment (VA)
5. Code Review (CR)
6. Static Analysis (SA)
7. Dynamic Analysis (DA)
8. Risk Assessment (RA)
9. Risk Management (RM)
10. Secure Coding Practices (SCP)
11. Security Best Practices (SBP)
12. Access Control (AC)
13. Authorization Management (AM)
14. Network Security (NS)
15. Firewall Configuration (FC)
16. Intrusion Detection Systems (IDS)
17. Vulnerability Scanning (VSN)
18. Malware Scan (MS)
19. DDoS Protection (DPI)
20. Application Load Balancing (ALB)
21. Cloud Security Alliance (CSA)
22. SSL/TLS Certificate Verification (SSL/TLSVC)
23. HTTPS/HTTP Encryption (HTTPS/HTTPSEC)
24. OWASP Top 10 (OCTO-10)
25. Common Weakness Enumeration (CWE)
26. Common Denial-of-service Attack (CDoS)
27. Denial-of-",access alb alliance analysis application assessment attack authorization balancing best cdos certificate cloud code coding common configuration control csa cwe ddos denial-of denial-of-service detection dpi dynamic encryption enumeration firewall http https httpsec ids intrusion load malware management modeling network octo owasp penetration practices protection review risk sbp scan scanning scp secure security ssl static systems testing threat tls tlsvc top verification vsn vulnerability was weakness web
application_security,educational,3,"1. Application Programming Interface (API)
2. Application Lifecycle Management (ALM)
3. Application Security Lifecycle (ASL)
4. Application Architecture Description Language (AADL)
5. Application Performance Monitoring (APM)
6. Application Development Life Cycle (ADLC)
7. Application Programming Model (AMP)
8. Application Dependency Repository (ADD)
9. Application Security Framework (ASF)
10. Application Security Policy (ASP)
11. Application Deployment Specification (ADS)
12. Application Design Principles (ADDPRINC)
13. Application Configuration Management System (ACMS)
14. Application Service Delivery Network (ASDN)
15. Application Testing Framework (ATF)
16. Application Security Incident Response Plan (ASERP)
17. Application Security Best Practices (ASBP)
18. Application Security Audit (ASA)
19. Application Security Review (ASR)
20. Application Security Assessment (ASA)",aadl acms add addprinc adlc ads alm amp api apm application architecture asa asbp asdn aserp asf asl asp asr assessment atf audit best configuration cycle delivery dependency deployment description design development framework incident interface language life lifecycle management model monitoring network performance plan policy practices principles programming repository response review security service specification system testing
application_security,educational,4,"1. OWASP Top-250 (Open Web Application Security Project)
2. Secure Development Lifecycle (SDLC)
3. Secure Code (Secure Software Engineering) 
4. Application Layer Defense (ALD)
5. Network Protection (Network Security)
6. Threat Management (Threat Hunting)
7. Penetration Testing (Penetration Testing)
8. Vulnerability Scanning (Vulnerability Assessment)
9. DDoS Attacks (Denial of Service)
10. Phishing Attack (Phishing Campaigns)
11. Blackhat (Black-hat hacking)
12. Offensive Security Practices (OSP)
13. Security Incident Response (Security Incident Response Team)
14. Vulnerability Scanner (VSCAN)
15. Zero-day Exploits
16. Advanced Persistent Threats (APTs)
17. Intrusion Detection System (IDS)
18. Threat Intelligence
19. Vulnerability Disclosure (VD)
20. Risk Assessment (Risk Analysis)
21. Information Security Framework (ISF)
22. Data Encryption Standard (DES)
23. Digital Identity (Digital Authentication)
24. Sensitive Data Protection (Sensitive Data Protection Mechanism)
25. Secure Communication Protocols (SCCP",advanced ald analysis application apts assessment attack attacks authentication black-hat blackhat campaigns code communication data ddos defense denial des detection development digital disclosure encryption engineering exploits framework hacking hunting identity ids incident information intelligence intrusion isf layer lifecycle management mechanism network offensive open osp owasp penetration persistent phishing practices project protection protocols response risk scanner scanning sccp sdlc secure security sensitive service software standard system team testing threat threats top vscan vulnerability web zero-day
application_security,educational,5,"1. **Application Framework**
2. **Web Application Platform**
3. **Service-Oriented Architecture (SOA)**
4. **SAP HANA**  
5. **Elasticsearch Cluster**  
6. **Node.js Applications**
7. **Database Management Systems (DBMS)**  
8. **Cassandra Database**  
9. **Spring Security**  
10. **Maven Dependency Graph**  
11. **Microservices Architecture**
12. **GraphQL API**
13. **Nginx Web Server**
14. **Kubernetes Cluster**  
15. **Docker Containerization**
16. **Apache Tomcat**  
17. **Redis Cache**  
18. **JWT Authentication**
19. **Cloud Native Computing Foundation (CNCF)**  
20. **Federated Identity Manager**
21. **OAuth 2.0 Authorization Flow**
22. **OpenID Connect**  
23. **IAM Authentication**  
24. **OAuth Token**
25. **AWS IAM Access Key ID**  
26. **AWS IAM Secret Access Key**  
27. **Amazon RDS MySQL Database**  
28. **MySQL Database**  
29",access amazon apache api application applications architecture authentication authorization aws cache cassandra cloud cluster cncf computing connect containerization database dbms dependency docker elasticsearch federated flow foundation framework graph graphql hana iam identity jwt key kubernetes management manager maven microservices mysql native nginx node oauth openid platform rds redis sap secret security server service-oriented soa spring systems token tomcat web
application_security,educational,6,"1. HTTP/HTTPS
2. API Gateway
3. CDN (Content Delivery Network)
4. Load Balancer
5. API Management System (APS)
6. Application Load Balancing (ALB)
7. Identity Management Platform
8. Authentication Server (AS)
9. Web Application Firewall (WAF)
10. Database Security
11. Cryptography Services (CIS)
12. Role-Based Access Control (RBAC)
13. Multi-factor Authentication (MFA)
14. SSL/TLS
15. Tokenization
16. Secure Sockets Layer (SSL) 
17. Session Management
18. JSON Web Tokens (JWT)
19. OAuth2
20. Content Security Policy (CSP)
21. App Dev
22. App Store
23. Mobile Application Development (MAD)
24. Mobile Application Security (MAS)
25. App Engine
26. Application Security Frameworks (ASFs)
27. Vulnerability Scanning
28. White-hat Hackers
29. Black Hat Hackers
30. Penetration Testing
31. Cybersecurity Incident Response (CIR)
32. Threat Intelligence
3",access alb api app application aps asfs authentication balancer balancing black cdn cir cis content control cryptography csp cybersecurity database delivery dev development engine firewall frameworks gateway hackers hat http https identity incident intelligence json jwt layer load mad management mas mfa mobile multi-factor network oauth penetration platform policy rbac response role-based scanning secure security server services session sockets ssl store system testing threat tls tokenization tokens vulnerability waf web white-hat
application_security,educational,7,"Sure! Here are 256 domain-specific terms related to application security tailored for an educational context:
1. **Application Security Framework** - A suite of tools that helps developers implement security policies.
2. **Application Security Lifecycle (ASLC)** - The entire process from planning security requirements through deployment and maintenance.
3. **Web Application Firewall (WAF)** - A firewall that protects websites against web attacks including SQL injection, cross-site scripting (XSS), and other types of attacks.
4. **Data Loss Prevention (DLP)** - A technology that prevents the loss or alteration of sensitive data through digital evidence recovery.
5. **Endpoint Detection and Response (EDR)** - Software used to identify and respond to malware on a network endpoint.
6. **Application Control Flow Diagram (ACFDD)** - A visual representation of how applications flow between different parts of a system under normal conditions and during faults.
7. **Application Performance Management (APM)** - Tools designed to monitor the performance of an application’s infrastructure and services.
8. **Application Vulnerability Scanning (AVS)** - Techniques used to automatically discover and assess vulnerabilities within applications before they can be exploited.
9. **Security Best Practices (SBP)** - A set of guidelines provided by organizations",acfdd against alteration and apm application applications are aslc assess attacks automatically avs before best between can conditions context control cross-site data deployment designed detection developers diagram different digital discover dlp domain-specific during edr educational endpoint entire evidence exploited faults firewall flow for framework from guidelines helps here how identify implement including infrastructure injection lifecycle loss maintenance malware management monitor network normal organizations other parts performance planning policies practices prevention prevents process protects provided recovery related representation requirements respond response sbp scanning scripting security sensitive services set software sql suite sure system tailored techniques technology terms that the they through tools types under used visual vulnerabilities vulnerability waf web websites within xss
application_security,educational,8,"1. SSL/TLS (Secure Sockets Layer/Transport Layer Security)
2. TLS (Transport Layer Security)
3. HTTPS (Hypertext Transfer Protocol Secure)
4. SSH (Secure Shell)
5. SMTP (Simple Mail Transfer Protocol)
6. POP3 (Post Office Protocol Version 3)
7. IMAP4 (Internet Message Access Protocol Version 4)
8. DNS (Domain Name System)
9. URL (Uniform Resource Locator)
10. HTTP (Hypertext Transfer Protocol)
11. FTP (File Transfer Protocol)
12. ICMP (Internet Control Message Protocol)
13. UDP (User Datagram Protocol)
14. TCP (Transmission Control Protocol)
15. IP (Internet Protocol)
16. MAC (Medium Access Control)
17. VLAN (Virtual Local Area Network)
18. VXLAN (Very Large-scale Application Virtual Network)
19. VPC (Virtual Private Cloud)
20. CDN (Content Delivery Network)
21. CVM (Cloud Virtual Machine)
22. CNAME (Canonical Name)
23. DNSSEC (Domain Name Security Extensions)
24. DDoS (Distributed Denial of Service)
25. DDOS (Distributed Denial of Service)",access application area canonical cdn cloud cname content control cvm datagram ddos delivery denial distributed dns dnssec domain extensions file ftp http https hypertext icmp imap internet large-scale layer local locator mac machine mail medium message name network office pop post private protocol resource secure security service shell simple smtp sockets ssh ssl system tcp tls transfer transmission transport udp uniform url user version very virtual vlan vpc vxlan
application_security,educational,9,"1. Authentication Framework
2. Application Dependencies (AD)
3. Secure Coding Practices (SCP)
4. OWASP Top 10
5. Blacklisting and Whitelisting
6. Least Privilege (LP)
7. Access Control Lists (ACLs)
8. Role-Based Access Control (RBAC)
9. OAuth2 Authorization Server
10. API Gateway
11. SSL/TLS Certificates
12. Digital Signature Algorithm (DSA)
13. Token-based Authentication
14. HTTP Basic Auth
15. HTTPS
16. Session Management
17. Cross-Site Scripting (XSS) Protection
18. CSRF Attacks
19. Phishing Prevention
20. Data Encryption Standard (DES)
21. Secure Sockets Layer (SSL)
22. Web Application Firewall (WAF)
23. Application Load Balancing (ALB)
24. App Engine
25. Docker Containerization
26. Kubernetes Platform
27. Microservices Architecture
28. CI/CD Continuous Integration/Continuous Deployment
29. DevOps Team Coordination
30. Containerized Applications
31. Virtual Machines (VM)
32. Microservices Architecture",access acls alb algorithm and api app application applications architecture attacks auth authentication authorization balancing basic blacklisting certificates coding containerization containerized continuous control coordination cross-site csrf data dependencies deployment des devops digital docker dsa encryption engine firewall framework gateway http https integration kubernetes layer least lists load machines management microservices oauth owasp phishing platform practices prevention privilege protection rbac role-based scp scripting secure server session signature sockets ssl standard team tls token-based top virtual waf web whitelisting xss
application_security,educational,10,"1. API Gateway
2. API Blueprint
3. Application Firewall (AF)
4. Authentication Backend
5. Authorization Server
6. Bearer Token Scanning
7. Bot Framework
8. Cookieless Web Sockets
9. Content Delivery Network (CDN)
10. Data Loss Prevention (DLP)
11. Dynamic Resource Management (DRM)
12. Event-Driven Architecture (EDA)
13. Frontend Authentication (FA)
14. GitHub Actions
15. HTML5 Canvas
16. Identity Management (IM)
17. IAM Roles
18. Input Validation
19. KMS Key Management Service (KMS)
20. Machine Learning Model Deployment
21. Mobile App Authentication (MAC)
22. OAuth2.0 Protocol
23. OpenID Connect (OIC)
24. Patch Management System
25. Port Forwarding Configuration
26. Proxy Server
27. RESTful APIs
28. Serverless Functions
29. Software Asset Management (SAM)
30. TPS Performance Testing
31. User Authentication
32. Videoconferencing
33. Web Application Security
34. X5",actions api apis app application architecture asset authentication authorization backend bearer blueprint bot canvas cdn configuration connect content cookieless data delivery deployment dlp drm dynamic eda event-driven firewall forwarding framework frontend functions gateway github html iam identity input key kms learning loss mac machine management mobile model network oauth oic openid patch performance port prevention protocol proxy resource restful roles sam scanning security server serverless service sockets software system testing token tps user validation videoconferencing web
application_security,offensive,1,"Injection Overflow Fuzzing - The process of injecting malicious payloads into test data and using these payloads for testing purposes.
Injection Overflow - A form of attack where an attacker injects malicious code or data into their payload without authorization.
Fuzzing - A technique used by attackers to find vulnerabilities in software systems. It involves generating random inputs that mimic user input patterns.
Intrusion Detection - The ability of an intrusion detection system (IDS) to detect when an unexpected activity occurs that may indicate an attack on the network or application.
Zero-Day Exploit - An exploit that was discovered before the software vendor releases it to the public.
Denial-of-Service (DoS) - An attack that attempts to prevent other users from accessing a website or service by overwhelming its servers with traffic.
Buffer Overflow - A programming error where the size of variables is larger than what can be handled by the program at runtime.
Reflection Injection - When code is executed as if from memory instead of executing from files.
Rogue Access - Unauthorized access to resources or services within an organization's network.
Application-Specific Vulnerabilities - Security issues that are unique to applications running on a particular platform, such as Windows, Linux, or iOS.
Phishing Campaign - A targeted attack designed to trick users into divulging",ability access accessing activity and application application-specific applications are attack attacker attackers attempts authorization before buffer campaign can code data denial-of-service designed detect detection discovered divulging dos error executed executing exploit files find for form from fuzzing generating handled ids indicate injecting injection injects input inputs instead into intrusion involves ios issues its larger linux malicious may memory mimic network occurs organization's other overflow overwhelming particular patterns payload payloads phishing platform prevent process program programming public purposes random reflection releases resources rogue running runtime security servers service services size software such system systems targeted technique test testing than that the their these traffic trick unauthorized unexpected unique used user users using variables vendor vulnerabilities was website what when where windows with within without zero-day
application_security,offensive,2,"1. Injection - The act of inserting malicious code or data into an application.
2. Overflow - The condition where input is greater than the maximum amount that can be processed or stored in memory.
3. Fuzzing - A technique for generating test inputs with known outcomes to simulate and analyze potential vulnerabilities in software.
4. Exploit - The action or process of using someone else's weakness (an exploit) or exploiting existing weaknesses (a bug) in software.
5. Rainbow table - A database of precomputed checksums of strings to allow brute-force cracking of passwords without needing to guess each password individually.
6. Mitigation strategy - A plan to address or prevent a vulnerability from occurring.
7. Scammer - Someone who sends emails claiming to have links to files containing malware.
8. SQL injection - An attack where attackers use a query string in the form of SQL that misleads the database engine about the data it expects to find, allowing them to extract sensitive information like user names, passwords, etc., or execute arbitrary commands.
9. Buffer overflow - A programming error where program execution occurs outside of the allocated space available in the stack, potentially leading to program crashes or data loss.
10. OWASP ZAP - A set of open-source tools designed for automated",about act action address allocated allow allowing amount analyze and application arbitrary attack attackers automated available brute-force buffer bug can checksums claiming code commands condition containing cracking crashes data database designed each else's emails engine error etc execute execution existing expects exploit exploiting extract files find for form from fuzzing generating greater guess have individually information injection input inputs inserting into known leading like links loss malicious malware maximum memory misleads mitigation names needing occurring occurs open-source outcomes outside overflow owasp password passwords plan potential potentially precomputed prevent process processed program programming query rainbow scammer sends sensitive set simulate software someone space sql stack stored strategy string strings table technique test than that the them tools use user using vulnerabilities vulnerability weakness weaknesses where who with without zap
application_security,offensive,3,"Injection Overflow Fuzzing - Exploiting vulnerabilities within an application for execution via input redirection or injection attacks.

Injection Overload - The process of injecting data into the application at higher levels of the stack than allowed by standard runtime capabilities.

Overflow Injection - A type of attack where malicious code is injected into the system's buffer regions that exceed predefined limits, leading to undefined behavior or crashes.

Fuzzer - An automated tool designed to explore different inputs, often used to test various exploit candidates against a target application.

Context Injection - The injection of sensitive information through an application's environment variables, session attributes, or database queries, which can then be exploited in an attack.

Reverse Programming - The process of simulating the behavior of an application from outside its interface using techniques such as fuzz testing or fuzz programming.

Tunnel Injection - The injection of data into a network packet path, typically with the goal of bypassing firewalls or other security measures.

Injection Buffer Overflow - The process where an attacker sends large amounts of untrusted input to the application's buffer space, causing it to crash due to insufficient memory.

Injection Attack - An attempt by an attacker to inject malicious code into an application's runtime environment without proper authorization, intended to cause denial of service, access violation, or unauthorized modification of",access against allowed amounts application application's attack attacker attacks attempt attributes authorization automated behavior buffer bypassing can candidates capabilities cause causing code context crash crashes data database denial designed different due environment exceed execution exploit exploited exploiting explore firewalls for from fuzz fuzzer fuzzing goal higher information inject injected injecting injection input inputs insufficient intended interface into its large leading levels limits malicious measures memory modification network often other outside overflow overload packet path predefined process programming proper queries redirection regions reverse runtime security sends sensitive service session simulating space stack standard such system's target techniques test testing than that the then through tool tunnel type typically unauthorized undefined untrusted used using variables various via violation vulnerabilities where which with within without
application_security,offensive,4,"1. Injection
2. Overload
3. Buffer Overflow
4. Denial of Service
5. Fuzzing
6. Metasploit Framework
7. OWASP Top Ten
8. RCE (Read Elevation of Privilege)
9. CWE (Common Vulnerabilities and Exposures)
10. Exploit
11. Phishing
12. SQL Injection
13. Cross Site Scripting (XSS)
14. Command Execution (CVE-2017-5688)
15. Webshell
16. Remote Code Execution (RCE)
17. File Inclusion (FI)
18. Deniable Injection
19. Binary Crab
20. Buffer Constrained Function Call (BCFC)
21. Stack Traversal
22. Return-Oriented Programming (ROP)
23. Buffer Overflow Attack
24. Path Traversal
25. Remote Code Execution (RCE)
26. Web Application Firewall (WAF)
27. XSS Defense
28. Buffer Underflow
29. Phishing Email
30. SQLi (Server Side Interception)
31. Denial of Service (DoS)",and application attack bcfc binary buffer call code command common constrained crab cross cve cwe defense deniable denial dos elevation email execution exploit exposures file firewall framework function fuzzing inclusion injection interception metasploit overflow overload owasp path phishing privilege programming rce read remote return-oriented rop scripting server service side site sql sqli stack ten top traversal underflow vulnerabilities waf web webshell xss
application_security,offensive,5,"1. Injection - The insertion of malicious code into an application's input stream.
2. Overflow - Occurs when data is exceeded or exceeds its capacity without bounds checking.
3. Fuzzing - Randomly generating inputs with various patterns or values for testing applications or systems.
4. Insidious - Describing something that hides or conceals itself effectively, often through subtle means.
5. Privilege Escalation - The process of increasing user privileges within an application or system.
6. Denial of Service (DoS) - An attack where multiple users drain resources from an application by sending too many requests simultaneously.
7. Vulnerability Scanning - Conducting automated scans to detect possible flaws in software or hardware systems.
8. Exploit - A method or technique used to exploit vulnerabilities in an application or system to gain unauthorized access.
9. Buffer Overrun - A type of attack where data written to memory exceeds available memory leading to corruption or failure.
10. Command Execution - The ability to run arbitrary commands on the target system.
11. Path Traversal - The use of file paths to determine the location of executable files.
12. Web Application Firewall (WAF) - A computer network device designed to monitor and block attacks before they reach the web server",ability access and application application's applications arbitrary attack attacks automated available before block bounds buffer capacity checking code command commands computer conceals conducting corruption data denial describing designed detect determine device dos drain effectively escalation exceeded exceeds executable execution exploit failure file files firewall flaws for from fuzzing gain generating hardware hides increasing injection input inputs insertion insidious into its itself leading location malicious many means memory method monitor multiple network occurs often overflow overrun path paths patterns possible privilege privileges process randomly reach requests resources run scanning scans sending server service simultaneously software something stream subtle system systems target technique testing that the they through too traversal type unauthorized use used user users values various vulnerabilities vulnerability waf web when where with within without written
application_security,offensive,6,"1. Injection
2. Overflow
3. Fuzzing
4. Brute Force
5. Exploit
6. Vulnerability
7. Rootkit
8. Malware
9. Buffer Overrun
10. SQL Injection
11. Web Application Defense
12. Attack Vector
13. Denial of Service (DOS)
14. Payload Generation
15. Zero-Day Bug
16. Exploitation Techniques
17. Phishing
18. Social Engineering
19. Privilege Escalation
20. Code Review
21. Black Box Testing
22. White Box Testing
23. Static Analysis
24. Dynamic Analysis
25. Intrusion Detection Systems (IDS) and Intrusion Prevention Systems (IPS)
26. Secure Coding Practices
27. Secure Programming Languages
28. Secure Shell (SSH)
29. Secure Configuration Management
30. Web Application Security Testing (WASST)
31. Web Application Firewall (WAF)
32. HTTP Header Sniffing
33. Cross-Site Scripting (XSS)
34. Cross-Site Request Forgery (CSRF)
35.",analysis and application attack black box brute buffer bug code coding configuration cross-site csrf defense denial detection dos dynamic engineering escalation exploit exploitation firewall force forgery fuzzing generation header http ids injection intrusion ips languages malware management overflow overrun payload phishing practices prevention privilege programming request review rootkit scripting secure security service shell sniffing social sql ssh static systems techniques testing vector vulnerability waf wasst web white xss zero-day
application_security,offensive,7,"Here is a list containing 256 domain-specific terms and jargon related to application security:

Injection Overflow Fuzzing Injection (A) Overflow (B) Fuzzing (C) Attack (D) Vulnerability (E) Buffer Overflow (F) Data Flow (G) Metasource (H) Exploit Development (I) Destructive (J) Injection Points

Insider Language:
- Privileged Access
- Privilege Escalation
- Privileged Operations
- Denial Of Service
- Brute Force Attack
- Rainbow Table
- Hash Table

Technical Vocabulary:
- Metabolic Path Analysis
- SQL Injection
- Cross-Site Scripting
- XSS (Cross Site Scripting)
- CSRF (Cross-Site Request Forgery)
- Remote Code Execution
- RCE (Remote Code Execution)
- SQL Command Injection
- Cross-Origin Resource Sharing (CORS)
- OWASP ZAP (Zero-day Exploitation Abatement)
- Zero-Day Exploit
- Zero-Day Stuxnet (Stuxnet)

Note: These terms cover various types of application security threats. Depending on their exact meaning or the specific type of threat they represent, these could be further classified into subcategories. The use of such",abatement access analysis and application attack brute buffer classified code command containing cors could cover cross cross-origin cross-site csrf data denial depending destructive development domain-specific escalation exact execution exploit exploitation flow force forgery further fuzzing hash here injection insider into jargon language list meaning metabolic metasource note operations overflow owasp path points privilege privileged rainbow rce related remote represent request resource scripting security service sharing site specific sql stuxnet subcategories such table technical terms the their these they threat threats type types use various vocabulary vulnerability xss zap zero-day
application_security,offensive,8,"1. Injection (n): Attempting to exploit software vulnerabilities via user input.
2. Overflow (v): An intentional error where data exceeds or crosses the system's boundary limits.
3. Fuzzing (f): A technique for testing inputs with high probabilities of generating a specific output through automated scripts.
4. Exploitation (e): The process of using malicious code or exploits against another program or system.
5. Injection Overload (IoO): A common phrase used in vulnerability assessments to describe an attack strategy that uses multiple injections without limiting itself to a single point of compromise.
6. Buffer Overflow (BOF): A condition where an application overflows its allocated memory space during execution due to incorrect handling of pointers, leading to a loss of control over the stack.
7. Payload Injection: Technique used to bypass security measures by constructing payload strings from command-line arguments or other input sources.
8. Shellshock: A known exploit released by Microsoft that exploits shellcode injection attacks in Windows applications.
9. Phishing: Raising false or misleading expectations about a business, often through email, telephone calls, or other forms of communication.
10. Command Injection (CI): Using commands as part of an attack to achieve desired outcomes, such as accessing sensitive files.",about accessing achieve against allocated another application applications arguments assessments attack attacks attempting automated bof boundary buffer business bypass calls code command command-line commands common communication compromise condition constructing control crosses data describe desired due during email error exceeds execution expectations exploit exploitation exploits false files for forms from fuzzing generating handling high incorrect injection injections input inputs intentional ioo its itself known leading limiting limits loss malicious measures memory microsoft misleading multiple often other outcomes output over overflow overflows overload part payload phishing phrase point pointers probabilities process program raising released scripts security sensitive shellcode shellshock single software sources space specific stack strategy strings such system system's technique telephone testing that the through used user uses using via vulnerabilities vulnerability where windows with without
application_security,offensive,9,"1. Injection
2. Overflow
3. Fuzzing
4. Denial of Service (DoS)
5. Privilege Escalation
6. Web Application
7. Cross-Site Scripting (XSS)
8. SQL Injection
9. Buffer Overread
10. Buffer Underflow
11. Cross Site Request forgeries (CSRF)
12. Cross-Domain Scripting (XDS)
13. Server-Side Includes (SSI)
14. Content Security Policy (CSP)
15. Cross-site Scripting (CFS)
16. Session Hijacking
17. Cross-Origin Resource Sharing (CORS)
18. Cross-Site Request Forgery (CSRF)
19. Cross-Site Scripting Attack (XSSA)
20. Cross-Site Request Forgery (CSRF)
21. Cross-Site Scripting (XSS)
22. Cross-Site Request Forgery (XSRF)
23. Cross-Site Scripting (XSS)
24. Cross-Site Request Forgery (CSRF)
25. Cross-Site Request Forgery (CSRF)
26. Cross-Site Request Forgery (CSRF)",application attack buffer cfs content cors cross cross-domain cross-origin cross-site csp csrf denial dos escalation forgeries forgery fuzzing hijacking includes injection overflow overread policy privilege request resource scripting security server-side service session sharing site sql ssi underflow web xds xsrf xss xssa
application_security,offensive,10,"1. Injection - An attack where malicious code is inserted into an application's input data.
2. Overflow - A strategy used to exploit vulnerabilities that increase the size of input data that can be processed.
3. Fuzzing - A technique for testing applications or systems using random inputs.
4. Exploit - To exploit software weaknesses and gain unauthorized access.
5. Buffer Overflow - A type of buffer overflows in which a program exceeds its allocated memory capacity when processing certain types of inputs.
6. Cross-Site Scripting (XSS) - The act of injecting untrusted script into a web page, which can then be executed as part of a more serious attack.
7. Code Injection - Insertion of malicious code into an application’s codebase without explicit permission.
8. Web Application Firewall (WAF) - A defensive system designed to detect and block various forms of web-based attacks, including cross-site scripting (XSS), injection attacks, and other types of attacks.
9. Cross-Origin Resource Sharing (CORS) - A protocol used in HTTP to restrict how resources from different origins are accessed on a single webpage.
10. Input Validation - The process of validating user input to ensure it meets predetermined criteria before being passed to application code.
11. Path",access accessed act allocated and application application's applications are attack attacks before being block buffer can capacity certain code codebase cors criteria cross-origin cross-site data defensive designed detect different ensure exceeds executed explicit exploit firewall for forms from fuzzing gain how http including increase injecting injection input inputs inserted insertion into its malicious meets memory more origins other overflow overflows page part passed path permission predetermined process processed processing program protocol random resource resources restrict script scripting serious sharing single size software strategy system systems technique testing that the then type types unauthorized untrusted used user using validating validation various vulnerabilities waf weaknesses web web-based webpage when where which without xss
application_security,evasive,1,"1. Cryptographic Encryption
2. Virtual Machine Execution
3. Code Injection Techniques
4. Denial-of-Service (DoS) Attacks
5. Zero-Day Exploits
6. Web Application Firewalls (WAFs)
7. Cross-Site Scripting (XSS)
8. Advanced Persistent Threats (APTs)
9. Content Security Policy (CSP)
10. Application Layer Security (TLS)
11. Intrusion Detection Systems (IDS)
12. Application Control Policies (ACP)
13. Network Address Translation (NAT)
14. Phishing Scams
15. Sensitive Data Vulnerability Management
16. Black-box Analysis
17. Reverse Engineering Tools
18. Application Service Mesh (ASM)
19. DDoS Protection Services
20. Insecure Direct Object Access (IDOA)
21. Man-in-the-Middle Attack (MITM)
22. Phishing Scam Response
23. Web Application Firewall Configuration
24. Intruder Detection Systems
25. Web Application Firewall (WAF)
26. Application Layer Protocol Mapping (ALAMP)
27. Web Application Framework (WAF)
28. Web Application Gateway",access acp address advanced alamp analysis application apts asm attack attacks black-box code configuration content control cross-site cryptographic csp data ddos denial-of-service detection direct dos encryption engineering execution exploits firewall firewalls framework gateway idoa ids injection insecure intruder intrusion layer machine man-in-the-middle management mapping mesh mitm nat network object persistent phishing policies policy protection protocol response reverse scam scams scripting security sensitive service services systems techniques threats tls tools translation virtual vulnerability waf wafs web xss zero-day
application_security,evasive,2,"1. **OBFUSCATION** - The act of changing information in a manner so that it is difficult to reverse engineer.
2. **BYPASS** - To avoid or circumvent some process or method (e.g., ""skip"" in computer programming).
3. **EVIABILITY**: The ability to prevent or mitigate an attack, either through design, implementation, or policy.
4. **SECURITY EVALUATION**: The process of evaluating the security risks associated with software or systems.
5. **CRYPTOGRAPHY**: The study of methods for encryption and decryption using mathematics.
6. **BLOCK CHAIN SECURITY**: Techniques used to protect against attacks on blockchain-based decentralized applications.
7. **HARDCORE WEB APPLICATION ATTACKS**: Attacks where attackers can target the core system rather than the client or server.
8. **SYMMETRIC KEY ALGORITHMS**: Algorithms for generating, encrypting, and decrypting messages with equal key lengths and properties.
9. **CRYPTOTHERMETERS**: Methods for deriving keys from plaintext data.
10. **KEY MANAGEMENT**: The practices and processes involved in securely managing cryptographic keys.
11. **DATA DECRYPTION**: The process of decrypting ciphertext to retrieve the original plaintext.
12. **",ability act against algorithms and application applications associated attack attackers attacks avoid block blockchain-based bypass can chain changing ciphertext circumvent client computer core cryptographic cryptography cryptothermeters data decentralized decrypting decryption deriving design difficult either encrypting encryption engineer equal evaluating evaluation eviability for from generating hardcore implementation information involved key keys lengths management managing manner mathematics messages method methods mitigate obfuscation original plaintext policy practices prevent process processes programming properties protect rather retrieve reverse risks securely security server skip software some study symmetric system systems target techniques than that the through used using web where with
application_security,evasive,3,"1. Domain Hijacking  
2. Domain Name Rotation  
3. Digital Asset Protection (DAP)  
4. DDoS Burden  
5. Encrypted File Storage  
6. HTTP/HTTPS Vulnerability Scanning  
7. Firewall Configuration  
8. IIS Server Scammer  
9. Malware Scanners & Detection  
10. Nginx Proxy Scamming  
11. OS X Password Bypass  
12. Phishing Email Scammers  
13. Reverse DNS Lookup  
14. Sandboxing Technology  
15. Spigot Minecraft Plugin Scammer  
16. URL Shorteners  
17. Zero-Day Exploits  
18. Web Application Firewalls (WAFs)  
19. Wix Website Builder Scammer  
20. X-Git-Hash Scamming  
21. Zero Trust Security Framework  
22. Yubikey Multi-Factor Authentication (MFA)  
23. Zscaler Identity Mismatch Scammer  
24. Zerowin Network Scanner  
25. Advanced Encryption Standard (AES)  
26. Bypass-Based Denial-of-Service (BDDOS)  
27. C&C Protocol",advanced aes application asset authentication bddos builder burden bypass bypass-based configuration dap ddos denial-of-service detection digital dns domain email encrypted encryption exploits file firewall firewalls framework hijacking http https identity iis lookup malware mfa minecraft mismatch multi-factor name network nginx password phishing plugin protection protocol proxy reverse rotation sandboxing scammer scammers scamming scanner scanners scanning security server shorteners spigot standard storage technology trust url vulnerability wafs web website wix x-git-hash yubikey zero zero-day zerowin zscaler
application_security,evasive,4,"1. **Obfuscation**: The act of concealing or hiding details that make software vulnerable to exploitation.
   
2. **Bypassing**: Engaging in an unauthorized action to circumvent security protocols.

3. **Encryption**: The process of converting data into a code sequence that is unreadable without special knowledge.

4. **Scanning**: Testing for vulnerabilities within computer systems or applications.

5. **Malware**: An unwanted program designed to harm users’ computers.

6. **Penetration Testing**: Examining a system's vulnerability to detection and attack.

7. **Confidentiality**: Ensuring information remains private and secure.

8. **Integrity**: Maintaining the accuracy and integrity of data.

9. **Availability**: The capability of a resource being available to authorized users.

10. **Authentication**: Procedures for verifying the identity of parties involved.

11. **Authorization**: Permission granted to access resources based on specified criteria.

12. **Denial of Service (DOS)**: A method to overwhelm a network with too many requests causing it to crash.

13. **DDoS Defense**:
   - **Basic DDoS Defense (NDR)**: Simple techniques for detecting and stopping DDoS attacks like ping-of-death attacks.",access accuracy act action and applications attack attacks authentication authorization authorized availability available based basic being bypassing capability causing circumvent code computer computers concealing confidentiality converting crash criteria data ddos defense denial designed details detecting detection dos encryption engaging ensuring examining exploitation for granted harm hiding identity information integrity into involved knowledge like maintaining make malware many method ndr network obfuscation overwhelm parties penetration permission ping-of-death private procedures process program protocols remains requests resource resources scanning secure security sequence service simple software special specified stopping system's systems techniques testing that the too unauthorized unreadable unwanted users verifying vulnerabilities vulnerability vulnerable with within without
application_security,evasive,5,"1. Cryptographic
2. Phishing
3. Encryption
4. Hashing
5. Scanning
6. Honeypot
7. Vulnerability scanning
8. Blackhole
9. OWASP (Open Web Application Security Project)
10. CWE (Common Weaknesses Enumeration)
11. DDoS (Distributed Denial of Service)
12. MitM (Man-in-the-Middle)
13. Burp Suite
14. LFI (Local File Inclusion)
15. FTP
16. XSS (Cross-Site Scripting)
17. SQL Injection
18. CSRF (Cross-Site Request Forgery)
19. SQL Tampering
20. WebAssembly
21. Secure Socket Layer (SSL)
22. TLS (Transport Layer Security)
23. DNS Poisoning
24. Man-in-the-middle attack
25. MITM attack
26. SSL/TLS handshake
27. HTTP/HTTPS connection
28. Content Security Policy (CSP)
29. XSS attacks on web pages
30. OWASP Top Ten
31. Brute Force Attack
32. SQL injection vulnerabilities
33",application attack attacks blackhole brute burp common connection content cross-site cryptographic csp csrf cwe ddos denial distributed dns encryption enumeration file force forgery ftp handshake hashing honeypot http https inclusion injection layer lfi local man-in-the-middle mitm open owasp pages phishing poisoning policy project request scanning scripting secure security service socket sql ssl suite tampering ten tls top transport vulnerabilities vulnerability weaknesses web webassembly xss
application_security,evasive,6,"1. **Obfuscation**
   - **Encoding** bypassing
   - **Bypassing** encryption techniques
   - **Reverse engineering** methods

2. **Encryption**
   - **Encapsulation**
   - **Decryption**

3. **Hashing**
   - **Brute force** attacks
   - **Steganography** evasion

4. **Cryptography**
   - **Sneakernet** evasion
   - **Code obfuscation**

5. **Digital Forensics**
   - **Reversibility** in forensic data analysis

6. **Firmware**
   - **Hiding** within the firmware
   - **Ripple encryption**

7. **Operating System (OS)**
   - **System reset** (plaintext password recovery)
   - **Intruder detection (inverted key)**

8. **Malware Protection**
   - **Differential cryptanalysis**
   - **Tunnel-based obfuscation**

9. **Stealthy Mode**
   - **Data stream obfuscation**
   - **Intrusion Detection Systems (IDS)**

10. **Hybrid Encoding/Decoding**
    - **Cryptography** (e.g., AES-CMAC)

11.",aes-cmac analysis attacks brute bypassing code cryptanalysis cryptography data decoding decryption detection differential digital encapsulation encoding encryption engineering evasion firmware force forensic forensics hashing hiding hybrid ids intruder intrusion inverted key malware methods mode obfuscation operating password plaintext protection recovery reset reverse reversibility ripple sneakernet stealthy steganography stream system systems techniques the tunnel-based within
application_security,evasive,7,"1. **Obfuscation Encoding**  
   - **Context:** Used for protecting code from reverse engineering.
   - **Bypassing:** Techniques that allow unauthorized access to encrypted or encoded data without using traditional decryption methods.

2. **Reverse Engineering**  
   - **Context:** The process of analyzing a software program’s structure and behavior to understand its design and how it works internally.
   - **Context:** Involves creating an approximation of what the computer programs does based on the known assembly instructions or source code.
   - **Bypassing:** Replacing normal execution flow with one that is impossible for security experts to predict or intercept.

3. **Cryptographic Hash Functions**  
   - **Context:** Algorithms used to generate a fixed-size string of characters (hash value) from a large amount of data that cannot be transformed into another format but can be reversed to recover the original data.
   - **Bypassing:** Methods to hash data so that even if attackers know the data beforehand, they may not determine which individual bits of the hash represent what specific values.

4. **Secure Coding Practices**  
   - **Context:** A set of practices designed to protect against vulnerabilities in software development.
   - **Bypassing:** Implementing techniques such as input",access against algorithms allow amount analyzing and another approximation assembly attackers based beforehand behavior bits but bypassing can cannot characters code coding computer context creating cryptographic data decryption design designed determine development does encoded encoding encrypted engineering even execution experts fixed-size flow for format from functions generate hash how implementing impossible individual input instructions intercept internally into involves its know known large may methods normal not obfuscation one original practices predict process program programs protect protecting recover replacing represent reverse reversed secure security set software source specific string structure such techniques that the they traditional transformed unauthorized understand used using value values vulnerabilities what which with without works
application_security,evasive,8,"1. **Encryption**: **Cryptography**
   
2. **Key Derivation Function (KDF)**: **Secure key generation algorithm**

3. **Cryptographic Hash Function (SHA-256)**: **Secure hash function used for verification purposes**

4. **Signature Verification Algorithm (SVOA)**: **Secure version control algorithm**

5. **Hash Message Authentication Code (HMAC)**: **Message authentication code based on an encryption or hash operation**

6. **Digital Signature**: **Secure digital proof that data has not been altered during transmission**

7. **Certificate Authority (CA) Token (e.g., Root CA)**: **Public digital certificate issued by a Certificate Authority**

8. **Digital Certificate**: **Publically available digital identity document**

9. **Signature Verification Service (SvSRV)**: **Service providing secure signature verification**

10. **Digital Signature Standard (DSS)**: **Standardized cryptographic system for signing data using asymmetric keys**

11. **Digital Certificate Signing Request (DCSR)**: **Request to obtain a public digital certificate from a Certificate Authority**

12. **Digital Signatures**:

13. **Digital Key (DK)**: **Private key used for securing data**

14. **Certificate",algorithm altered asymmetric authentication authority available based been certificate code control cryptographic cryptography data dcsr derivation digital document dss during encryption for from function generation has hash hmac identity issued kdf key keys message not obtain operation private proof providing public publically purposes request root secure securing service sha signature signatures signing standard standardized svoa svsrv system that token transmission used using verification version
application_security,evasive,9,"1. Evasion Techniques 
2. Cryptographic Offsets 
3. Phishing Vulnerabilities 
4. Denial of Service (DoS) 
5. Malformed Content 
6. SQL Injection 
7. SQL Command Injection 
8. Buffer Overflow 
9. Cross-Site Scripting (XSS) 
10. Web Scraping 
11. Cross-Site Request Forgery (CSRF) 
12. CSRF Token 
13. XSS Token 
14. Cross-site Request Forgery (CSRF) 
15. Cross Site Scripting (XSS) 
16. Web Application Firewall (WAF) 
17. Web Application Proxy (WAP) 
18. OWASP Top Ten 
19. Black Hat 
20. White Hat 
21. Zero-Day Exploit 
22. Exploits 
23. Privilege Escalation 
24. Privilege Brute Force 
25. Hardening of Systems 
26. Anti-Malware Software 
27. Malicious Code Injection 
28. Backdoor Mechanisms 
29. Intrusion Detection System (IDS) 
30. Intrusion Prevention System (IPS) 
31.",anti-malware application backdoor black brute buffer code command content cross cross-site cryptographic csrf denial detection dos escalation evasion exploit exploits firewall force forgery hardening hat ids injection intrusion ips malformed malicious mechanisms offsets overflow owasp phishing prevention privilege proxy request scraping scripting service site software sql system systems techniques ten token top vulnerabilities waf wap web white xss zero-day
application_security,evasive,10,"1. **Encryption**: 
   - **Obfuscation** (contextual)
   - **Bypass** (specialized)

2. **Hash Function**:
   - **Bypass** (specific phrase)
   - **Encryption/Decryption** (unusual blend)

3. **Virtual Machines**:  
   - **Encryption** (conversational)
   - **Bypass** (jargon)

4. **Cryptographic Hashing**:  
   - **Obfuscation** (inverted meaning)
   - **Bypass** (misused)

5. **Data Masking/Hashing**:  
   - **Obfuscation** (inverted meaning)
   - **Bypass** (misused)

6. **Key Exchange**:  
   - **Encryption** (related)
   - **Obfuscation** (inverted meaning)

7. **Password Hashing/Cryptanalysis**:  
   - **Encryption** (related)
   - **Bypass** (inverted meaning)

8. **Symmetric Encryption**:  
   - **Obfuscation** (inverted meaning)
   - **Bypass** (misused)

9. **Digital Signature**:  
   - **Obfuscation** (inverted meaning)
   -",blend bypass contextual conversational cryptanalysis cryptographic data decryption digital encryption exchange function hash hashing inverted jargon key machines masking meaning misused obfuscation password phrase related signature specialized specific symmetric unusual virtual
application_security,destructive,1,"1. Destructive Corruption - The act or state of corrupting something.
2. CRUSHING - To cause harm through force or violence; to undermine in strength.
3. CORRUPTIVE EXPLOITATION - Malicious manipulation that causes harm.
4. SECURITY CORRUPTION - A deliberate misuse of systems for malicious purposes.
5. CORRUPTION SCALING - The process of increasing damage by spreading corruption within an organization.
6. DESTRUCTION - The act of causing loss or destruction.
7. CORRUPTION EROSION - The deterioration of the integrity and functionality of a system due to corruption.
8. CORRUPTED SYSTEMS - Systems with vulnerabilities exploited by malicious actors.
9. DETERMINISTIC CORRUPTION - An actor who manipulates their environment to maintain control over others' systems.
10. STRONGER CORRUPTED - A situation where damage has increased significantly due to malicious actions.
11. SECURITY LOSS - Loss caused by damage resulting from unauthorized access or use.
12. DUSTY SECURITY - System weaknesses that can be exploited by malicious actors.
13. CORRUPTING ATTACKS - Acts carried out against systems using methods intended to damage them.
14. SECURITY CRACKDOWN -",access act actions actor actors acts against and attacks can carried cause caused causes causing control corrupted corrupting corruption corruptive crackdown crushing damage deliberate destruction destructive deterioration deterministic due dusty environment erosion exploitation exploited for force from functionality harm has increased increasing integrity intended loss maintain malicious manipulates manipulation methods misuse organization others out over process purposes resulting scaling security significantly situation something spreading state strength stronger system systems that the their them through unauthorized undermine use using violence vulnerabilities weaknesses where who with within
application_security,destructive,2,"1. DDoS - Distributed Denial-of-Service attack
2. Brute-Force - Brute force password cracking
3. Man-in-the-Middle - Man-in-the-middle network attack
4. Buffer Overflow - Overflowing memory buffer
5. SQL Injection - Injection with malicious SQL scripts
6. Cross-Site Scripting (XSS) - Cross-site scripting attacks
7. Cross-Site Request Forgery (CSRF) - CSRF attack on forms
8. Phishing - Fraudulent social engineering tactics
9. SQL Injection & Cross-Site Scripting (XSS/CSRF) - Advanced techniques exploiting vulnerabilities
10. Command Injection - Shellcode injection
11. Cross-Site Scripting (XSS) - Injection with malicious JavaScript code 
12. XSS Injection & Phishing - Exploiting XSS for phishing scams
13. Password Weakness Analysis - Understanding weaknesses of commonly used passwords
14. Web Application Firewall (WAF) - Firewalls specifically designed for web applications
15. Content Security Policy (CSP) - Enhancing website security
16. Black Hat – Unauthorized hacking or spying activities
17. White Hat – Ethical and legal hacker activities
18.",activities advanced analysis and application applications attack attacks black brute brute-force buffer code command commonly content cracking cross-site csp csrf ddos denial-of-service designed distributed engineering enhancing ethical exploiting firewall firewalls for force forgery forms fraudulent hacker hacking hat injection javascript legal malicious man-in-the-middle memory network overflow overflowing password passwords phishing policy request scams scripting scripts security shellcode social specifically spying sql tactics techniques unauthorized understanding used vulnerabilities waf weakness weaknesses web website white with xss
application_security,destructive,3,"1. Corrupt Data
2. Application Corruption
3. Vulnerable Code
4. Denial of Service
5. Buffer Overflow
6. Injection Scanners
7. Remote Code Execution (RCE)
8. Cross-Site Scripting (XSS)
9. WebShell
10. Session Hijacking
11. SQL Injection
12. Phishing Techniques
13. XSS Exploits
14. Backdoors
15. Command Injection
16. Malware
17. SQL Injection Vulnerability
18. Phishing Attacks
19. Web Application Firewalls (WAFs)
20. Denial of Service (DOS) Protection
21. Buffer Overrun and Other Network Attacks
22. SQL-Insulting
23. Zero Day攻击
24. Metasploit Framework
25. Cross-Site Scripting (XSS)
26. CSRF attacks
27. Cross-Site Request Forgery (CSRF)
28. SQL Injection Scavenger Hunt
29. Database Privilege Escalation
30. DDoS/DDoS Protection
31. Web Application Firewall (WAF)
32. Den",and application attacks backdoors buffer code command corrupt corruption cross-site csrf data database day ddos den denial dos escalation execution exploits firewall firewalls forgery framework hijacking hunt injection malware metasploit network other overflow overrun phishing privilege protection rce remote request scanners scavenger scripting service session sql sql-insulting techniques vulnerability vulnerable waf wafs web webshell xss zero
application_security,destructive,4,"1. Exploit
2. Backdoor
3. Malware
4. Virus
5. Worm
6. Phishing
7. Social Engineering
8. Man-in-the-Middle (MITM)
9. SQL Injection
10. XSS (Cross-Site Scripting)
11. CSRF (Cross-Site Request Forgery)
12. SQL Tampering
13. SQL Injection Scanning
14. Cross-Site Scripting (XSS) Scanning
15. Cross-Site Request Forgery (CSRF) Scanning
16. Denial of Service (DoS)
17. Buffer Overflow
18. Shellcode
19. Phish
20. Rootkit
21. Trojan Horse
22. Brute Force
23. Command and Control (C&C) Server
24. Command Injection
25. Buffer Overrun
26. Web Application Defense
27. Deniable Attack
28. Denial of Service (DoS)
29. Metasploit Framework
30. Penetration Testing
31. Vulnerability Scanner
32. White hat vs.黑hat
33. DDoS
3",and application attack backdoor brute buffer command control cross-site csrf ddos defense deniable denial dos engineering exploit force forgery framework hat horse injection malware man-in-the-middle metasploit mitm overflow overrun penetration phish phishing request rootkit scanner scanning scripting server service shellcode social sql tampering testing trojan virus vulnerability web white worm xss
application_security,destructive,5,"1. DDoS (Distributed Denial of Service) - The act of overwhelming a targeted server or network with excessive traffic so that it cannot function normally.
2. CCW (Cross-Compiling) - A technique used by malicious software to circumvent sandboxed environments while infecting the target system.
3. FDIH (File Not Found Header) - A method used by malware to bypass traditional file-based protection mechanisms.
4. GDI (Graphics Drawing Interface) - The interface for creating graphical objects on web pages.
5. HOOK - A malicious code injection mechanism designed to automatically run code when an HTML element is clicked.
6. ICAES (Intrusion Chambers and Access Devices Escalation) - Techniques employed by attackers to escalate privilege on compromised systems.
7. XSS (Cross-Site Scripting) - The practice of embedding malicious scripts into web content that targets another user's browser.
8. MD5 (Message Digest Algorithm 5) - A cryptographic hash function commonly used to generate unique hash values associated with files or other data.
9. MITM (Man in the Middle) – The act of a third party intercepting communication between two parties over a network.
10. NTP (Network Time Protocol) - A standard",access act algorithm and another associated attackers automatically between browser bypass cannot ccw chambers circumvent clicked code commonly communication compromised content creating cross-compiling cross-site cryptographic data ddos denial designed devices digest distributed drawing element embedding employed environments escalate escalation excessive fdih file file-based files for found function gdi generate graphical graphics hash header hook html icaes infecting injection intercepting interface into intrusion malicious malware man mechanism mechanisms message method middle mitm network normally not ntp objects other over overwhelming pages parties party practice privilege protection protocol run sandboxed scripting scripts server service software standard system systems target targeted targets technique techniques that the third time traditional traffic two unique used user's values web when while with xss
application_security,destructive,6,"1. Exploiting vulnerabilities for malicious purposes.
2. Destructive attacks on application systems.
3. Malicious activity disrupting business operations.
4. Corrupting data or information to steal sensitive information.
5. Crashing an application's performance or functionality.
6. Conducting unauthorized access attempts against a system.
7. Executing commands that manipulate system resources or software components.
8. Using tools designed for malicious activities within the system.
9. Engaging in network-based attacks using code execution.
10. Performing unauthorized database modifications with system permissions.
11. Deliberately altering system configurations without authorization.
12. Sending untrusted data over network interfaces or services.
13. Introducing malware or viruses into an infected system.
14. Conducting phishing campaigns on target systems.
15. Executing rogue software programs on compromised hosts.
16. Unauthorized changes to configuration files or scripts.
17. Stealing credentials or identifying user session details.
18. Utilizing exploit kits to bypass security measures.
19. Launching rootkits to gain administrator privileges.
20. Implementing denial-of-service (DoS) attacks to overwhelm servers.
21. Conducting brute-force password cracking attempts.
22. Injecting malicious code into",access activities activity administrator against altering application application's attacks attempts authorization brute-force business bypass campaigns changes code commands components compromised conducting configuration configurations corrupting cracking crashing credentials data database deliberately denial-of-service designed destructive details disrupting dos engaging executing execution exploit exploiting files for functionality gain hosts identifying implementing infected information injecting interfaces into introducing kits launching malicious malware manipulate measures modifications network network-based operations over overwhelm password performance performing permissions phishing privileges programs purposes resources rogue rootkits scripts security sending sensitive servers services session software steal stealing system systems target that the tools unauthorized untrusted user using utilizing viruses vulnerabilities with within without
application_security,destructive,7,"1. DDoS (Distributed Denial of Service) Attack 
2. Phishing Scam 
3. SQL Injection 
4. Cross-Site Scripting (XSS)
5. Session Hijacking 
6. Buffer Overflow 
7. SQLi (SQL Injection Vulnerability) 
8. XSS (Cross-site Scripting) Attack 
9. Brute Force 
10. Man-in-the-Middle Attack 
11. CSRF (Cross Site Request Forgery) 
12. Denial of Service (DoS) 
13. SQLyog 
14. Metasploit 
15. Penetration Testing 
16. Exploit 
17. Reverse Engineering 
18. Code Review 
19. Malware Disposal 
20. Malware Removal 
21. Zero-Day Attack 
22. RCE (Remote Code Execution) 
23. Elevation of Privileges 
24. Web Application Firewalls (WAFs) 
25. Application Control Lists (ACLs) 
26. Port Scan 
27. SSH 
28. Nmap 
29. TFTP 
30. ICMP 
31. ARP Spoofing 
32.",acls application arp attack brute buffer code control cross cross-site csrf ddos denial disposal distributed dos elevation engineering execution exploit firewalls force forgery hijacking icmp injection lists malware man-in-the-middle metasploit nmap overflow penetration phishing port privileges rce remote removal request reverse review scam scan scripting service session site spoofing sql sqli sqlyog ssh testing tftp vulnerability wafs web xss zero-day
application_security,destructive,8,"1. Destructive Corruption
2. Exploit for Destruction
3. Network Crashing
4. Application Rootkits
5. Privilege Escalation
6. Memory Manipulation
7. File Inclusion
8. Side Channel Analysis
9. Phishing Techniques
10. Code Injection
11. Cross-Site Scripting (XSS)
12. Buffer Overflow
13. Heap Traversal
14. Data Encryption
15. Virtualization
16. Kernel Hijacking
17. OS Intrusion
18. Password Cracking
19. Denial of Service (DoS)
20. SQL Injection
21. Remote Procedure Call (RPC)
22. Code Execution
23. Rootkit Detection
24. Tampermonkey Scripting
25. Meltdown Attack
26. Specter Framework
27. Stuxnet Worm
28. Malware Delivery
29. Zero Day Exploits
30. Black Holes (Intrusion Detection Systems) 
31. Shadowsocks Protocol
32. SSL/TLS
33. X-Forwarded-For
34. TLS/SSL Certificates",analysis application attack black buffer call certificates channel code corruption cracking crashing cross-site data day delivery denial destruction destructive detection dos encryption escalation execution exploit exploits file for framework heap hijacking holes inclusion injection intrusion kernel malware manipulation meltdown memory network overflow password phishing privilege procedure protocol remote rootkit rootkits rpc scripting service shadowsocks side specter sql ssl stuxnet systems tampermonkey techniques tls traversal virtualization worm x-forwarded-for xss zero
application_security,destructive,9,"1. Application Crashing  
2. Malware Attack  
3. Data Corruption  
4. Vulnerability Scanning  
5. Network Traffic Analysis  
6. DDoS Attacks  
7. SQL Injection  
8. XSS Cross-Site Scripting  
9. Phishing Email  
10. Brute Force Passwords  
11. Session Hijacking  
12. SQL Server Exploit  
13. Rootkits  
14. Denial of Service (DOS)  
15. Buffer Overflow  
16. Cross-Site Request Forgery (CSRF)  
17. SQLyog  
18. SQL Injection in Web Applications  
19. Zero-Day exploit  
20. Man-in-the-Middle Attack (MitM)  
21. SQLi (SQL Injection)  
22. Cross-Site Scripting (XSS)  
23. SQL Query Injection  
24. SQL Injection in Web Security  
25. SQL Injection in Code Review  
26. Denial of Service attack using SQL Injection  
27. SQL Injection and Code Review  
28. SQL Injection in Database Management Systems  
29. SQL Injection for Software Testing  
30. SQL Injection and Web Application Penetration Testing",analysis and application applications attack attacks brute buffer code corruption crashing cross-site csrf data database ddos denial dos email exploit for force forgery hijacking injection malware man-in-the-middle management mitm network overflow passwords penetration phishing query request review rootkits scanning scripting security server service session software sql sqli sqlyog systems testing traffic using vulnerability web xss zero-day
application_security,destructive,10,"1. Destructive Exploits
2. Corrupted Code Vulnerabilities 
3. Crashing Attacks
4. Deceptive Techniques
5. Malicious Execution
6. Exploiting Deadlocks
7. Rogue Software Programs
8. Unstable Applications
9. Malware Contamination
10. Exploitable Systems
11. Stale Credentials
12. Expired Keys
13. Access Control Mechanisms
14. Exploiters' Tools
15. Privilege Escalation Techniques
16. Denial of Service (DoS)
17. Rootkits as Attack Platforms
18. Phishing for Exploitation
19. Exploitation in Windows
20. Exploiting Remote Shell 
21. Exploitable Database Connections
22. Exploited Vulnerability Scams
23. Malware-Enhanced Systems
24. Exploitable Network Segments
25. Exploiting Web Forms 
26. Exploiters' Techniques 
27. Malicious Scripting 
28. Exploiting File Permissions 
29. Exploiting SQL Injection 
30. Exploitable Web Tokens
31. Exp",access applications attack attacks code connections contamination control corrupted crashing credentials database deadlocks deceptive denial destructive dos escalation execution exp expired exploitable exploitation exploited exploiters exploiting exploits file for forms injection keys malicious malware malware-enhanced mechanisms network permissions phishing platforms privilege programs remote rogue rootkits scams scripting segments service shell software sql stale systems techniques tokens tools unstable vulnerabilities vulnerability web windows
identity_access,defensive,1,"1. Authentication
   2. Authorization
   3. Auditing
   4. Identity Management
   5. Token-Based Access Control
   6. Two-Factor Authentication (2FA)
   7. Role-Based Access Control (RBAC)
   8. Role-Level Access Control (RLAC)
   9. Single Sign-On (SSO) or Single Sign-On (SSO)
   10. Application-Specific Access Control (ASC)
   11. Multi-factor Authentication (MFA)
   12. Digital Rights Management (DRM)
   13. Token-based Access Token (TAT)
   14. Session-Based Access Control (SBAC)
   15. Context-Aware Access Control (CACC)
   16. Entity-Based Access Control (EBAC)
   17. Universal Access Control (UAC)
   18. User Role-Based Access Control (URBC)
   19. Device-Specific Access Control (DADC)
   20. Application-Limited Access Control (ALAC)
   21. Access Token Validation (ATV)
   22. Identity Verification (IDV)",access alac application-limited application-specific asc atv auditing authentication authorization cacc context-aware control dadc device-specific digital drm ebac entity-based identity idv management mfa multi-factor rbac rights rlac role-based role-level sbac session-based sign-on single sso tat token token-based two-factor uac universal urbc user validation verification
identity_access,defensive,2,"1. Access Control
2. Authentication Services
3. Authorization
4. Audit Logging
5. Identity Management
6. Role-Based Access Control (RBAC)
7. Permission Authorities
8. Security Policy
9. Account Management
10. User Permissions
11. Role-based Accessing
12. User Account Lockout
13. Password Policies
14. Token-Based Authentication
15. Nonce-based Authentication
16. Kerberos Authentication
17. Digest Authentication
18. Token Authentication
19. OAuth Authentication
20. JSON Web Tokens (JWTs)
21. OAuth 2.0
22. JWTs
23. Bearer Tokens
24. OpenID Connect (OIDC)
25. SAML Authentication
26. Digital Signature Verification
27. Encryption
28. Hashing Algorithms
29. HMAC SHA-256
30. Secure Socket Layer (SSL)
31. HTTPS
32. Certificate Authorities (CAs)
33. SSL/TLS Certificates
34. Web Application Firewall (WAF)
35. Vulnerability Scanning
36. Penetration Testing
37. Threat",access accessing account algorithms application audit authentication authorities authorization bearer cas certificate certificates connect control digest digital encryption firewall hashing hmac https identity json jwts kerberos layer lockout logging management nonce-based oauth oidc openid password penetration permission permissions policies policy rbac role-based saml scanning secure security services sha signature socket ssl testing threat tls token token-based tokens user verification vulnerability waf web
identity_access,defensive,3,"1. **Authentication**
2. **Authorization**
3. **Auditing**
4. **Identity Verification**
5. **Role-Based Access Control (RBAC)**
6. **Access Token**
7. **Token Lifetime**
8. **User Permissions**
9. **Access Scope**
10. **Security Contexts**
11. **Access Token Expire**
12. **Anonymous Authentication**
13. **Signed-In User**
14. **Anonymous Authorization**
15. **Secure Tokens**
16. **SAML-based Authentication**
17. **OAuth-based Authentication**
18. **LDAP-Based Authentication**
19. **Web Application Firewall (WAF)**
20. **Firewall-Related Terms**
21. **Anti-forgery Mechanisms**
22. **CSRF (Cross-Site Request Forgery)**
23. **DDoS Protection Services**
24. **Rate Limiting**
25. **Phishing**
26. **Social Engineering**
27. **Denial of Service (DoS)** 
28. **Malware Scanning**
29. **Penetration Testing**
30. **Incident Response Plan**
31. **Automated Login**
3",access anonymous anti-forgery application auditing authentication authorization automated contexts control cross-site csrf ddos denial dos engineering expire firewall firewall-related forgery identity incident ldap-based lifetime limiting login malware mechanisms oauth-based penetration permissions phishing plan protection rate rbac request response role-based saml-based scanning scope secure security service services signed-in social terms testing token tokens user verification waf web
identity_access,defensive,4,"Here's a list of 256 domain-specific terms and concepts related to identity access in the context of defensive:

1. **Authentication**
2. **Authorization**
3. **Audit**
4. **Role-Based Access Control (RBAC)**
5. **Denial of Service (DoS)**
6. **Multi-factor Authentication (MFA)**
7. **Tokenization**
8. **Multi-Realm Authentication (MRAB)**
9. **Access Rules**
10. **Least Privilege Principle**
11. **Identity Federation (IF)**
12. **Entity Identification**
13. **Secure Login**
14. **User Profile**
15. **Role-Based Access Granting (RBAG)**
16. **OAuth**
17. **IAM (Identifiability, Authorization, And Management)**
18. **Digital Certificate**
19. **SSL/TLS**
20. **Captcha**
21. **Session Token**
22. **Web Application Firewall (WAF)**
23. **Web Application Security Module (WASM)**
24. **Application Access Control (AAC)**
25. **Single Sign-On (SSO)**
26. **Virtual",aac access and application audit authentication authorization captcha certificate concepts context control defensive denial digital domain-specific dos entity federation firewall granting here's iam identifiability identification identity least list login management mfa module mrab multi-factor multi-realm oauth principle privilege profile rbac rbag related role-based rules secure security service session sign-on single ssl sso terms the tls token tokenization user virtual waf wasm web
identity_access,defensive,5,"1. **Authentication**  
2. **Authorization**  
3. **Audit**  
4. **Access Control**  
5. **Identity Verification**  
6. **Credential Management**  
7. **Role-Based Access Control**  
8. **Token-based Authentication**  
9. **Account Lockout Mechanism**  
10. **Session Management**  
11. **Anonymous User Detection**  
12. **User Role Identification**  
13. **Multi-Factor Authentication**  
14. **Password Hashing**  
15. **Password Encryption**  
16. **Secure Session Persistence**  
17. **Single Sign-On (SSO)**  
18. **Dynamic Password Generation**  
19. **Biometric Authentication**  
20. **Keyed Access Control**  
21. **Digital Signature Verification**  
22. **Hash Function**  
23. **Cryptographic Key**  
24. **Public Key Infrastructure (PKI)**  
25. **Signature Verification**  
26. **Certificate Authority (CA)**  
27. **Certificate Signing**  
28. **Digital Certificate**  
29. **Digital Intranet (DI)**
30. **",access account anonymous audit authentication authority authorization biometric certificate control credential cryptographic detection digital dynamic encryption function generation hash hashing identification identity infrastructure intranet key keyed lockout management mechanism multi-factor password persistence pki public role role-based secure session sign-on signature signing single sso token-based user verification
identity_access,defensive,6,"1. Access Control
2. Identity Management
3. Authentication Services
4. Authorization Systems
5. Access Policy
6. Access Control Lists (ACLs)
7. Identity Verification
8. User Profiles
9. Role-Based Access Control (RBAC)
10. Mandatory Access Control (MAC)
11. Permissionless Access
12. Role-based Access
13. Account-Owner Access
14. Multi-factor Authentication
15. Two-Factor Authentication
16. Single Sign-On (SSO)
17. Password Hashing
18. Password Encryption
19. Encryption Key
20. Token-Based Authentication
21. Password Policy
22. Access Token
23. Token Validation
24. Authorization Tokens
25. Access Token Refresh
26. OAuth Security
27. OAuth Protocol
28. JWT Tokens
29. Token Scanning
30. Token Expire Time
31. Token Liveness Check
32. Token Destruction
33. Token Removal
34. Token Revocation
35. Token Scrambling
36. Token Signature
37. Token Signing
38. Token Hashing
39",access account-owner acls authentication authorization check control destruction encryption expire hashing identity jwt key lists liveness mac management mandatory multi-factor oauth password permissionless policy profiles protocol rbac refresh removal revocation role-based scanning scrambling security services sign-on signature signing single sso systems time token token-based tokens two-factor user validation verification
identity_access,defensive,7,"Sure! Here is a list of 256 domain-specific terms, jargon, and technical vocabulary related to identity access in the context of defensive:

1. **Authentication** - A method of verifying that an entity has permission to be included or participate.
2. **Authorization** - The process of determining what actions can be taken on behalf of others, based on one's rights and permissions granted.
3. **Auditing** - The practice of recording and monitoring how information about users, systems, devices, applications, etc., is accessed, used, stored, or deleted.
4. **Access Management** - The planning, implementation, execution, and enforcement of policies, procedures, and standards to control how users gain access to resources.
5. **Role-Based Access Control (RBAC)** - An authorization model where user roles determine who has access to which resources.
6. **Multi-Factor Authentication (MFA)** - A security measure that requires more than one type of identification to enter a system.
7. **Identity** - The concept of identifying someone by their name, address, email, etc.
8. **IDP** - Identity Provider, responsible for managing and supporting various identities.
9. **IDC** - Identity Center, responsible for ensuring that",about access accessed actions address and applications auditing authentication authorization based behalf can center concept context control defensive deleted determine determining devices domain-specific email enforcement ensuring enter entity etc execution for gain granted has here how idc identification identifying identities identity idp implementation included information jargon list management managing measure method mfa model monitoring more multi-factor name one one's others participate permission permissions planning policies practice procedures process provider rbac recording related requires resources responsible rights role-based roles security someone standards stored supporting sure system systems taken technical terms than that the their type used user users various verifying vocabulary what where which who
identity_access,defensive,8,"1. **Authentication**: The process of verifying an individual's identity to ensure they have permission to access a system or data.
  2. **Authorization**: The capability granted to someone who has authorized access to perform certain actions on behalf of others.
  3. **Auditing**: The act of recording activities associated with a user to track their usage and facilitate monitoring for security purposes.
  4. **Anonymous Access**: Access without authentication or verification, typically used when direct identification is not necessary.
  5. **Denial-of-Service (DoS)**: A method of denial-of-service attacks where an attacker floods a system with traffic until it crashes.
  6. **Information Leakage**: The spread of sensitive information through unencrypted channels, leading to unauthorized access or disclosure.
  7. **Indiscriminate Distribution (IDD)**: When an attack spreads too quickly without being detected, often causing damage before users even know about it.
  8. **Man-in-the-Middle Attack (MITM)**: An attack where an attacker intercepts communications between a client and server using techniques such as sniffing, replaying, and eavesdropping.
  9. **Obfuscation**: The use of encryption or other methods to",about access act actions activities and anonymous associated attack attacker attacks auditing authentication authorization authorized before behalf being between capability causing certain channels client communications crashes damage data denial-of-service detected direct disclosure distribution dos eavesdropping encryption ensure even facilitate floods for granted has have idd identification identity indiscriminate individual's information intercepts know leading leakage man-in-the-middle method methods mitm monitoring necessary not obfuscation often other others perform permission process purposes quickly recording replaying security sensitive server sniffing someone spread spreads such system techniques the their they through too track traffic typically unauthorized unencrypted until usage use used user users using verification verifying when where who with without
identity_access,defensive,9,"1. OAuth (Open Authentication Protocol)
2. JWT (JSON Web Token)
3. RBAC (Role-Based Access Control)
4. ADLS (Azure DataLake Store)
5. IAM (Identity and Access Management)
6. Azure Key Vault
7. Azure Active Directory
8. Azure AD B2B
9. Azure AD B2C
10. Identity Provider (IDP)
11. Service Principal
12. Tenant (Azure tenant)
13. Resource Group (RG)
14. AKS (Azure Kubernetes Service)
15. Kubernetes Cluster (K8s Cluster)
16. Container Service (KSVC)
17. Azure Functions
18. Event Hubs
19. Redis
20. Kudu SQL
21. CosmosDB
22. Azure App Insights
23. Azure DevOps
24. Azure Machine Learning
25. Azure Synapse Analytics
26. Azure Virtual Machines
27. Azure Kubernetes Engine (AKE)
28. Azure Container Instances (CSI)
29. Azure Function Apps
30. Microsoft Dynamics 365
31. Microsoft Office 365
32. SharePoint Online
33.",access active adls ake aks analytics and app apps authentication azure cluster container control cosmosdb csi datalake devops directory dynamics engine event function functions group hubs iam identity idp insights instances json jwt key ksvc kubernetes kudu learning machine machines management microsoft oauth office online open principal protocol provider rbac redis resource role-based service sharepoint sql store synapse tenant token vault virtual web
identity_access,defensive,10,"1. Identity
2. Access Control
3. Authorization
4. Auditing
5. Token Management
6. Role-Based Access Control (RBAC)
7. Role Authentication
8. Single Sign-On (SSO)
9. Multi-Factor Authentication (MFA)
10. OAuth
11. Token Extraction
12. Access Tokens
13. Authorization Code Flow
14. SAML (Security Assertion Markup Language)
15. OAuth2
16. Bearer Token
17. Client Credentials
18. Single Sign-Out (SSO)
19. Two-Factor Authentication (2FA)
20. Application Programming Interface (API)
21. API Gateway
22. API Key Management
23. JWT (JSON Web Token) 
24. OAuth2ClientSecrets
25. API Secret Management
26. OAuth2GrantType
27. OAuth2AuthorizationCode Grant Type
28. OAuth2RefreshToken
29. OAuth2Scope
30. OAuth2ResourceOwnerPassword
31. OAuth2OAuth
32. OAuth2WebServer
33. OAuth2Callback URL
34. OAuth2TokenEndpoint
35.",access api application assertion auditing authentication authorization authorizationcode bearer callback client clientsecrets code control credentials extraction flow gateway grant granttype identity interface json jwt key language management markup mfa multi-factor oauth programming rbac refreshtoken resourceownerpassword role role-based saml scope secret security sign-on sign-out single sso token tokenendpoint tokens two-factor type url web webserver
identity_access,educational,1,identity authentication authorization consent enrollment management role verification password policy authentication keycloak session management oauth2.0 webauthn federated authentication digital signature secure sessions biometric authentication biometrics digital fingerprinting biometrics digital image recognition security token service stateless authentication stateless session management session persistence trust authentication user privacy rights user data protection user information security user identity authentication user profile login logout sign-in sign-up authentication authentication framework OAuth2.0 OAuth 2.0 Protocol OpenID Connect OpenID Connect API OpenID Connect Authorization Server OpenID Connect Authentication Flow OpenID Connect Configuration OpenID Connect Client OpenID Connect Identity Provider OpenID Connect Keycloak Keycloak Authentication Server Keycloak Session Management Keycloak Security Keycloak Token Request Token Response Authentication Service KSP Keyed Single Sign-On Keycloak Keycloak Authentication Keycloak Client Keycloak User Management Keycloak User Entity Keycloak Role Management Keycloak Access Control Keycloak Identity Management Keycloak Authentication Framework Keycloak OAuth 2.0 Protocol Keycloak Token Generation Keycloak Login Keycloak Logout Keycloak Signing Keycloak Token Keycloak Authentication Keycloak Access Policy Keycloak Integration Keycloak Consent Consent Model Keycloak Consent Flow Keycloak Authorization Keycloak Authorization Code Flow Keycloak Resource Access Keycloak Token Request Keycloak Token Response Keycloak Refresh Keycloak Refresh Token Keycloak Authorization Code,access api authentication authorization biometric biometrics client code configuration connect consent control data digital enrollment entity federated fingerprinting flow framework generation identity image information integration keycloak keyed ksp login logout management model oauth openid password persistence policy privacy profile protection protocol provider recognition refresh request resource response rights role secure security server service session sessions sign-in sign-on sign-up signature signing single stateless token trust user verification webauthn
identity_access,educational,2,"1. Credentials
2. Permissions
3. Roles
4. Identity Management
5. Access Control
6. Security Token Service (STS)
7. User Authentication
8. Identity Provider (IdP)
9. Role Assignment
10. Authorization Server
11. OAuth
12. Single Sign-On (SSO)
13. Multi-factor Authentication (MFA)
14. Digital Certificate Authority (CA)
15. Encryption Protocol
16. Tokenization
17. OAuth2.0
18. Password Hashing
19. Access Token
20. Refresh Token
21. Identity Broker
22. Federated Identity Services
23. Identity Pool
24. Single-Logout Service (SOS)
25. Token Revocation
26. Token Refresh Request
27. Token Refresh Response
28. Token Lifetime
29. Token Scrambling Algorithm (TSA)
30. Refresh Mechanism
31. Authorization Code Flow
32. Resource Owner
33. Client ID
34. Resource Identifier
35. OAuth Callback URL
36. Redirect URI
37. Consent Screen
38. Logout Prompt
39",access algorithm assignment authentication authority authorization broker callback certificate client code consent control credentials digital encryption federated flow hashing identifier identity idp lifetime logout management mechanism mfa multi-factor oauth owner password permissions pool prompt protocol provider redirect refresh request resource response revocation role roles scrambling screen security server service services sign-on single single-logout sos sso sts token tokenization tsa uri url user
identity_access,educational,3,"**1. Credentials:** The information provided for accessing an account or service.
**2. Permissions:** A set of instructions that define what users can do with certain resources.
**3. Roles:** In computer science, an identifier used to indicate which user has which level of access to a resource within a network.
**4. API:** An interface between software components and their underlying hardware or services.
**5. Token:** A secret identifier for use by an application or service, usually generated from a password, key, or other method.
**6. Federation:** A process for linking multiple identity providers (such as Facebook, Google, Microsoft) into a single identity system.
**7. Two-factor authentication:** A security measure where an additional form of verification is required beyond just passwords.
**8. OAuth:** Short for OpenID Connect, it's a protocol that allows clients to authenticate and authorize applications without sharing sensitive credentials.
**9. JWT (JSON Web Tokens):** A compact format for storing and exchanging claims and identities.
**10. Open ID Connect (OIDC):** A standard for enabling seamless integration of client-side access controls with server-side authorization mechanisms, such as token-based authentication.
**11. SAML:** Short for Single Sign-On, which enables users",access accessing account additional allows and api application applications authenticate authentication authorization authorize between beyond can certain claims client-side clients compact components computer connect controls credentials define enables enabling exchanging facebook federation for form format from generated google hardware has identifier identities identity indicate information instructions integration interface into it's json just jwt key level linking measure mechanisms method microsoft multiple network oauth oidc open openid other password passwords permissions process protocol provided providers required resource resources roles saml science seamless secret security sensitive server-side service services set sharing short sign-on single software standard storing such system that the their token token-based tokens two-factor underlying use used user users usually verification web what where which with within without
identity_access,educational,4,"1. Credentials
2. Permissions
3. Roles
4. Access Management
5. Identity Management
6. Authentication Process
7. Authorization
8. Permission Levels
9. Identity Providers
10. Role-Based Access Control (RBAC)
11. Multi-Factor Authentication (MFA)
12. Single Sign-On (SSO)
13. User Profiles
14. Identity Federation (IF)
15. Digital Identity Frameworks
16. OAuth2
17. IAM
18. OpenID Connect (OIDC)
19. Digital Guardian
20. User Account Administration (UAA)
21. Federated Authentication Services (FAS)
22. Secure Sockets Layer (SSL)
23. Token-based Access Control (TAC)
24. Token Authentication
25. Authorization Code Flow
26. Access Token
27. Authorization Code Granting Protocol (ACS)
28. API Keys
29. JWT
30. Client-Side Storage (CIS)
31. Browser Cache
32. Cross-origin Resource Sharing (CORS)
33. Secure Socket Layer Extension (SSE)
34. Session Management
35. Cookie Policy",access account acs administration api authentication authorization browser cache cis client-side code connect control cookie cors credentials cross-origin digital extension fas federated federation flow frameworks granting guardian iam identity jwt keys layer levels management mfa multi-factor oauth oidc openid permission permissions policy process profiles protocol providers rbac resource role-based roles secure services session sharing sign-on single socket sockets sse ssl sso storage tac token token-based uaa user
identity_access,educational,5,"1. Identity Credentials
2. Access Token
3. Authentication Token
4. User Permissions
5. Role-Based Access Control
6. Access Control Lists (ACLs)
7. Permission Set
8. Resource Management System
9. Credential Storage Solutions
10. OAuth 2.0 Authorization Server
11. Token Authentication
12. Token Endpoint
13. Token Service
14. Token Issuer
15. Token Signature Algorithm
16. JWT (JSON Web Tokens)
17. API Gateway Integration
18. API Key Authentication
19. OAuth 2.0
20. Token-based Security
21. IAM (Identity Management)
22. RBAC (Role-Based Access Control)
23. Access Control List
24. Security Token Service (STS)
25. Federated Authentication
26. Multi-Factor Authentication (MFA)
27. Role-Based Access Control (RBAC) Model
28. Single Sign-On (SSO)
29. Identity Provider (IdP)
30. Multi-Tiered Authentication Framework (MTABF)
31. Privileged Identity Management
32. Identity Protection
33. Network Access Control",access acls algorithm api authentication authorization control credential credentials endpoint federated framework gateway iam identity idp integration issuer json jwt key list lists management mfa model mtabf multi-factor multi-tiered network oauth permission permissions privileged protection provider rbac resource role-based security server service set sign-on signature single solutions sso storage sts system token token-based tokens user web
identity_access,educational,6,"Sure! Here are two commonly used domain-specific terms, including jargon and technical terms related to educational:

1. **Credentials**: In cybersecurity, the process of obtaining an identifier or token that allows access to specific systems or services.
2. **Permissions**: The rights granted to an entity (in this case, a user) based on their role within an organization.

Another relevant term is ""Roles"" which refers to the set of capabilities or tasks that a user has for executing actions or accessing resources.

### Jargon:
- **Credential**: An authentication mechanism that provides evidence of identity when required for access to protected resources.
- **Role** or **Access Role**: A security descriptor specifying which resource(s) can be accessed and by whom at any given time.
- **Security Token**: Provides an authenticating credential that identifies the owner of the resource being accessed.
- **Identity Provider (IdP)**: A service provider responsible for creating and managing one-time passwords or authentication tokens that provide access control to applications over the internet or in an environment where such information cannot be stored locally.

### Technical Terms:
- **Authentication**: Ensuring only authorized individuals have access to system resources.
- **Authorization**: The process of setting rules for how users should interact with each other or use a system",access accessed accessing actions allows and another any applications are authenticating authentication authorization authorized based being can cannot capabilities case commonly control creating credential credentials cybersecurity descriptor domain-specific each educational ensuring entity environment evidence executing for given granted has have here how identifier identifies identity idp including individuals information interact internet jargon locally managing mechanism obtaining one-time only organization other over owner passwords permissions process protected provide provider provides refers related relevant required resource resources responsible rights role roles rules security service services set setting should specific specifying stored such sure system systems tasks technical term terms that the their this time token tokens two use used user users when where which whom with within
identity_access,educational,7,"1. Credentials
2. Permissions
3. Role
4. Identity
5. Access Control
6. Security Token
7. Role-Based Access Control (RBAC)
8. Authorization Framework
9. Access Authorization
10. Authentication Tokens
11. Authorization Code Flow
12. User Profiles
13. OAuth
14. Single Sign-On (SSO)
15. Two-Factor Authentication (2FA)
16. Identity Verification
17. Passwords and Hashing
18. Password Policies
19. Account Lockout Periods
20. Active Directory (AD) Users
21. Microsoft Active Directory (MAD)
22. Windows Azure AD
23. Google Accounts
24. Digital Certificate Authority (DCA)
25. Digital Signature Algorithm (DSA)
26. Digital Forensics
27. Secure Boot Environment
28. SSL/TLS Certificates
29. HTTPS Protocols
30. Web Application Firewall (WAF)
31. Intrusion Detection System (IDS)
32. Intrusion Prevention System (IPS)
33. Web Application Firewall with Intrusion Prevention System (FWIPEP)
34. Web Application",access account accounts active algorithm and application authentication authority authorization azure boot certificate certificates code control credentials dca detection digital directory dsa environment firewall flow forensics framework fwipep google hashing https identity ids intrusion ips lockout mad microsoft oauth password passwords periods permissions policies prevention profiles protocols rbac role role-based secure security sign-on signature single ssl sso system tls token tokens two-factor user users verification waf web windows with
identity_access,educational,8,"1. Credentials
2. Permissions
3. Roles
4. Access Control (ACL)
5. Role-based Access Control (RBAC)
6. Identity Tokens
7. User Profiles
8. Security Tokens
9. Access Tokens
10. Role Assignment
11. User Management
12. Token Authentication
13. Authorization Tokens
14. RBAC Policies
15. User Authentication
16. Token-Based Auth
17. Identity Management
18. User Privilege Management
19. Access Control Lists (ACLs)
20. Role-Assignments
21. API Permissions
22. User Roles
23. Access Control Rules
24. Token-Based Authorization
25. Access Rights Management
26. Identity Management System (IMS)
27. Role Assignment Process
28. Access Control Model
29. Token-Based Authentication Protocol (TBAP)
30. User Management System
31. Access Control Framework (ACF)
32. Token Authentication Method
33. Role-Based Access Control Architecture (RBACA)
34. Access Control in Mobile Applications
35. Role-Based Access Control on Devices (RBADC)
36. Access Control in",access acf acl acls api applications architecture assignment auth authentication authorization control credentials devices framework identity ims lists management method mobile model permissions policies privilege process profiles protocol rbac rbaca rbadc rights role role-assignments role-based roles rules security system tbap token token-based tokens user
identity_access,educational,9,"1. Credentials (e.g., username/password)
2. Permissions (e.g., read/write/execute)
3. Role (e.g., student, instructor, admin)
4. Access Control Lists (ACLs) (e.g., user-defined, system-defined)
5. Identity Federation Services (IFS) (e.g., LDAP, OAuth, SAML)
6. Authentication Provider (e.g., Windows, OpenID Connect)
7. Authorization Server (e.g., CAS, ADACS, ADFS)
8. Token-based Access Control (TAC)
9. Single Sign-On (SSO)
10. Access Rules (e.g., role-based access control, least privilege principle)
11. Identity Provider (e.g., Google, Facebook, Microsoft)
12. User Authentication
13. Digital Rights Management (DRM)
14. Token-Based Authorization
15. Role-Based Access Control (RBAC)
16. Federated Identity Management
17. Identity Governance
18. Access Management
19. Digital Certificate Authority (CA)
20. Certificate-based Authentication
21. Web Application Firewall (WAF)
22. Secure Shell (SSH) authentication
23. Lightweight Directory Access Protocol (LDAP)",access acls adacs adfs admin application authentication authority authorization cas certificate certificate-based connect control credentials digital directory drm execute facebook federated federation firewall google governance identity ifs instructor ldap least lightweight lists management microsoft oauth openid password permissions principle privilege protocol provider rbac read rights role role-based rules saml secure server services shell sign-on single ssh sso student system-defined tac token-based user user-defined username waf web windows write
identity_access,educational,10,"1. Credentials
2. Permissions
3. Roles
4. Authentication
5. Authorization
6. Identity Management
7. Identity Verification
8. Account Creation
9. User Information
10. System Security
11. Security Policies
12. User Access
13. Database Management
14. Role Assignment
15. Access Control
16. Authentication Tokens
17. Authorization Codes
18. Password Protection
19. Multi-Factor Authentication (MFA)
20. Token-based authentication
21. Single Sign-On (SSO)
22. Cross-Origin Resource Sharing (CORS) protection
23. Anonymous login
24. Encrypted Authentication
25. Secure Tokenization
26. Role-Based Access Control (RBAC)
27. Multi-tenant Architecture
28. Access Token
29. Identity Provider (IdP)
30. Identity Provider IDP
31. OAuth2
32. OpenID Connect (OpenID Connect)
33. Bearer token
34. JWT (JSON Web Tokens)
35. Refresh token
36. Refresh Mechanism
37. Token lifetime
38. Scope-based authorization",access account anonymous architecture assignment authentication authorization bearer codes connect control cors creation credentials cross-origin database encrypted identity idp information json jwt lifetime login management mechanism mfa multi-factor multi-tenant oauth openid password permissions policies protection provider rbac refresh resource role role-based roles scope-based secure security sharing sign-on single sso system token token-based tokenization tokens user verification web
identity_access,offensive,1,"1. Phishing attempt
2. Domain Hijacking
3. Email Spoofing
4. Web Browsing Attacks
5. SQL Injection Vulnerability
6. Password Cracking
7. CSRF (Cross-Site Request Forgery)
8. DDoS Attack
9. Brute Force Attack
10. Credential stuffing
11. Cross Site Request Forgery
12. Token Exploitation
13. Denial of Service
14. SQL Injection Detection
15. Password Management System (PMS)
16. Web Application Firewall (WAF)
17. Zero-Day攻击
18. Phishing Defense
19. Web Application Vulnerabilities
20. SQL Injection Vulnerability Scanning
21. XSS Cross-Site Scripting
22. SQLi (SQL Injection)
23. XSS Cross-Site Scripting
24. SQL Injection Protection
25. SQL Injection Prevention
26. Cross-Site Scripting
27. XSS Cross-Site Scripting
28. HTTP Request Forgery
29. Cross-site request forgery attacks
30. Session hijacking
31. Session Management
32. Cross-Site Scripting",application attack attacks attempt browsing brute cracking credential cross cross-site csrf ddos defense denial detection domain email exploitation firewall force forgery hijacking http injection management password phishing pms prevention protection request scanning scripting service session site spoofing sql sqli stuffing system token vulnerabilities vulnerability waf web xss zero-day
identity_access,offensive,2,"1. Phishing attempt 
2. Denial of Service (DoS) attack 
3. Spear Phishing campaign 
4. Brute Force Password Cracking 
5. Man-in-the-Middle (MitM) Attack 
6. SQL Injection vulnerability 
7. Token-based Authentication 
8. Tokenization process 
9. Webshell penetration 
10. Command & Control communication 
11. Cross-Site Scripting (XSS) injection 
12. DDoS mitigation techniques 
13. Phish hunting tactics 
14. Spear Phishing strategy 
15. Email Spoofing technique 
16. Phishing email crafting 
17. Social Engineering deception 
18. Phishing spearware development 
19. Phishing website optimization 
20. Phishing email analysis 
21. Phishing website evaluation 
22. Phishing content targeting 
23. Phishing victim identification 
24. Phishing prevention measures 
25. Phishing recovery strategies 
26. Phishing website exploitation 
27. Phishing data security 
28. Phishing botnet formation 
29. Phishing social engineering 
30. Phishing reputation management 
31. Phishing email marketing",analysis attack attempt authentication botnet brute campaign command communication content control cracking crafting cross-site data ddos deception denial development dos email engineering evaluation exploitation force formation hunting identification injection man-in-the-middle management marketing measures mitigation mitm optimization password penetration phish phishing prevention process recovery reputation scripting security service social spear spearware spoofing sql strategies strategy tactics targeting technique techniques token-based tokenization victim vulnerability webshell website xss
identity_access,offensive,3,"Here are 256 domain-specific terms that relate to offensive contexts involving identity access, including jargon and technical terminology:

1. Phishing
2. Denial of Service (DoS)
3. Brute Force Attack
4. Passwords
5. SQL Injection
6. Cross-Site Scripting (XSS)
7. Web Application防护 (WAP)
8. Tokenization
9. DDoS
10. API
11. Caching
12. Content Security Policy (CSP)
13. CSRF
14. Session hijacking
15. XSS/SQL
16. Web Scraper
17. Man-in-the-Middle (MITM)
18. OAuth
19. OAuth2
20. JWT
21. MITM
22. SQL injection
23. Cross-site scripting (XSS)
24. Phishing attack
25. Denial of service
26. Web Application firewall (WAF)
27. Web application security
28. WAPI (Web Access Policy Identifier)
29. Web applications
30. HTTP requests
31. HTTPS
32. Secure Shell (SSH)
33.",access and api application applications are attack brute caching content contexts cross-site csp csrf ddos denial domain-specific dos firewall force here hijacking http https identifier identity including injection involving jargon jwt man-in-the-middle mitm oauth offensive passwords phishing policy relate requests scraper scripting secure security service session shell sql ssh technical terminology terms that tokenization waf wap wapi web xss
identity_access,offensive,4,"Here is a list of 256 domain-specific terms, jargon, and technical vocabulary related to identity access for the context of ""cracking phishing harvesting"":

1. **Phishing**: The art of manipulating people into believing they are from a trustworthy source.
2. **Authentication**:
   - **Mechanism**: A method or set of methods used to authenticate users or devices before allowing them entry into an system.
   - **Methods**: Basic mechanisms include passwords, fingerprint scanners, facial recognition, biometric authentication (like iris scanning), SMS verification codes, token-based systems, and more advanced methods like token exchanges and QR code signing.
3. **Authentication Tokens**: Specialized digital keys used in various security contexts, typically generated for temporary use when entering account credentials or performing authentication processes.
4. **Biometrics**: Tools that measure physical characteristics, such as fingerprints, voiceprints, eye patterns, etc., to verify identities without having to rely on passwords or bi-directional verification.
5. **Biometric Keyring**: A physical device containing one or more keycards with unique features or patterns, which can be read at any point in time using biometric technology.
6. **Session Hijacking**: Acts of impersonation through unauthorized manipulation or bypassing security measures during a",access account acts advanced allowing and any are art authenticate authentication basic before believing bi-directional biometric biometrics bypassing can characteristics code codes containing context contexts cracking credentials device devices digital domain-specific during entering entry etc exchanges eye facial features fingerprint fingerprints for from generated harvesting having here hijacking identities identity impersonation include into iris jargon keycards keyring keys like list manipulating manipulation measure measures mechanism mechanisms method methods more one passwords patterns people performing phishing physical point processes read recognition related rely scanners scanning security session set signing sms source specialized such system systems technical technology temporary terms that the them they through time token token-based tokens tools trustworthy typically unauthorized unique use used users using various verification verify vocabulary voiceprints when which with without
identity_access,offensive,5,"- Cracking Phishing Harvesting
- Black Hat Marketing
- Exploit Engineering
- Malware Analysis
- Social Engineering Attack
- Penetration Testing
- Web Scraping Techniques
- Phishing Tactics
- Denial of Service (DoS) Attacks
- Cross-Site Scripting (XSS)
- XSS Mitigation
- SQL Injection
- CSRF (Cross-site Request Forgery)
- OAuth
- SAML (Security Assertion Markup Language)
- API Security
- Web Application Scanning
- Zero-Day Exploits
- Metasploit Framework
- WAF (Web Application Firewall) 
- OWASP Top Ten Best Practices
- Advanced Persistent Threats
- Insider Threat Management
- Identity Mismatch
- Privilege Escalation
- Privilege Injections
- Code Review
- Secure Coding Practices
- Software Development Life Cycle
- Red Team Operations
- Offensive Operating Systems
- Offensive Application Prowess
- DDoS Mitigation
- DDoS Protection
- Distributed Denial of Service (DDoS) Attacks
- Web Application Firewall (WAF) Configuration
- White Hat Security
- Black Hat Security
- Cybersecurity Industry Association (CSA)
- Offensive Security Framework (OS",advanced analysis api application assertion association attack attacks best black code coding configuration cracking cross-site csa csrf cybersecurity cycle ddos denial development distributed dos engineering escalation exploit exploits firewall forgery framework harvesting hat identity industry injection injections insider language life malware management marketing markup metasploit mismatch mitigation oauth offensive operating operations owasp penetration persistent phishing practices privilege protection prowess red request review saml scanning scraping scripting secure security service social software sql systems tactics team techniques ten testing threat threats top waf web white xss zero-day
identity_access,offensive,6,"1. Phishing
2. Malware
3. Blackmail
4. Identity theft
5. Credential stuffing
6. Denial of Service attack (DoS)
7. Web scraping
8. Phishing site
9. Social engineering
10. Phishing email
11. Phishing website
12. Phishing bot
13. Phishing recovery
14. Phishing attack
15. Phishing vulnerability
16. Phishing method
17. Phishing website bypass
18. Phishers
19. Phish scam
20. Phish website
21. Phishing bait
22. Phishing social engineering
23. Phishing tactics
24. Phishing software
25. Phishing malware
26. Phishing detection
27. Phishing protection
28. Phishing incident
29. Phishing campaign
30. Phishing victim
31. Phishing recovery team
32. Phishing recovery rate
33. Phishing penetration testing
34. Phishing data breach
35. Phishing investigation
36. Phishing report
37. Phishing analysis
38",analysis attack bait blackmail bot breach bypass campaign credential data denial detection dos email engineering identity incident investigation malware method penetration phish phishers phishing protection rate recovery report scam scraping service site social software stuffing tactics team testing theft victim vulnerability web website
identity_access,offensive,7,"1. Phishing
2. Harvesting (cracking)
3. Exploit
4. Authentication (secure key input method)
5. User (incomplete or compromised)
6. Credential
7. Password
8. Token
9. Access (control or manipulation of resources)
10. Tokenization (retrieval process for data protection purposes)
11. Attack (method of accessing information through unauthorized means)
12. Privilege escalation
13. Tokenization attack
14. Bypass
15. Account takeover
16. Vulnerability scanning
17. Intrusion detection system
18. Malicious software
19. Remote login
20. Intranet
21. Expose
22. Denial of Service (DoS) attack
23. Cross-site scripting (XSS)
24. Web server
25. Session hijacking
26. Session management
27. Cookie
28. Kerberos
29. SSL/TLS
30. TLS/SSL protocol
31. Secure Sockets Layer (SSL/SK)
32. SSH (Secure Shell)
33. Firewall (firewall rule)
34. Data encryption",access accessing account attack authentication bypass compromised control cookie cracking credential cross-site data denial detection dos encryption escalation exploit expose firewall for harvesting hijacking incomplete information input intranet intrusion kerberos key layer login malicious management manipulation means method password phishing privilege process protection protocol purposes remote resources retrieval rule scanning scripting secure server service session shell sockets software ssh ssl system takeover through tls token tokenization unauthorized user vulnerability web xss
identity_access,offensive,8,"1. Phishing
2. Exploit
3. Phishing Techniques
4. Phising Methodology
5. Phishing Vulnerability Assessment
6. Phishing Scammer
7. Phish
8. Phishing Attack
9. Malware Injection Technique
10. Phishing Eavesdropping
11. Phishing Detection Mechanism
12. Phishing Proofread
13. Phishing Scam Prevention
14. Phishing Forensic Analysis
15. Phishing Data Collection
16. Phishing Email Exploitation
17. Phishing Website Exploits
18. Phishing Infiltration
19. Phishing Identity Theft Prevention
20. Phishing Data Exposure
21. Phishing Emissary
22. Phishing Social Engineering
23. Phishing Network Expansion
24. Phishing Spearphishing
25. Phishing Scams
26. Phishing Tactics
27. Phishing Threats
28. Phishing Scams Detection
29. Phishing Scam Refutation
30. Phishing Scam Defense
31. Phishing Scam Mitigation
32. Phishing Sc",analysis assessment attack collection data defense detection eavesdropping email emissary engineering expansion exploit exploitation exploits exposure forensic identity infiltration injection malware mechanism methodology mitigation network phish phishing phising prevention proofread refutation scam scammer scams social spearphishing tactics technique techniques theft threats vulnerability website
identity_access,offensive,9,"Here's a list of 256 related terms, including both general and specific ones for your use case:

1. **Phishing**
2. **Hunting**
3. **Harvesting**
4. **Cracking**
5. **Exploitation**
6. **Tapping**
7. **Scanning**
8. **Malware**
9. **Breach**
10. **Denial of Service (DoS)**
11. **Deduction**
12. **Ransomware**
13. **Data Exposure**
14. **Identity Theft**
15. **Vetting**
16. **Crimson**
17. **Red Team**
18. **Brute Force**
19. **Black Hat**
20. **White Hat**
21. **Penetration Testing**
22. **Privilege Escalation**
23. **Insider Threat**
24. **Backdoors**
25. **Payload Injection**
26. **SQL Injection**
27. **Command & Control (C&C)** 
28. **Wannacry**
29. **Malvertising**
30. **Zero-Day Exploit**
31. **Pharming",and backdoors black both breach brute case command control cracking crimson data deduction denial dos escalation exploit exploitation exposure for force general harvesting hat here's hunting identity including injection insider list malvertising malware ones payload penetration pharming phishing privilege ransomware red related scanning service specific sql tapping team terms testing theft threat use vetting wannacry white your zero-day
identity_access,offensive,10,"1. Phishing
2. User Identification (UDI)
3. Account Theft
4. Cybercrime
5. Denial of Service
6. Blacklisting
7. Exploit Research
8. Malware Scan
9. Botnet Attack
10. Ransomware
11. Data Exfiltration
12. Password Management
13. Identity Theft
14. Insider Threats
15. Social Engineering
16. Vulnerability Assessment
17. Network Scanning
18. Zero-Day Exploitation
19. Information Security
20. Penetration Testing
21. Access Control
22. Credential Harvesting
23. Unauthorized Access
24. Cross-Site Scripting (XSS)
25. Web Application Vulnerabilities
26. Phish Campaigns
27. Online Identity Verification (OIV)
28. Phishing Campaign
29. Webshell Development
30. Phishing Evasion
31. Social Engineering Tactics
32. DDoS Defense Mechanisms
33. Phishing Detection
34. Network Security Policy
35. Phishing Scams
36. Cyberbullying
37",access account application assessment attack blacklisting botnet campaign campaigns control credential cross-site cyberbullying cybercrime data ddos defense denial detection development engineering evasion exfiltration exploit exploitation harvesting identification identity information insider malware management mechanisms network oiv online password penetration phish phishing policy ransomware research scams scan scanning scripting security service social tactics testing theft threats udi unauthorized user verification vulnerabilities vulnerability web webshell xss zero-day
identity_access,evasive,1,"1. **IATF**: A framework for identifying and mitigating risks associated with digital identities.
   - **IOT**: Internet-of-Things (IoT)
   - **API**: Application Programming Interface (API)
   - **COSUB**: Credential-Oriented Service Discovery Protocol

2. **Identity Provider (IDP)**: Responsible for authenticating users and managing their credentials.
   - **Authentication**: Verification that an individual’s credentials match those stored in their account.
   - **Authorization**: Permission granted to perform specific actions based on authentication.

3. **OAuth 2.0**: The protocol standard governing online authorization and authentication using Open Web Services Description Language (OWSLD).
   - **Scope**: Permissions assigned to an application within an organization.
   - **Grant**: Method used by users or applications to authorize access or perform operations.

4. **Two-Factor Authentication (2FA)**: A method combining two different forms of identification to enhance security. Commonly known as “two-step verification.”
   - **One-Time Password (OTP)**: Secure form of user input for authentication purposes.
   - **Lateral Movement**: A strategy for gaining unauthorized access without directly accessing the server or database.

5. **Biometric**:
   - **",access accessing account actions and api application applications assigned associated authenticating authentication authorization authorize based biometric combining commonly cosub credential-oriented credentials database description different digital directly discovery enhance for form forms framework gaining governing grant granted iatf identification identifying identities identity idp individual input interface internet-of-things iot known language lateral managing match method mitigating movement oauth one-time online open operations organization otp owsld password perform permission permissions programming protocol provider purposes responsible risks scope secure security server service services specific standard stored strategy that the their those two two-factor two-step unauthorized used user users using verification web with within without
identity_access,evasive,2,"1. **Impersonation Escalation**
2. **Hijack Evasion Techniques**
3. **Vulnerability Identification**
4. **Access Control Mechanisms**
5. **Phishing Technique**
6. **Malware Evasion Methods**
7. **Denial of Service Attack**
8. **Password Authentication Mechanism**
9. **Session Hijacking**
10. **Web Application Proxy (WAP) Evasion**
11. **Cross-site Scripting Vulnerabilities**
12. **SQL Injection Evasion**
13. **Cross-Site Request Forgery**
14. **Man-in-the-Middle Eavesdropping**
15. **Cross-Platform Evasions**
16. **Cross-Browser Compatibility**
17. **Contextual Awareness Evasion**
18. **Identity-Based Evasion**
19. **Spear Phishing Tactics**
20. **Intrusion Detection Systems (IDS)**
21. **Evasive Techniques for Social Engineering**
22. **Phony Claims**
23. **Social Engineering Techniques**
24. **Cognitive Behavioral Therapy**
25. **Reputation Management**
26. **Identity Theft Evasion**
27. **Social Media",access application attack authentication awareness behavioral claims cognitive compatibility contextual control cross-browser cross-platform cross-site denial detection eavesdropping engineering escalation evasion evasions evasive for forgery hijack hijacking identification identity identity-based ids impersonation injection intrusion malware man-in-the-middle management mechanism mechanisms media methods password phishing phony proxy reputation request scripting service session social spear sql systems tactics technique techniques theft therapy vulnerabilities vulnerability wap web
identity_access,evasive,3,"1. Evasion Techniques
2. Identity Scanning
3. Social Engineering Techniques
4. Phishing Attack
5. Tokenization
6. Kerberoasting
7. Rainbow Table Attacks
8. Man-in-the-Middle (MITM)
9. DNS Poisoning
10. DDoS Techniques
11. SQL Injection
12. Cross-Site Scripting (XSS)
13. SQL Tampering
14. SQL Injection Exploits
15. Web Application Protection (WAP)
16. OWASP Top 10
17. Denial of Service (DOS) Technique
18. Black Hat Cybersecurity
19. White Hat Cybersecurity
20. Password Strength Requirements
21. Brute Force Attacks
22. Password Hashing
23. Multi-Factor Authentication (MFA)
24. Access Control Lists (ACLs)
25. Role-Based Access Control (RBAC)
26. Multi-Realm Access Management (MRAM)
27. Privilege Escalation
28. DenyAccess
29. Reverse Engineering
30. Shadow Server
31. Virtual Private Network (VPN)
32. In",access acls application attack attacks authentication black brute control cross-site cybersecurity ddos denial denyaccess dns dos engineering escalation evasion exploits force hashing hat identity injection kerberoasting lists man-in-the-middle management mfa mitm mram multi-factor multi-realm network owasp password phishing poisoning private privilege protection rainbow rbac requirements reverse role-based scanning scripting server service shadow social sql strength table tampering technique techniques tokenization top virtual vpn wap web white xss
identity_access,evasive,4,"1. **Evasion**  
2. **Escalation**  
3. **Hijacking**  
4. **Identification**  
5. **Jargon**  
6. **Misidentification**  
7. **Prevention**  
8. **Revelation**  
9. **Scenario**  
10. **Transparency**  
11. **Unawareness**  
12. **Victim**  
13. **Victim Identification**  
14. **X-factor**  
15. **Y-factor**  
16. **Z-factor**  
17. **A-ware**  
18. **B-secure**  
19. **C-Breakdown**  
20. **D-Scale**  
21. **Evading**  
22. **Faking**  
23. **Gathering**  
24. **Impersonating**  
25. **Infiltrating**  
26. **Insider**  
27. **Jailed**  
28. **Justification**  
29. **Knowledge**  
30. **Ko-Fi**  
31. **Looming**  
32. **Mud",a-ware b-secure c-breakdown d-scale escalation evading evasion faking gathering hijacking identification impersonating infiltrating insider jailed jargon justification knowledge ko-fi looming misidentification mud prevention revelation scenario transparency unawareness victim x-factor y-factor z-factor
identity_access,evasive,5,"Impersonation Escalation Hijacking (IEH) refers to the use of social engineering techniques to gain unauthorized access to sensitive systems or data within an organization or company. This technique often involves tricking employees into revealing sensitive information that they do not really need, thereby escalating their privileges on systems like email, cloud storage, and other IT services. It's also used for lateral movement attacks where attackers move laterally across organizational boundaries or departments to access more complex or higher-level systems. The goal is to bypass authentication and gain full access to critical resources.

Another common term related to this scenario involves ""escalate"" which means to make something grow bigger or stronger through increasing size or intensity. In the context of IEH, it could be likened to growing the scope of an attack or expanding the potential impact if someone were to escalate the threat.

Additionally, there is a term commonly found related to this is ""hybrid warfare,"" suggesting that various tactics might be combined to achieve specific goals rather than relying solely on one method. This can help describe how these sophisticated techniques combine social engineering with traditional cyber threats to create a cohesive strategy.

Lastly, while not strictly a domain-specific term, it's worth noting that some organizations implement protocols specifically designed to handle situations involving multiple users potentially accessing",access accessing achieve across additionally also and another attack attackers attacks authentication bigger boundaries bypass can cloud cohesive combine combined common commonly company complex context could create critical cyber data departments describe designed domain-specific email employees engineering escalate escalating escalation expanding for found full gain goal goals grow growing handle help higher-level hijacking how hybrid ieh impact impersonation implement increasing information intensity into involves involving it's lastly lateral laterally like likened make means method might more move movement multiple need not noting often one organization organizational organizations other potential potentially privileges protocols rather really refers related relying resources revealing scenario scope sensitive services situations size social solely some someone something sophisticated specific specifically storage strategy strictly stronger suggesting systems tactics technique techniques term than that the their there thereby these they this threat threats through traditional tricking unauthorized use used users various warfare were where which while with within worth
identity_access,evasive,6,"1. Evasion
2. Mitigation
3. Escalation
4. Hijack
5. Exploit
6. Countermeasure
7. Phishing
8. Social Engineering
9. Spoofing
10. Tokenization
11. Blacklisting
12. Tokenage
13. Denial-of-Service (DoS)
14. Privilege Escalation
15. Shadowing
16. Identity Theft
17. Phishing Email
18. Trojan Horse
19. Phishing Campaign
20. Phishing Scam
21. Identity Fraud
22. Credential Stuffing
23. Credential Snatching
24. Access Control Lists (ACLs)
25. User Authentication Tokens
26. Role-Based Access Control (RBAC)
27. Cross-Site Scripting (XSS)
28. Web Application Vulnerability Scans (WAVR)
29. Penetration Testing
30. Botnet
31. Malware
32. Rootkits
33. Webshell
34. Backdoor
35. DDoS Attack
36. SQL Injection
37. SQL Tam",access acls application attack authentication backdoor blacklisting botnet campaign control countermeasure credential cross-site ddos denial-of-service dos email engineering escalation evasion exploit fraud hijack horse identity injection lists malware mitigation penetration phishing privilege rbac role-based rootkits scam scans scripting shadowing snatching social spoofing sql stuffing tam testing theft tokenage tokenization tokens trojan user vulnerability wavr web webshell xss
identity_access,evasive,7,"1. **Evasion Strategy**
2. **Evading Mechanism**
3. **Hijacking Process**
4. **Infiltration Technique**
5. **Escalation Tactics**
6. **Preparation Phase**
7. **Reputation Enhancement**
8. **Scanning Methodology**
9. **Identification Techniques**
10. **Target Identification**
11. **Information Gathering**
12. **Credibility Assessment**
13. **Impact Assessment**
14. **Operational Security Measures**
15. **Privilege Escalation**
16. **Hijacking Attempt**
17. **Scoping Process**
18. **Context Manipulation**
19. **Identity Verification**
20. **Access Control Frameworks**
21. **Fingerprinting Techniques**
22. **Penetration Testing Methods**
23. **Signature Creation**
24. **Threat Intelligence Analysis**
25. **Disinformation Campaign**
26. **Cybersecurity Framework**
27. **Data Integrity Checks**
28. **Data Disruption**
29. **Red Team Exercises**
30. **Shadow Accounts**
31. **Proxy Authentication**
32. **User Access Control**
33",access accounts analysis assessment attempt authentication campaign checks context control creation credibility cybersecurity data disinformation disruption enhancement escalation evading evasion exercises fingerprinting framework frameworks gathering hijacking identification identity impact infiltration information integrity intelligence manipulation measures mechanism methodology methods operational penetration phase preparation privilege process proxy red reputation scanning scoping security shadow signature strategy tactics target team technique techniques testing threat user verification
identity_access,evasive,8,"1. Evasion technique
2. Scoping process
3. Credential exchange mechanism
4. Token-based authentication
5. Kerberos ticket cache
6. Token-based authorization
7. Privilege separation strategy
8. Role-based access control
9. Role assignment system
10. Access token retrieval
11. Token lifespan management
12. Token revocation protocol
13. Identity federation technology
14. Multi-factor authentication (MFA)
15. Zero-trust security model
16. Role-based access control (RBAC)
17. Identity validation mechanisms
18. User account management (UAM)
19. Token expiration timeout
20. Identity federation protocol (IFP)
21. Token key agreement (TKA)
22. Kerberos ticket renewal process
23. Passwordless multi-factor authentication (PMF)
24. OAuth client secret management
25. Key exchange algorithm
26. Kerberos ticket distribution
27. Role-based access grant (RBG)
28. Token refresh service
29. Identity federation framework (IFB)
30. Token verification mechanism
31. Single sign-on (SSO) implementation
32. Access token",access account agreement algorithm assignment authentication authorization cache client control credential distribution evasion exchange expiration federation framework grant identity ifb ifp implementation kerberos key lifespan management mechanism mechanisms mfa model multi-factor oauth passwordless pmf privilege process protocol rbac rbg refresh renewal retrieval revocation role role-based scoping secret security separation service sign-on single sso strategy system technique technology ticket timeout tka token token-based uam user validation verification zero-trust
identity_access,evasive,9,"1. **Impersonation Escalation**
   - **Hijack**: To bypass security mechanisms that prevent unauthorized users from accessing sensitive information.

2. **Evading Identity**
   - **Escalating Identity**: A process or technique used to increase the likelihood of identifying an adversary before they gain full access.

3. **Threat Management Techniques**
   - **Evasion Strategies**: Methods used to reduce the effectiveness of threat detection systems by making it more difficult for attackers to detect and neutralize threats.

4. **Contextual Awareness**
   - **Escalation Detection**: Identifying potential threats based on known vulnerabilities in systems or network configurations.

5. **Stealthy Attack Methods**
   - **Scavenging Attacks**: A method where attackers gather data about the targets without causing any visible impact.

6. **Insider Threats**
   - **Thrifted Threats**: Threats directed at internal employees, such as those exploiting vulnerabilities or conducting unauthorized activities.

7. **Intruder Detection Algorithms**
   - **Fuzz-Fighting**: A technique using advanced algorithms to identify and disrupt attack patterns rather than stopping them completely.

8. **Evaluative Intelligence (EI) Framework**
   - **Threat Analysis (TA)**: The",about access accessing activities advanced adversary algorithms analysis and any attack attackers attacks awareness based before bypass causing completely conducting configurations contextual data detect detection difficult directed disrupt effectiveness employees escalating escalation evading evaluative evasion exploiting for framework from full fuzz-fighting gain gather hijack identify identifying identity impact impersonation increase information insider intelligence internal intruder known likelihood making management mechanisms method methods more network neutralize patterns potential prevent process rather reduce scavenging security sensitive stealthy stopping strategies such systems targets technique techniques than that the them they those threat threats thrifted unauthorized used users using visible vulnerabilities where without
identity_access,evasive,10,"1. Identity theft
2. Phishing attack
3. Denial of Service (DoS)
4. SQL Injection
5. Man-in-the-Middle (MitM) attack
6. DDoS Flood
7. Password brute force
8. Session hijacking
9. Cookie jar
10. Web scraping
11. Phreaking
12. Social engineering
13. Tokenization
14. Token leak
15. Token recovery
16. Token injection
17. Token exchange
18. Tokenization vulnerability
19. Token-based session hijacking
20. Token-based compromise
21. Token-based phishing
22. Token-bashing
23. Token-based DDOS
24. Tokenized attacks
25. Tokenized credentials
26. Tokenized password
27. Token-based data exfiltration
28. Token-based compromise
29. Token-based privilege escalation
30. Token-based privilege escalation
31. Token-based privilege bypass
32. Token-based privilege escalation
33. Token-based privilege bypass
34. Token-based privilege escalation
35. Token-based privilege bypass
36. Token-based",attack attacks brute bypass compromise cookie credentials data ddos denial dos engineering escalation exchange exfiltration flood force hijacking identity injection jar leak man-in-the-middle mitm password phishing phreaking privilege recovery scraping service session social sql theft token token-based token-bashing tokenization tokenized vulnerability web
identity_access,destructive,1,"1. DDoS (Distributed Denial of Service)
2. Phishing
3. SQL Injection
4. XSS (Cross-Site Scripting)
5. CSRF (Cross-Site Request Forgery)
6. Tokenization
7. SQL Audit
8. API Review
9. Cross-Origin Resource Sharing (CORS)
10. SSL/TLS Certificate Signing
11. OAuth2
12. Token Management
13. API Key Management
14. IAM Identity Management
15. Role-Based Access Control (RBAC)
16. Privilege Escalation
17. Denial of Service (DoS) Protection
18. Metaphone Transformation
19. IP Spoofing
20. Zero-Day Exploit
21. OWASP Top 10
22. Web Application Firewall (WAF)
23. Network Address Translation (NAT)
24. Intrusion Prevention System (IPS)
25. Secure Sockets Layer (SSL)
26. Transport Layer Security (TLS)
27. Domain Whitelisting
28. DDoS Protection Solution
29. Threat Intelligence Analysis
30. Incident Response Plan
31. API",access address analysis api application audit certificate control cors cross-origin cross-site csrf ddos denial distributed domain dos escalation exploit firewall forgery iam identity incident injection intelligence intrusion ips key layer management metaphone nat network oauth owasp phishing plan prevention privilege protection rbac request resource response review role-based scripting secure security service sharing signing sockets solution spoofing sql ssl system threat tls token tokenization top transformation translation transport waf web whitelisting xss zero-day
identity_access,destructive,2,"**1. DDoS (Distributed Denial of Service) - A type of cyber attack where multiple computers flood an target with traffic to make it unavailable or slow down.
   **2. MitM (Multi-Mission Multi-Target) - Refers to the ability of a system to intercept information and modify its reception in such a way that all users have a different experience.
   **3. Phishing - The fraudulent technique of tricking someone into revealing their personal information or financial details through deceptive means.
   **4. SQL Injection - An exploit whereby a hacker injects code from malicious sources (in this case, SQL databases) into web applications to gain unauthorized access.
   **5. XSS (Cross-Site Scripting) - Malicious script execution when a web application sends untrusted input back to a client's browser without proper validation.
   **6. Cross-Origin Request Handling (CORS) - Mechanism for handling requests between domains not directly accessed within a website's physical location.
   **7. Brute Force - The process of guessing passwords until they correctly match predefined patterns. Commonly used for strong password cracking.
   **8. Password Policy - Rules about what characters can be included in a password and how often.
   **9.",ability about access accessed all and application applications attack back between browser brute can case characters client's code commonly computers correctly cors cracking cross-origin cross-site cyber databases ddos deceptive denial details different directly distributed domains down execution experience exploit financial flood for force fraudulent from gain guessing hacker handling have how included information injection injects input intercept into its location make malicious match means mechanism mitm modify multi-mission multi-target multiple not often password passwords patterns personal phishing physical policy predefined process proper reception refers request requests revealing rules script scripting sends service slow someone sources sql strong such system target technique that the their they this through traffic tricking type unauthorized unavailable until untrusted used users validation way web website's what when where whereby with within without xss
identity_access,destructive,3,"Here is a list of potentially harmful and complex terms related to identity access in the context of ""destructive"" attacks, with specialized terminologies, contextual phrases, and insider language:

1. **Compromise**: To gain unauthorized access to a system or data.
   - Example: ""He managed to steal passwords for critical systems.""

2. **Takeover**: The act of gaining full control over another entity, often an organization or service.
   - Example: ""She took over her boss's company without permission.""

3. **Exfiltration**: The transfer of sensitive information from one location to another while retaining the original content intact.

4. **Destructive"": Terms used to describe actions that can cause significant harm, destruction, or serious consequences.

5. **Insider Threats**: Situations where someone within an organization has access to sensitive data or code they should not have.

6. **Information Exfiltration**: Transferring sensitive information (like credit card numbers) across network boundaries without proper authorization.

7. **Password Bypassing Techniques**: Methods used to bypass authentication processes and gain unauthorized access.

8. **Code Sniffing**: The process of intercepting data packets before sending them to their destination by inspecting transmitted data.

9. **Data Ex",access across act actions and another attacks authentication authorization before boss's boundaries bypass bypassing can card cause code company complex compromise consequences content context contextual control credit critical data describe destination destruction destructive entity example exfiltration for from full gain gaining harm harmful has have her here identity information insider inspecting intact intercepting language like list location managed methods network not numbers often one organization original over packets password passwords permission phrases potentially process processes proper related retaining sending sensitive serious service she should significant situations sniffing someone specialized steal system systems takeover techniques terminologies terms that the their them they threats took transfer transferring transmitted unauthorized used where while with within without
identity_access,destructive,4,"1. Compromise
2. Takeover
3. Exfiltration
4. Denial-of-Service (DoS)
5. Denial-of-Service Attack
6. Phishing
7. Exploitation
8. Rootkit
9. Blackbox Access
10. Tokenization
11. Shadowsocks
12. Webshell
13. Phishing Evasion Techniques
14. DDoS Attacks
15. Advanced Persistent Threats (APTs)
16. Zero-Day Vulnerability
17. Privilege Escalation
18. Penetration Testing
19. Metamorphic Encryption
20. Smart Contracts
21. Man-in-the-Middle (MITM)攻击
22. Credential Stuffing
23. Keylogging
24. Social Engineering
25. Bots
26. Ransomware
27. Phishing Email
28. Malvertising
29. WPA2
30. AES
31. SSL/TLS
32. PhishMe
33. SQL Injection
34. Metasploit
35. Shellshock
36. OWASP Top Ten",access advanced aes apts attack attacks blackbox bots compromise contracts credential ddos denial-of-service dos email encryption engineering escalation evasion exfiltration exploitation injection keylogging malvertising man-in-the-middle metamorphic metasploit mitm owasp penetration persistent phishing phishme privilege ransomware rootkit shadowsocks shellshock smart social sql ssl stuffing takeover techniques ten testing threats tls tokenization top vulnerability webshell wpa zero-day
identity_access,destructive,5,"Here's the list with definitions provided:

1. **Compromise**
   - **Definition:** To intentionally disclose or steal personal information.
   
2. **Takedown**
   - **Definition:** The process of removing, blocking, or deleting data from a network.
   
3. **Exfiltration**
   - **Definition:** The act of transferring data via an internet connection (typically over email, through FTP, etc.) without proper security measures.

4. **Data Exfiltration**
   - **Definition:** The unauthorized transfer of data through a network breach or compromised system.
   
5. **Network Exposure**
   - **Definition:** Accessing or observing any part of a network.

6. **Insider Threats**
   - **Definition:** Malicious activities involving insiders who have access to sensitive data, possibly through sabotage, phishing attacks, or other means.

7. **Credibility Risks**
   - **Definition:** The risks associated with individuals being seen as malicious due to their reputation, past actions, or history of dishonesty.

8. **Phishing**
   - **Definition:** A scam where someone tries to trick you into revealing your login credentials or passwords by sending a fraudulent email.

9. **Spear Phishing**
   - **Definition:**",access accessing act actions activities any associated attacks being blocking breach compromise compromised connection credentials credibility data definition definitions deleting disclose dishonesty due email etc exfiltration exposure fraudulent from ftp have here's history individuals information insider insiders intentionally internet into involving list login malicious means measures network observing other over part passwords past personal phishing possibly process proper provided removing reputation revealing risks sabotage scam security seen sending sensitive someone spear steal system takedown the their threats through transfer transferring trick tries typically unauthorized via where who with without you your
identity_access,destructive,6,"1. **Compromise**: The act of breaking into or stealing someone's personal information.
2. **Takeover**: Extortion involving unauthorized access to sensitive information or systems.
3. **Exfiltration**: The process of releasing secret files or data through the internet.
4. **Insider Threats**: Actions taken by insiders, including employees with access to confidential information or systems that may be exploited for malicious purposes.
5. **Denial-of-Service (DoS)**: A cyber attack designed to block legitimate traffic from users or websites.
6. **Spoofing**: Using false credentials to gain unauthorized access to a system or network.
7. **Phishing**: An electronic scheme to steal sensitive information such as passwords, credit cards, and personal data.
8. **Tailing**: A technique used to intercept email content and identify emails containing sensitive data.
9. **Backdoor**: A method of gaining unauthorized access to computer systems or networks.
10. **Penetration Testing**: A testing process conducted to identify vulnerabilities in software or hardware systems.
11. **Ransomware**: Cybersecurity malware designed to encrypt data and demand payment to recover it.
12. **Privilege Escalation**: The process of raising an attacker’s privileges on compromised systems",access act actions and attack attacker backdoor block breaking cards compromise compromised computer conducted confidential containing content credentials credit cyber cybersecurity data demand denial-of-service designed dos electronic email emails employees encrypt escalation exfiltration exploited extortion false files for from gain gaining hardware identify including information insider insiders intercept internet into involving legitimate malicious malware may method network networks passwords payment penetration personal phishing privilege privileges process purposes raising ransomware recover releasing scheme secret sensitive software someone's spoofing steal stealing such system systems tailing taken takeover technique testing that the threats through traffic unauthorized used users using vulnerabilities websites with
identity_access,destructive,7,"1. Identity Hacking
2. Domain Hijack
3. Account Takeover
4. Exploit Attack
5. Credential Theft
6. Privilege Escalation
7. Denial of Service (DoS)
8. Remote Access
9. Password Brute Force
10. Kerberoasting
11. Social Engineering
12. Phishing Scam
13. Man-in-the-Middle (MitM) Attack
14. Session hijacking
15. Tokenization
16. Code Injection
17. WebShell
18. Command Execution
19. Shell Shock
20. Metasploit
21. Shadowsocks
22. Socks Proxy
23. X-SHA1 Hash
24. X-SShield Encrypted Session
25. SSH Hijacking
26. TLS Handshake Failure
27. Secure Socket Layer (SSL)
28. IP Spoofing
29. Reverse DNS Lookup
30. DDOS Deterrence
31. DoS Deterrence
32. Firewall Blockage
33. Malware Scan
34. Virus Prevention
35. Rootkit",access account attack blockage brute code command credential ddos denial deterrence dns domain dos encrypted engineering escalation execution exploit failure firewall force hacking handshake hash hijack hijacking identity injection kerberoasting layer lookup malware man-in-the-middle metasploit mitm password phishing prevention privilege proxy remote reverse rootkit scam scan secure service session shadowsocks shell shock social socket socks spoofing ssh ssl takeover theft tls tokenization virus webshell x-sha x-sshield
identity_access,destructive,8,"1. DDoS (Distributed Denial of Service) - A type of attack that uses distributed attacks against websites or systems.
2. MITM (Man-in-the-Middle) - An attacker intercepting communication between two parties for the purpose of accessing another's data without their knowledge or consent.
3. Phishing - The act of tricking someone into revealing sensitive information such as passwords or credit card details.
4. Blackmail - The deliberate withholding of valuable goods or services from an individual, often for personal gain.
5. Exploit - A malicious software program intended to harm or disrupt computer security systems.
6. Privilege escalation - The process of gaining increased privileges within a system or application through improper means.
7. Privilege abuse - Unauthorized use of privileged user rights for unauthorised purposes.
8. Denial of Service (DoS) - An attack on a target where legitimate traffic is significantly reduced while denial-of-service services are provided to malicious traffic.
9. Social Engineering - Techniques used to influence or deceive people into acting against their own interests or trusting others.
10. Man-in-The-Loop Testing - Testing performed using multiple virtual users to simulate real-world scenarios.
11. Tokenization - The process of converting text data into a fixed-size",abuse accessing act acting against another's application are attack attacker attacks between blackmail card communication computer consent converting credit data ddos deceive deliberate denial denial-of-service details disrupt distributed dos engineering escalation exploit fixed-size for from gain gaining goods harm improper increased individual influence information intended intercepting interests into knowledge legitimate malicious man-in-the-loop man-in-the-middle means mitm multiple often others own parties passwords people performed personal phishing privilege privileged privileges process program provided purpose purposes real-world reduced revealing rights scenarios security sensitive service services significantly simulate social software someone such system systems target techniques testing text that the their through tokenization traffic tricking trusting two type unauthorised unauthorized use used user users uses using valuable virtual websites where while withholding within without
identity_access,destructive,9,"1. Domain Hijacking
2. Exploitation Techniques
3. Infiltration Mechanisms
4. Metamask Usage
5. Network Privilege Escalation
6. Phishing Scams
7. Privilege Escalation
8. Reverse DNS Lookup
9. Scripting Languages
10. Tethered Addresses
11. User Account Access
12. Web Application Security
13. Zombie Accounts
14. Zero Trust Model
15. API Key Management
16. Kerberos Authentication
17. Token-Based Authentication
18. Shadowsocks Socket Listings
19. Onion Routing
20. DDoS Attacks
21. Metasploit Frameworks
22. SQL Injection Prevention
23. WebShell Vulnerability Scavenging
24. Zero-Day Exploit Strategy
25. Advanced Persistent Threats
26. Dark Web Scouting
27. Blockchain-based Cryptography
28. Tokenomics Analysis
29. Crypto Mining Strategies
30. Ethical Hacking Practices
31. Network Traffic Monitoring
32. DDoS Defense Mechanism
33. Zero-Day Bug Detection
34.",access account accounts addresses advanced analysis api application attacks authentication blockchain-based bug crypto cryptography dark ddos defense detection dns domain escalation ethical exploit exploitation frameworks hacking hijacking infiltration injection kerberos key languages listings lookup management mechanism mechanisms metamask metasploit mining model monitoring network onion persistent phishing practices prevention privilege reverse routing scams scavenging scouting scripting security shadowsocks socket sql strategies strategy techniques tethered threats token-based tokenomics traffic trust usage user vulnerability web webshell zero zero-day zombie
identity_access,destructive,10,"1. Compromise - To obtain unauthorized control over a system or information.
2. Takeover - The act of taking over ownership of something, particularly over another's computer systems.
3. Exfiltration - The process of secretly sending data out of a computer system or network without authorization.
4. Insider Threats - Situations where someone has access to an organization's resources but doesn't have permission or influence over those resources.
5. Exploitation - Malicious activity directed against software, devices, hardware components, networks, etc., designed to exploit vulnerabilities.
6. Hacking - Attempting to gain unauthorized access to a computer system or other resource through malicious means.
7. Passwords - Secure authentication methods used for accessing digital services and systems.
8. Encryption - Techniques that convert plain text into an unreadable form using mathematical algorithms to ensure confidentiality.
9. Tokens - Keys used to secure access to protected systems or accounts.
10. Role-Based Access Control (RBAC) - A model of security policy that divides users' permissions based on their assigned roles within an organization.
11. Privilege Escalation - An escalation of privilege levels to potentially elevate one's ability to manipulate the system.
12. Mitigation Strategies - Methods used to reduce the",ability access accessing accounts act activity against algorithms and another's assigned attempting authentication authorization based but components compromise computer confidentiality control convert data designed devices digital directed divides doesn't elevate encryption ensure escalation etc exfiltration exploit exploitation for form gain hacking hardware has have influence information insider into keys levels malicious manipulate mathematical means methods mitigation model network networks obtain one's organization organization's other out over ownership particularly passwords permission permissions plain policy potentially privilege process protected rbac reduce resource resources role-based roles secretly secure security sending services situations software someone something strategies system systems takeover taking techniques text that the their those threats through tokens unauthorized unreadable used users using vulnerabilities where within without
cryptography,defensive,1,"cryptosystem 
cryptography 
encryption 
hash function 
signature algorithm 
salt 
key derivation 
key distribution 
public key infrastructure (PKI) 
digital signatures 
asymmetric cryptography 
plaintext 
ciphertext 
RSA 
ECDSA 
SHA-256 
Sha256  
BCENC 
ChaCha20 
CHACHA20  
RC4 
CNG 
DHE 
ECDH 
ES  
Elliptic curve digital signature algorithm (ECCDSA)  
RSAPKCS1v15  
RSAES-GCM  
ECDH-EVP  
ED25519  
AES-GCM  
MD5  
Message Digest Message Digest (MD5)  
Hashing algorithms  
Cryptographic hash functions  
Cryptography for authentication  
Secure hash and message-digest mechanisms  
Public-key encryption  
Digital signatures  
Signature verification  
Signature validation  
Signature creation  
Signature challenge-response  
Key management  
Key agreement  
Key exchange  

Note: This list is extremely extensive and covers multiple cryptographic concepts commonly found in various security contexts, including but not limited to, symmetric versus asymmetric encryption, secure hash functions, digital signatures, public key infrastructure, and cryptographic protocols like SSH (Secure Shell).",aes-gcm agreement algorithm algorithms and asymmetric authentication bcenc but chacha challenge-response ciphertext cng commonly concepts contexts covers creation cryptographic cryptography cryptosystem curve derivation dhe digest digital distribution eccdsa ecdh ecdh-evp ecdsa elliptic encryption exchange extensive extremely for found function functions hash hashing including infrastructure key like limited list management mechanisms message message-digest multiple not note pki plaintext protocols public public-key rsa rsaes-gcm rsapkcs salt secure security sha shell signature signatures ssh symmetric this validation various verification versus
cryptography,defensive,2,"1. Advanced Encryption Standard (AES)
2. Biometric Authentication
3. Certificate Authority (CA)
4. Ciphertext
5. Cryptographic Hash Function
6. Digital Signature
7. Elliptic Curve Cryptography (ECC)
8. Fingerprinting
9. Key Exchange Protocol
10. Message Authentication Code (MAC)
11. Public-Key Infrastructure (PKI)
12. Secure Hash Algorithm (SHA)
13. Symmetric Encryption
14. TLS/SSL
15. X.509 certification
16. Zero-Knowledge Proof
17. One-Time Pad
18. Blockchain Technology
19. Multi-Factor Authentication (MFA)
20. Quantum Computing Security
21. Elliptic Curve Cryptography (ECDSA)
22. Secure Boot
23. Homomorphic Encryption
24. Elliptic Curve Diffie-Hellman (EDH)
25. Smart Contract
26. Elliptic Curve Diffie-Hellman Key Exchange (ECDHE)
27. Hash-based Signatures
28. Zero-Knowledge Protocols
29. Private Key Encryption
30. Elliptic Curve Cryptography (ECC",advanced aes algorithm authentication authority biometric blockchain boot certificate certification ciphertext code computing contract cryptographic cryptography curve diffie-hellman digital ecc ecdhe ecdsa edh elliptic encryption exchange fingerprinting function hash hash-based homomorphic infrastructure key mac message mfa multi-factor one-time pad pki private proof protocol protocols public-key quantum secure security sha signature signatures smart ssl standard symmetric technology tls zero-knowledge
cryptography,defensive,3,"1. Hashing
2. Cryptography
3. Symmetric Encryption
4. Asymmetric Encryption
5. Message Authentication Code (MAC)
6. Digital Signature Algorithm (DSA)
7. Public Key Cryptography (PKC)
8. Private Key Cryptography (PKC)
9. Elliptic Curve Cryptography (ECC)
10. Hashing Algorithms
11. RSA Algorithm
12. ECC-based Encryption
13. HMAC (Hash Based Message Authentication Code)
14. AES (Advanced Encryption Standard) - Block Ciphers
15. Triple DES
16. RC4
17. Blowfish
18. SHA-256
19. SHA-1
20. SHA-512
21. AES-256
22. RSA Public Key
23. ECC Private Key
24. DSA (Distinguished Keys Authenticated Encryption)
25. ECIES (Elliptic Curve Integrated Encryption Scheme)
26. ECDSA (Elliptic Curve Digital Signature Algorithm)
27. HMAC (hash based message authentication code)
28. Diffie-Hellman Key Exchange
29. Diffie-Hellman Protocol
30",advanced aes algorithm algorithms asymmetric authenticated authentication based block blowfish ciphers code cryptography curve des diffie-hellman digital distinguished dsa ecc ecc-based ecdsa ecies elliptic encryption exchange hash hashing hmac integrated key keys mac message pkc private protocol public rsa scheme sha signature standard symmetric triple
cryptography,defensive,4,"1. **Cryptographic Key Pair**
2. **Public-Key Infrastructure (PKI)**
3. **Symmetric Encryption Algorithm**
4. **Asymmetric Cryptography (RSA, ECC)**
5. **Hash Function**
6. **Message Authentication Code (MAC)**
7. **Digital Signature Algorithm (DSA)**
8. **Secure Hash Algorithm (SHA-256)**
9. **Key Derivation Function (KDF)**
10. **Hash-based Message Authentication Codes (HMACs)**
11. **Message Digest Algorithms (MD5, SHA-1, SHA-256)**
12. **Block Cipher (AES, DES)**
13. **Stream Cipher (GCM, CCMP)**
14. **Cryptography Standards (ISO/IEC 10118, NIST, ISO 15978, etc.)**
15. **Advanced Encryption Standard (AES)**
16. **Cipher Block Chaining (CBC)**
17. **Iterated Ciphers (TripleDES, TripleDES-CBC)**
18. **FIPS 140-2**
19. **Blinding (PBKDF2)**
2",advanced aes algorithm algorithms asymmetric authentication blinding block cbc ccmp chaining cipher ciphers code codes cryptographic cryptography derivation des digest digital dsa ecc encryption etc fips function gcm hash hash-based hmacs iec infrastructure iso iterated kdf key mac message nist pair pbkdf pki public-key rsa secure sha signature standard standards stream symmetric tripledes tripledes-cbc
cryptography,defensive,5,"1. Advanced Encryption Standard (AES)
2. Block Cipher
3. Ciphertext-only Attack
4. Derivatives
5. Digital Signature Algorithm (DSA)
6. Elliptic Curve Cryptography (ECC)
7. Finite Field Arithmetic
8. Hash Functions
9. Key Management
10. Keypads
11. MAC (Message Authentication Code)
12. Message Digest Algorithms (MDAs)
13. Nonces
14. Opehashing (OHP)
15. Preimage Attacks
16. Pseudorandom Number Generators (PRNGs)
17. RSA (Rivest-Shamir-Adleman)
18. Secure Hash Algorithm (SHA)
19. Symmetric Key Cryptography
20. Two-Step Authentication
21. Triple-DES
22. Whitebox Cryptographic Analysis
23. XOR (exclusive OR) Key Expansion
24. Zero-Knowledge Proof
25. AES (Advanced Encryption Standard): Advanced encryption standard is an international standard for encryption algorithms.
26. Block cipher: A block cipher is a type of cryptographic algorithm that uses the same key and plaintext size, allowing data to be encrypted or decrypted",advanced aes algorithm algorithms allowing analysis and arithmetic attack attacks authentication block cipher ciphertext-only code cryptographic cryptography curve data decrypted derivatives digest digital dsa ecc elliptic encrypted encryption exclusive expansion field finite for functions generators hash international key keypads mac management mdas message nonces number ohp opehashing plaintext preimage prngs proof pseudorandom rivest-shamir-adleman rsa same secure sha signature size standard symmetric that the triple-des two-step type uses whitebox xor zero-knowledge
cryptography,defensive,6,"1. Encryption - Secure operation.
2. Hashing - Producing a fixed-length string with a pre-determined function on data.
3. Signaling - The process of providing an electronic representation or message that proves ownership, identity, or integrity without actually presenting it.
4. Key Management - The secure control of cryptographic keys to ensure they are used consistently and correctly within an organization.
5. Digital Signature - A form of authentication where an entity asserts its identity based solely on the hash of the information being signed.
6. Cryptographic Hash Function (SHA-256) - A cryptographic algorithm used for generating a unique, fixed-size string of hexadecimal digits.
7. Public-key Cryptography - An asymmetric key pair-based encryption method.
8. Symmetric-Key Cryptography - A key exchange using symmetric cryptographic algorithms like AES, RC4, etc.
9. Elliptic Curve Cryptography (ECC) - Uses elliptic curves over finite fields as the underlying mathematical model.
10. Message Authentication Code (MAC) - A cryptographic technique for proving that a data set has not been tampered with.
11. Hash Family Algorithms - Various classes of algorithms designed to produce a unique hash value from any input.
12. Digital Signature Algorithm (DSA) - Used",actually aes algorithm algorithms and any are asserts asymmetric authentication based been being classes code consistently control correctly cryptographic cryptography curve curves data designed digital digits dsa ecc electronic elliptic encryption ensure entity etc exchange family fields finite fixed-length fixed-size for form from function generating has hash hashing hexadecimal identity information input integrity its key keys like mac management mathematical message method model not operation organization over ownership pair-based pre-determined presenting process produce producing proves providing proving public-key representation secure set sha signaling signature signed solely string symmetric symmetric-key tampered technique that the they underlying unique used uses using value various where with within without
cryptography,defensive,7,"AES: Advanced Encryption Standard  
BCEA: Block cipher encrypting authentication (also known as PBKDF)  
CMAC: Common-mac algorithm  
DHE: Diffie-Hellman key exchange  
FIPS: Federal Information Processing Standards  
Hash: Message Authentication Code  
IV: Initialization vector  
IKE: Internet Key Exchange  
IKEAH: Initialization Security Association Header  
LEAF: Lightweight Encryption Algorithm for Files  
Mac: Message_authentication_code  
MD4: MD4 hash function  
MGF1: Message-Guaranteed Forwarding Function 1  
Merkle-Dahab Hash: Merkle-Whight hash function  
NID: Network-Initiated Data-Input  
OCSP: Origin-Centric Certificate Signing Process  
PKCS#7: PKCS #7 encryption header  
RSA: Rivest-Shamir-Adleman cryptosystem  
SHA-1: SHA-1 hash function  
SALT: Salt  

I hope this helps!",advanced aes algorithm also association authentication bcea block certificate cipher cmac code common-mac cryptosystem data-input dhe diffie-hellman encrypting encryption exchange federal files fips for forwarding function hash header helps hope ike ikeah information initialization internet key known leaf lightweight mac merkle-dahab merkle-whight message message-guaranteed mgf network-initiated nid ocsp origin-centric pbkdf pkcs process processing rivest-shamir-adleman rsa salt security sha signing standard standards this vector
cryptography,defensive,8,"1. **Encryption** - Secure coding
   - **Hashing** - Key management
   - **Signature** - Cryptographic protocol

2. **HMAC** - Digital signatures
   - **SHA-256** - Encryption algorithms

3. **AES** - Data integrity checking
   - **MD5** - Encryption algorithm
   - **RSA** - Key exchange mechanism

4. **DSA** - Cryptographic key management
   - **ECDSA** - Hash function used in cryptographic protocols

5. **RSASSA-PKCS1-v1_5** - Data integrity checks
   - **SHA1** - Hashing method used for digital signatures

6. **PGP** - Message authentication code
   - **RSA** - Digital signature algorithm

7. **SM2** - Public-key encryption
   - **RSA** - Digital signature scheme

8. **ECDHE** - Elliptic curve Diffie-Hellman key exchange
   - **DH** - Digital signature mechanism

9. **ECDSA** - Elliptic curve signature algorithm
   - **X25519** - Symmetric key exchange

10. **DSS** - Diffe-hell",aes algorithm algorithms authentication checking checks code coding cryptographic curve data diffe-hell diffie-hellman digital dsa dss ecdhe ecdsa elliptic encryption exchange for function hash hashing hmac integrity key management mechanism message method pgp protocol protocols public-key rsa rsassa-pkcs scheme secure sha signature signatures symmetric used
cryptography,defensive,9,"cryptography - key exchange algorithm
hashing - cryptographic hash function
digital signature - electronic signature process
public key cryptography - asymmetric encryption scheme 
private key cryptography - symmetric encryption method 
RSA - Rivest-Shamir-Adleman algorithm 
DSS - Digital Signature System  
SHA - Secure Hash Algorithm  
ECDH - Elliptic Curve Cryptography Diffie-Hellman Key Exchange  
RSAES-OAEP (RSA ES OAK) - RSA with Embedded OAEP 
AES - Advanced Encryption Standard  
ECB - Electronic Codebook  
CBC - Cipher Block Chaining  

These terms represent specific cryptographic concepts that play crucial roles in modern cybersecurity measures, such as digital signatures, public key cryptography, and digital signature schemes. The chosen list includes well-known names but also less common terms that might be more familiar to those working in certain contexts or domains where these advanced technologies are employed.",advanced aes algorithm also and are asymmetric block but cbc certain chaining chosen cipher codebook common concepts contexts crucial cryptographic cryptography curve cybersecurity diffie-hellman digital domains dss ecb ecdh electronic elliptic embedded employed encryption exchange familiar function hash hashing includes key less list measures method might modern more names oaep oak play private process public represent rivest-shamir-adleman roles rsa rsaes-oaep scheme schemes secure sha signature signatures specific standard such symmetric system technologies terms that the these those well-known where with working
cryptography,defensive,10,"1. **Encryption**  
   - Secure encoding of information.
   
2. **Hashing**  
   - A short, fixed-size sequence derived from an input, often used for verifying data integrity.
   
3. **Signing**  
   - Creating a digital certificate that proves identity through signature, typically associated with cryptocurrencies like Bitcoin.

4. **Digital Certificate**  
   - Used for secure online transactions, issued by trusted certification authorities.
   
5. **Blockchain**  
   - Distributed ledger technology where transactions can be recorded on multiple nodes globally.
   
6. **Secure Hash Algorithm (SHA)**  
   - A widely used cryptographic hash function providing good balance between speed and security.

7. **Symmetric Key Cryptography**  
   - Cryptographic methods using identical keys for both encryption and decryption.

8. **Public-Key Cryptography (PKC)**  
   - Encryption method requiring two keys—public and private—and enabling communication using them securely.

9. **Key Exchange**  
   - Process where two or more parties agree on a common key for encrypting messages.

10. **Crypto-Network**  
    - A complex system involving multiple parties communicating via encrypted channels.

11. **Encryption-Authentication**  
    - Combining public-key-based encryption with",agree algorithm and associated authorities balance between bitcoin blockchain both can certificate certification channels combining common communicating communication complex creating crypto-network cryptocurrencies cryptographic cryptography data decryption derived digital distributed enabling encoding encrypted encrypting encryption encryption-authentication exchange fixed-size for from function globally good hash hashing identical identity information input integrity involving issued key keys ledger like messages method methods more multiple nodes often online parties pkc private process proves providing public public-key public-key-based recorded requiring secure securely security sequence sha short signature signing speed symmetric system technology that them through transactions trusted two typically used using verifying via where widely with
cryptography,educational,1,"Sure! Here are 256 specific terms and jargons related to cryptography with their appropriate contexts:

1. **Cryptography**: The study of techniques for securing data from unauthorized access.
2. **Hash functions**: Algorithms that take an input (e.g., data) and produce an output consisting of a fixed-length string known as a hash value.
3. **Symmetric encryption**: Techniques where the same key is used for both encryption and decryption.
4. **Asymmetric encryption**: Techniques where two keys are used for both encryption and decryption, one being kept secret while the other is shared among multiple parties.
5. **Key management**: Methods for securing and managing cryptographic keys securely.
6. **Elliptic Curve Cryptography (ECC)**: A variant of traditional public key cryptography that uses elliptic curve digital signatures to provide privacy protection.
7. **Public Key Infrastructure (PKI)**: An infrastructure that allows secure communication between users and services over unsecured channels without exposing private information.
8. **Secure Sockets Layer (SSL)**: Protocol for encrypting web traffic between a client's browser and a server using TLS/HTTPS protocol.
9. **Digital Signatures**: Methods for verifying the authenticity of messages or documents using cryptographic techniques.
10.",access algorithms allows among and appropriate are asymmetric authenticity being between both browser channels client's communication consisting contexts cryptographic cryptography curve data decryption digital documents ecc elliptic encrypting encryption exposing fixed-length for from functions hash here https information infrastructure input jargons kept key keys known layer management managing messages methods multiple one other output over parties pki privacy private produce protection protocol provide public related same secret secure securely securing server services shared signatures sockets specific ssl string study sure symmetric take techniques terms that the their tls traditional traffic two unauthorized unsecured used users uses using value variant verifying web where while with without
cryptography,educational,2,"1. Asymmetric Encryption Algorithm (AES)
2. Symmetric Encryption Algorithm (RSA)
3. Hash Function (SHA)
4. Digital Signature Algorithm (DSA)
5. Public-Key Cryptography (PKC)
6. Cipher Block Chaining (CBC) Mode
7. Data Encryption Standard (DES)
8. AES Key Expansion (EAX)
9. Ciphers and Protocols (CPR)
10. Message Authentication Codes (MACs)
11. Hash-Based Cryptographic Algorithms (HBCAs)
12. Advanced Encryption Standard (AES-128)
13. Elliptic Curve Cryptography (ECDSA)
14. Zero-Knowledge Proof (ZKP)
15. Homomorphic Encryption (HE)
16. Private-Key Cryptography (PCK)
17. Secure Hash Algorithm (SHA-256)
18. Digital Signature Algorithm for Applications (DSS)
19. Non-Repudiation Protocol (NRP)
20. Elliptic Curve Cryptography (ECDSA)
21. Hybrid Encryption (HIKE)
22. Hashing Functions (HDF)
23. Key Agreement Protocol (KAP)
24. Secure Multiparty Computation (SMSC)
25",advanced aes agreement algorithm algorithms and applications asymmetric authentication block cbc chaining cipher ciphers codes computation cpr cryptographic cryptography curve data des digital dsa dss eax ecdsa elliptic encryption expansion for function functions hash hash-based hashing hbcas hdf hike homomorphic hybrid kap key macs message mode multiparty non-repudiation nrp pck pkc private-key proof protocol protocols public-key rsa secure sha signature smsc standard symmetric zero-knowledge zkp
cryptography,educational,3,"1. Block Ciphers
2. Symmetric Key Cryptography
3. Asymmetric Key Cryptography
4. DES
5. AES
6. RSA
7. ECC
8. ElGamal
9. Diffie-Hellman
10. Hash Functions
11. Message Authentication Codes (MACs)
12. Digital Signatures
13. Zero-Knowledge Proof (ZKP)
14. Elliptic Curve Cryptography (ECC)
15. Quantumkey
16. Elliptic Curve Encryption (ECE)
17. Stream Cipher
18. Homomorphic Encryption
19. Post-Quantum Cryptography
20. Secure Multiplication
21. Public-Key Infrastructure (PKI)
22. Zero-Knowledge Proofs for Information
23. Non-Repudiation Tokens
24. Smart Card Systems
25. Hashing Algorithms
26. Hash-Based Identification
27. Bit-wise Evaluation
28. Elliptic Curve Pairing (ECP)
29. Elliptic Curve Diffie-Hellman (ECDH)
30. Elliptic Curve Encryption Over HTTP (ECEO)
31. Ellipt",aes algorithms asymmetric authentication bit-wise block card cipher ciphers codes cryptography curve des diffie-hellman digital ecc ecdh ece eceo ecp elgamal ellipt elliptic encryption evaluation for functions hash hash-based hashing homomorphic http identification information infrastructure key macs message multiplication non-repudiation over pairing pki post-quantum proof proofs public-key quantumkey rsa secure signatures smart stream symmetric systems tokens zero-knowledge zkp
cryptography,educational,4,"1. RSA (Rivest-Shamir-Adleman)
2. DES (Data Encryption Standard)
3. AES (Advanced Encryption Standard)
4. ECC (Elliptic Curve Cryptography)
5. ECC-based cryptography
6. Diffie-Hellman key exchange
7. Elgamal encryption method
8. Knapsack cryptosystem
9. Lempel-Ziv-Welsch algorithm
10. Malleability property
11. Pseudo-random number generator
12. S-boxes
13. Hash functions
14. Ciphertexts
15. Asymmetric cryptography
16. Elliptic curves cryptography
17. Key management protocol
18. Digital signatures
19. RSA signature algorithm
20. Public-key cryptography
21. Nonces
22. Block cipher modes of operation
23. Stream cipher modes of operation
24. Triple DES
25. Elliptic curve cryptographic systems
26. Zero-knowledge proofs
27. Quantum cryptography
28. Secure multiparty computation
29. Hybrid encryption schemes
30. Elliptic curve asymmetric algorithms
31. Forward secrecy
32. Post",advanced aes algorithm algorithms asymmetric block cipher ciphertexts computation cryptographic cryptography cryptosystem curve curves data des diffie-hellman digital ecc ecc-based elgamal elliptic encryption exchange forward functions generator hash hybrid key knapsack lempel-ziv-welsch malleability management method modes multiparty nonces number operation post proofs property protocol pseudo-random public-key quantum rivest-shamir-adleman rsa s-boxes schemes secrecy secure signature signatures standard stream systems triple zero-knowledge
cryptography,educational,5,"1. Asymmetric Encryption Algorithms (AEAs)  
2. Block Ciphers  
3. Cipher Standards (Ciphers Standards)  
4. Cryptographic Hash Functions (Ciphers)  
5. Elliptic Curve Cryptography (ECC)  
6. GPG (GNU Privacy Guard)  
7. Hash Functions  
8. Key Management Techniques  
9. Lempel-Ziv Compress (LZ77)  
10. Message Authentication Codes (MACs)  
11. Secure Hash Algorithms (SHA)  
12. Symmetric Encryption Algorithms (SEAs)  
13. Zero-Knowledge Proofs (ZKPs)  
14. Digital Signatures  
15. Pseudorandom Number Generators (PRNGs)  
16. Randomness Extraction (RERs)  
17. Digital Signature Algorithm (DSA)  
18. Nonce Generation  
19. Public-Key Infrastructure (PKI)  
20. Elliptic Curve Diffie-Hellman (ECDH)  
21. AES-256  
22. DES  
23. Advanced Encryption Standard (AES)  
24. Hash-based Cryptanalysis  
25. Hash-Based Encryption (HB",advanced aeas aes algorithm algorithms asymmetric authentication block cipher ciphers codes compress cryptanalysis cryptographic cryptography curve des diffie-hellman digital dsa ecc ecdh elliptic encryption extraction functions generation generators gnu gpg guard hash hash-based infrastructure key lempel-ziv macs management message nonce number pki privacy prngs proofs pseudorandom public-key randomness rers seas secure sha signature signatures standard standards symmetric techniques zero-knowledge zkps
cryptography,educational,6,"Here is a list of specific cryptographic terms, concepts, and industryese that may be useful for those interested in cybersecurity education:

1. **Symmetric Key Encryption** - Used when encryption needs to occur at the same time as decryption.
2. **Asymmetric Key Encryption** (public key cryptography) - A method where an asymmetric algorithm uses a pair of keys, one used for encryption and another used for decryption. The public key serves as both the sender's identity and the receiver's secret key.
3. **Cryptography** - The study or practice of encoding secrets so they can’t be read except with the right tools or information.
4. **Hash Function** - A simple algorithm that takes data and produces a fixed-size string of characters called a hash, commonly represented using MD5 or SHA-256.
5. **Digital Signature** - An electronic signature that verifies the identity of a party before signing a document or transmitting it over an untrusted network.

These terms include the most common ones you might encounter in discussions about secure systems and protocols within academic settings. For more specialized topics, consulting professional textbooks on computer security or attending relevant workshops could provide additional insights.",about academic additional algorithm and another asymmetric attending before both called can characters common commonly computer concepts consulting could cryptographic cryptography cybersecurity data decryption digital discussions document education electronic encoding encounter encryption except fixed-size for function hash here identity include industryese information insights interested key keys list may method might more most needs network occur one ones over pair party practice produces professional protocols provide public read receiver's relevant represented right same secret secrets secure security sender's serves settings sha signature signing simple specialized specific string study symmetric systems takes terms textbooks that the these they those time tools topics transmitting untrusted used useful uses using verifies when where with within workshops you
cryptography,educational,7,"1. Hash functions
2. Public key infrastructure (PKI)
3. Digital signature
4. Symmetric encryption
5. Asymmetric encryption
6. MAC (Message Authentication Code) 
7. Key exchange algorithm
8. AES (Advanced Encryption Standard)
9. RSA algorithm
10. DES (Data Encryption Standard)
11. ECC (Elliptic Curve Cryptography)
12. DSA (Diferentiated Secure Algorithm)
13. Diffie-Hellman key exchange
14. ECC vs. DH
15. HMAC (Hash-based Message Authentication Code)
16. EAX (Extended Authentication Exchange Protocol)
17. Kerberos ticket
18. SSH (Secure Shell) protocol
19. TLS (Transport Layer Security) protocol
20. SSH certificate
21. SSL/TLS (Secure Sockets Layer/Transport Layer Security)
22. PKCS#11 interface
23. X.509 (Public Key Infrastructure) standard
24. CA (Certificate Authority)
25. Digital certificates
26. PGP (Pretty Good Privacy) protocol
27. Diffie-Hellman group
28. Elliptic curve cryptography
29",advanced aes algorithm asymmetric authentication authority certificate certificates code cryptography curve data des diferentiated diffie-hellman digital dsa eax ecc elliptic encryption exchange extended functions good group hash hash-based hmac infrastructure interface kerberos key layer mac message pgp pkcs pki pretty privacy protocol public rsa secure security shell signature sockets ssh ssl standard symmetric ticket tls transport
cryptography,educational,8,"1. Hash function
2. Symmetric key encryption
3. Public key infrastructure (PKI)
4. Digital signature
5. Block cipher
6. Triple DES
7. Asymmetric key cryptography
8. AES/ECB
9. ECC/ECDH
10. RSA public keys
11. Elliptic Curve Cryptography (ECC)
12. Hash-based message authentication codes (HMACs)
13. Hashing algorithm
14. Key exchange protocol
15. Digital certificate
16. Message authentication code
17. Secure channel
18. Keypair generation
19. Encryption standard
20. Bit manipulation
21. Block cipher mode of operation
22. Stream cipher
23. Hash function parameters
24. Hash-based data integrity check
25. Secret sharing scheme
26. Hash-based encryption
27. Hash-based key derivation
28. Hash-based session key management
29. Hash-based random number generator
30. Hash-based one-time pad
31. Hash-based key agreement
32. Hash-based signature verification
33. Hash-based zero-knowledge proofs
34. Hash-based access control",access aes agreement algorithm asymmetric authentication bit block certificate channel check cipher code codes control cryptography curve data derivation des digital ecb ecc ecdh elliptic encryption exchange function generation generator hash hash-based hashing hmacs infrastructure integrity key keypair keys management manipulation message mode number one-time operation pad parameters pki proofs protocol public random rsa scheme secret secure session sharing signature standard stream symmetric triple verification zero-knowledge
cryptography,educational,9,"1. Hash Function
2. Symmetric Cryptography
3. Public-Key Cryptography
4. Message Authentication Code (MAC)
5. Asymmetric Cryptography
6. Digital Signature Algorithm (DSA)
7. AES Encryption Algorithm
8. RSA Public Key Cryptography
9. Triple-Encryption Technique
10. Elliptic Curve Cryptography (ECC)
11. Non-repudiation Protocol
12. Advanced Encryption Standard (AES)
13. Block Cipher Algorithms
14. Pseudo-random Number Generation
15. Stream Ciphers
16. Hash-Based Encryption
17. Hash Table
18. One-Time Pad (OTP) Encryption
19. Diffie-Hellman Key Exchange
20. Digital Homomorphic Encryption
21. Shamir's Secret Sharing Scheme
22. Keystream Generator
23. Secure Multiplication Algorithm
24. Zero-Knowledge Proof
25. Quantum Cryptography
26. Bit-Parallel Cryptography
27. Secure Multithreading
28. Homomorphic Encryption
29. Secure Multi-party Computation
30. Blind Signatures
31. Post-Quantum Cryptography
32. Quantum",advanced aes algorithm algorithms asymmetric authentication bit-parallel blind block cipher ciphers code computation cryptography curve diffie-hellman digital dsa ecc elliptic encryption exchange function generation generator hash hash-based homomorphic key keystream mac message multi-party multiplication multithreading non-repudiation number one-time otp pad post-quantum proof protocol pseudo-random public public-key quantum rsa scheme secret secure shamir's sharing signature signatures standard stream symmetric table technique triple-encryption zero-knowledge
cryptography,educational,10,"cryptography,
blockchain,
cryptocurrency,
digital signatures,
encryption schemes,
Hash functions,
hash-based cryptosystems,
key exchange,
message authentication codes (MACs),
public key infrastructure (PKI),
RSASignature(),
RSA encryption,
secure communication protocols(),
symmetric keys,
transmission security technologies(),
zero-knowledge proofs.",authentication blockchain codes communication cryptocurrency cryptography cryptosystems digital encryption exchange functions hash hash-based infrastructure key keys macs message pki proofs protocols public rsa rsasignature schemes secure security signatures symmetric technologies transmission zero-knowledge
cryptography,offensive,1,"1. Factoring Attack
2. Shor's Algorithm
3. Quantum Query Attack
4. Lattice Cryptanalysis
5. Quantum Phase Estimation (QPE)
6. Post-quantum Cryptography
7. Fast Fourier Transform (FFT)
8. Quantum Error Correction (QUEC)
9. Quantum Walks
10. Pre-quantum Cryptography
11. Shor’s Approximation Lemma (IALP)
12. Grover's Algorithm
13. Quantum Tunnelling Operators (QTOPS)
14. Quantum Decryption
15. Quantum Key Distribution (QKD)
16. Universal Quantum Computer
17. Quantum Machine Learning (QML)
18. Shor's Algorithm for Number Theory
19. Quantum Computation and Quantum Information Science (QC&QS)
20. Quantum Cryptographic Attacks (QCAs)
21. Quantum Randomness Diffie-Hellman (QRDH)
22. Quantum Zero-Knowledge Proof (QZKP)
23. Shor's Algorithm for Elliptic Curve Cryptography (ECC)
24. Quantum Cryptographic Protocols (QCPs)
25. Quantum Secure Encryption (QSEC)
26. Post-",algorithm and approximation attack attacks computation computer correction cryptanalysis cryptographic cryptography curve decryption diffie-hellman distribution ecc elliptic encryption error estimation factoring fast fft for fourier grover's ialp information key lattice learning lemma machine number operators phase post post-quantum pre-quantum proof protocols qcas qcps qkd qml qpe qrdh qsec qtops quantum quec query qzkp randomness science secure shor shor's theory transform tunnelling universal walks zero-knowledge
cryptography,offensive,2,"Certainly! Here is a list of 256 specific terms, jargon, and technical terms related to cryptography for a scenario involving the breaking of cryptographic factoring algorithms:

1. **Factor**
2. **Sieve**
3. **Pseudoprime**
4. **Miller-Rabin Test**
5. **Squaring**
6. **Hollender’s Method**
7. **Rivest-Shamir-Adleman (RSA)**
8. **ElGamal Encryption**
9. **Elliptic Curve Cryptography (ECC)**
10. **Differentially Private Key**
11. **Homomorphic Encryption**
12. **Monte Carlo Algorithms**
13. **Quantum Computing**
14. **Shamir’s Secret Sharing**
15. **Luby–Merkel Algorithm**
16. **Galois Fields**
17. **Discrete Logarithm**
18. **Cryptography Standards (such as AES and RSA)**
19. **Post-quantum Cryptography**
20. **Cryptographic Hash Functions**
21. **Public-key Encryption**
22. **Diffie-Hellman Key Exchange**
23. **RSA Attacks on",aes algorithm algorithms and attacks breaking carlo certainly computing cryptographic cryptography curve differentially diffie-hellman discrete ecc elgamal elliptic encryption exchange factor factoring fields for functions galois hash here hollender homomorphic involving jargon key list logarithm luby merkel method miller-rabin monte post-quantum private pseudoprime public-key quantum related rivest-shamir-adleman rsa scenario secret shamir sharing sieve specific squaring standards such technical terms test the
cryptography,offensive,3,"- Factoring Problem 
- Collision Attack 
- Hashing Algorithm 
- Cryptanalysis 
- Encryption Key 
- RSA Cipher 
- ElGamal Protocol 
- Asymmetric Encryption 
- Digital Signature 
- Hash Message Authentication Code (HMAC) 
- AES Encryption Standard 
- Message Authentication Codes (MACs) 
- Secure Hash Algorithms 
- Quantum Key Distribution (QKD) 
- Elliptic Curve Cryptography 
- Bit Complexity 
- Block Cipher 
- Stream Ciphers 
- Public-Key Infrastructure (PKI) 
- RSA Protocols 
- Message Integrity 
- Hashing Mechanism 
- Hash Function 
- Pseudorandom Number Generator (PRNG) 
- Hash Message Authentication Code 
- Hash Table 
- SHA-256 Hash 
- Message Encryption Technique 
- Hash-Based Identification Algorithm (HBIDA) 
- Hash Function Security 
- Hashing Function 
- Message Digest Algorithm (MDA) 
- Hash Message Verification 
- Digital Signature Algorithm (DSA) 
- Hashed Message Authentication Codes (HMAC) 
- Message Authentication Code Algorithm (MAC) 
- Elliptic Curve Cryptography (ECC) 
- Hash Function Strength 
- Hash Function Characteristics 
- Hash Function Complexity 
- Hash Function",aes algorithm algorithms asymmetric attack authentication bit block characteristics cipher ciphers code codes collision complexity cryptanalysis cryptography curve digest digital distribution dsa ecc elgamal elliptic encryption factoring function generator hash hash-based hashed hashing hbida hmac identification infrastructure integrity key mac macs mda mechanism message number pki prng problem protocol protocols pseudorandom public-key qkd quantum rsa secure security sha signature standard stream strength table technique verification
cryptography,offensive,4,"1. Modularization
2. Cryptanalysis
3. Hash functions
4. Collision resistance
5. Prime numbers
6. RSA encryption
7. ElGamal encryption
8. SHA-256 hash
9. Elliptic curve cryptography (ECC)
10. Lattice-based cryptography
11. Fast exponentiation algorithms
12. Message authentication codes (MACs)
13. Diffie-Hellman key exchange
14. Digital signatures
15. Asymmetric key cryptography
16. Block ciphers
17. Hash function attacks
18. Stream ciphers
19. Ciphertext only attack
20. Key expansion attacks
21. Homomorphic encryption
22. Elliptic curve factorization
23. Quantum computing-resistant cryptography
24. Quantum key distribution (QKD)
25. Zero-knowledge proofs
26. Public-key infrastructure (PKI)
27. Shortest common superstring algorithm
28. Blind encryption
29. Secure multi-party computation (SMC)
30. Nonces
31. Random oracle model
32. Secure multiparty computation (SMPC)
33. Paillier cryptos",algorithm algorithms asymmetric attack attacks authentication blind block ciphers ciphertext codes collision common computation computing-resistant cryptanalysis cryptography cryptos curve diffie-hellman digital distribution ecc elgamal elliptic encryption exchange expansion exponentiation factorization fast function functions hash homomorphic infrastructure key lattice-based macs message model modularization multi-party multiparty nonces numbers only oracle paillier pki prime proofs public-key qkd quantum random resistance rsa secure sha shortest signatures smc smpc stream superstring zero-knowledge
cryptography,offensive,5,"**Breaking Factoring**

1. **Factoring Algorithm**
2. **Factorization**
3. **Cryptography**
4. **Simpler Factorization Algorithm**
5. **Fermat's Little Theorem**
6. **Square Root**
7. **Exponentiation**
8. **Bitwise Operation**
9. **Power Function**
10. **Multiplication Algorithm**
11. **Modular Arithmetic**
12. **Integer Division**
13. **Lifting Lemma**
14. **Discrete Logarithm Problem**
15. **RSA Encryption Algorithm**
16. **Public Key Infrastructure (PKI)**
17. **Signature Verification**
18. **Hashing Algorithm**
19. **Digital Signature|
20. **Hash Table**
21. **Block Cipher**
22. **Triple DES**
23. **Elliptic Curve Cryptography (ECC)|
24. **Elgamal**
25. **Diffie-Hellman Key Exchange|
26. **NIST Standard**
27. **RSA Algorithm|
28. **P-192, P-192 with 40-bit key size**
29. **P-1",algorithm arithmetic bit bitwise block breaking cipher cryptography curve des diffie-hellman digital discrete division ecc elgamal elliptic encryption exchange exponentiation factoring factorization fermat's function hash hashing infrastructure integer key lemma lifting little logarithm modular multiplication nist operation pki power problem public root rsa signature simpler size square standard table theorem triple verification with
cryptography,offensive,6,"1. Breaking Factor
2. Collision Search Algorithm
3. Advanced Encryption Standard (AES)
4. Fast Fourier Transform (FFT)
5. Hash Function
6. Shortest Vector Problem (SVP)
7. Quantum Bit (Qbit)
8. Quantum Key Distribution (QKD)
9. Shortest Message Problem (SMP)
10. Shor's Algorithm
11. Quantum Supremacy
12. Pre-Quantum Key Agreement (PQKAs)
13. Post-Quantum Cryptography
14. Quantum Key Eavesdropping
15. Quantum Teleportation
16. Shor's Factoring Algorithm
17. Quantum Entanglement
18. Quantum Phase Estimation
19. Quantum Simulation
20. Quantum Randomness
21. Quantum Universal Router
22. Quantum Interference仪 (QIP)
23. Quantum Entanglement Experiment (QEExp)
24. Quantum Error Correction Code (QECC)
25. Quantum Error Rate (QUE)
26. Quantum Decoherence
27. Quantum Error Reduction Algorithm (QERA)
28. Quantum Decoy Signal
29. Quantum Flipping Quenching
30",advanced aes agreement algorithm bit breaking code collision correction cryptography decoherence decoy distribution eavesdropping encryption entanglement error estimation experiment factor factoring fast fft flipping fourier function hash interference key message phase post-quantum pqkas pre-quantum problem qbit qecc qeexp qera qip qkd quantum que quenching randomness rate reduction router search shor's shortest signal simulation smp standard supremacy svp teleportation transform universal vector
cryptography,offensive,7,"1. Breaking Factoring
2. Collision Attack
3. Hash Function
4. Message Authentication Code (MAC)
5. RSA Cryptography
6. Elliptic Curve Cryptography
7. Hash-based Message Digest (HMD)
8. ElGamal Encryption
9. RSA Signature Algorithm
10. AES-CBC Block Cipher
11. ECC Digital Signature Scheme (ECC-DSA)
12. SHA-2 Cryptographic Hashing Algorithm
13. Lattice-Based Cryptography
14. Short Integer Solution (SIS) Problem
15. Fast Lattice Search (FLS)
16. Preimage Attacks
17. Post-Quantum Cryptography
18. Shor's Algorithm for Factorization
19. Paillier Cryptosystem
20. Groth-285 Cryptosystem
21. El-Gamal Cryptographic Protocol
22. Elliptic Curve Diffie-Hellman (ECDH)
23. LMFDC (Lagarias-Mathieson-Ferguson-Ducas) Algorithm
24. RIVET (Rivest Rivest Shannan Goldwasser) Cryptosystem
25. ECPP",aes-cbc algorithm attack attacks authentication block breaking cipher code collision cryptographic cryptography cryptosystem curve diffie-hellman digest digital ecc ecc-dsa ecdh ecpp el-gamal elgamal elliptic encryption factoring factorization fast fls for function goldwasser groth hash hash-based hashing hmd integer lagarias-mathieson-ferguson-ducas lattice lattice-based lmfdc mac message paillier post-quantum preimage problem protocol rivest rivet rsa scheme search sha shannan shor's short signature sis solution
cryptography,offensive,8,"1. Factoring
2. Collision
3. Hash Function
4. Encryption
5. Message Authentication Code (MAC)
6. Digital Signature
7. Elliptic Curve Cryptography (ECC)
8. RSA Algorithm
9. SHA-256
10. Bitwise Operations
11. Prime Numbers
12. Paillier Cryptosystem
13. Diffie-Hellman Key Exchange
14. Shortest Vector Problem (SVP) or Integer Factorization (IF)
15. ElGamal Cryptosystem
16. Public-Key Infrastructure (PKI)
17. Schnorr Signature Algorithm
18. Elliptic Curve Discrete Logarithm Problem (ECDLP) or Decisional Diffie-Hellman Assumption (DDH)
19. Shamir's Secret Sharing Scheme
20. Elliptic Curve Cryptography over GF(2^N)
21. Elliptic Curve Digital Signature Algorithm (ECDSA)
22. Advanced Encryption Standard (AES)
23. Secure Hash Algorithms (SHA)
24. Hash-Based One-Time Pad (HBTP)
25. Rijndael
26. Schnorr Digital Signatures
2",advanced aes algorithm algorithms assumption authentication bitwise code collision cryptography cryptosystem curve ddh decisional diffie-hellman digital discrete ecc ecdlp ecdsa elgamal elliptic encryption exchange factoring factorization function hash hash-based hbtp infrastructure integer key logarithm mac message numbers one-time operations over pad paillier pki prime problem public-key rijndael rsa scheme schnorr secret secure sha shamir's sharing shortest signature signatures standard svp vector
cryptography,offensive,9,"1. Factoring Algorithm
2. Collision Attack
3. Lattice Cryptanalysis
4. Preimage Attack
5. Pairing Algorithm
6. Elliptic Curve Attacks
7. Discrete Logarithm Problem
8. RSA Key Exchange
9. Elgamal Public-Key Encryption
10. ECDLP
11. DSA Digital Signature Algorithm
12. ECC ECC-DSA
13. NTRU Non-Subspace Resistant Trapdoor Sets
14. Salsa20 Stream Cipher
15. PBKDF2 Password Hashing Function
16. SHA-256 Hashing Algorithm
17. Rabin Cryptosystem
18. AES AES-128 AES-256
19. RC4 Random ChaCha Random Number Generator
20. Diffie-Hellman Key Agreement Protocol
21. DSA key exchange algorithm
22. ECC encryption
23. ElGamal public-key cryptosystems
24. Diffie-Hellman key exchange protocol
25. MAC Authentication Protocol
26. Schnorr Signatures
27. ECIES Elliptic Curve Identity-based Cryptography
28. E",aes agreement algorithm attack attacks authentication chacha cipher collision cryptanalysis cryptography cryptosystem cryptosystems curve diffie-hellman digital discrete dsa ecc ecc-dsa ecdlp ecies elgamal elliptic encryption exchange factoring function generator hashing identity-based key lattice logarithm mac non-subspace ntru number pairing password pbkdf preimage problem protocol public-key rabin random resistant rsa salsa schnorr sets sha signature signatures stream trapdoor
cryptography,offensive,10,"1. Shor's Algorithm (Shor's Factoring)
2. Prime Factorization (Prime Number Decomposition)
3. Collision Attack (Collision-Free Encryption)
4. Shortest Hidden Message (Shortest Hidden Message Problem)
5. Fast Integer Factorization (Fast Integer Factorization)
6. Lattices (Lattice-Based Cryptography)
7. Modular Exponentiation (Modular Exponentiation for Diffie-Hellman Key Exchange)
8. Grover's Algorithm (Grover's Quantum Search Method)
9. Preimage Attacks (Preimage Resistance)
10. Quantum Computation
11. Hash Functions (Hash Function Security)
12. Quantum Cryptography
13. Homomorphic Encryption
14. Quantum Fourier Transform
15. Quantumkey (Quantum Cryptographic Keys)
16. Quantum Supremacy
17. Bell-Error Correction
18. Quantum State Manipulation
19. Post-Quantum Cryptography
20. Pseudo-random Number Generation (PRNG)
21. Ciphertext Permutation (Cipher Block Chaining)
22. Trapdoor Permutations (TTPs)
23. Quantum Key Distribution (QKD)
24. Quantum Information Processing
25.",algorithm attack attacks bell-error block chaining cipher ciphertext collision collision-free computation correction cryptographic cryptography decomposition diffie-hellman distribution encryption exchange exponentiation factoring factorization fast for fourier function functions generation grover's hash hidden homomorphic information integer key keys lattice-based lattices manipulation message method modular number permutation permutations post-quantum preimage prime prng problem processing pseudo-random qkd quantum quantumkey resistance search security shor's shortest state supremacy transform trapdoor ttps
cryptography,evasive,1,"1. Steganography (evasive)
2. Eavesdropping detection
3. Key distribution (secret sharing)
4. Public key encryption
5. Symmetric key algorithm
6. Elliptic curve cryptography
7. Hash function (hash table)
8. Digital signatures
9. Nonces (nonce values)
10. Block cipher (cipher) algorithms
11. Stream ciphers
12. AES (Advanced Encryption Standard)
13. ChaCha20 (a symmetric block cipher used for authentication)
14. Twofish (a strong asymmetric encryption algorithm)
15. RC4 (a simple stream cipher with a large key size)
16. XTS (XOR-Transposition-Substitution)
17. DES (Data Encryption Standard)
18. Blowfish (a fast, symmetric cipher)
19. AESGCM (Authenticated Encryption with Ciphertext Only)
20. RSA (Rivest–Shamir–Adleman cryptosystem)
21. AES-GCM (Authenticated Encryption with Galois Counter Mode)
22. LFSR (Linear Feedback Shift Register)
23. LWE (Learning with Errors problem)
24. ECC (Elliptic Curve Crypt",adleman advanced aes aes-gcm aesgcm algorithm algorithms asymmetric authenticated authentication block blowfish chacha cipher ciphers ciphertext counter crypt cryptography cryptosystem curve data des detection digital distribution eavesdropping ecc elliptic encryption errors evasive fast feedback for function galois hash key large learning lfsr linear lwe mode nonce nonces only problem public register rivest rsa secret shamir sharing shift signatures simple size standard steganography stream strong symmetric table twofish used values with xor-transposition-substitution xts
cryptography,evasive,2,"1. Steganography (steganography)
2. Cryptography
3. Eavesdropping Prevention (EVP)
4. Secure Communication (SC)
5. Symmetric Encryption (SE)
6. Public Key Infrastructure (PKI)
7. Elliptic Curve Cryptography (ECC)
8. Hash Functions (Hash)
9. Hashing Algorithms (HAs)
10. Digital Signatures (DS)
11. Hash-based Encryption (HBE)
12. Message Authentication Codes (MAC)
13. Digital Signature Algorithm (DSA)
14. Hashed Message Authentication Code (HMAC)
15. One-Time Pad (OTP)
16. Advanced Encryption Standard (AES)
17. Stream ciphers
18. ChaCha20 algorithm
19. Twofish algorithm
20. AES-256 cipher
21. Blowfish algorithm
22. AES-GCM encryption scheme
23. ElGamal public key cryptosystem
24. RSA algorithm
25. DSA digital signature scheme
26. Diffie-Hellman key exchange protocol
27. SSH encryption
28. Rijndael (AES) cryptographic algorithm
29.",advanced aes aes-gcm algorithm algorithms authentication blowfish chacha cipher ciphers code codes communication cryptographic cryptography cryptosystem curve diffie-hellman digital dsa eavesdropping ecc elgamal elliptic encryption evp exchange functions has hash hash-based hashed hashing hbe hmac infrastructure key mac message one-time otp pad pki prevention protocol public rijndael rsa scheme secure signature signatures ssh standard steganography stream symmetric twofish
cryptography,evasive,3,"Sure, here is a list of 256 cryptographic-related terms from different domains:
1. **Stego** (Stealth)
   - Steganography
   - Cryptanalysis

2. **Key Exchange**
   - Public Key Infrastructure (PKI)
   - RSA encryption
   - Diffie-Hellman key exchange

3. **Hash Function**
   - SHA-256
   - HMAC (HMAC = Hash-based Message Authentication Code)

4. **Digital Signature**
   - Digital signatures (DS)
   - RSA signature scheme

5. **Cryptography**
   - Symmetric-key cryptography
   - Asymmetric-key cryptography
   - Elliptic Curve Cryptography (ECC)

6. **Encryption Algorithm**
   - AES (Advanced Encryption Standard)
   - AES-CBC (Cipher Block Chaining Mode)
   - Blowfish

7. **Secure Communication Protocol**
   - HTTPS (Hypertext Transfer Protocol Secure)
   - SSL/TLS (SSL/TLS)

8. **Data Integrity**
   - CRC (Cumulative Sum) Checksum
   - MD5 hash function

9. **Symmetric Key**
   - Triple DES (Triple Data Encryption Standard)
   - AES-256

1",advanced aes aes-cbc algorithm asymmetric-key authentication block blowfish chaining checksum cipher code communication crc cryptanalysis cryptographic-related cryptography cumulative curve data des different diffie-hellman digital domains ecc elliptic encryption exchange from function hash hash-based here hmac https hypertext infrastructure integrity key list message mode pki protocol public rsa scheme secure sha signature signatures ssl standard stealth steganography stego sum sure symmetric symmetric-key terms tls transfer triple
cryptography,evasive,4,"1. Cryptojacking
2. Phishing with crypto
3. Cryptocurrency mining
4. Blockchain hacking
5. Digital signatures
6. Keylogger
7. Darknet espionage
8. Cryptanalysis
9. Tokenization
10. Virtual private networks (VPNs)
11. Hashcat
12. Advanced cryptanalytic techniques
13. Smart contracts
14. Digital wallet encryption
15. Wormhole network
16. Crypto trading
17. Cryptoforensics
18. Cryptographic hash functions
19. Crypto extortion
20. Quantum computing cryptography
21. Steganographism
22. Cryptosystems
23. Encryption standards
24. Digital signatures
25. Cryptojackers
26. Cryptoanalysis
27. Crypto-ransomware
28. Cryptofraud detection
29. Digital signature verification
30. Cryptocurrencies
31. Stealthy cryptocurrency transactions
32. Cryptocurrency anonymity
33. Crypto analysis
34. Cryptocurrency pools
35. Cryptozoology
36. Digital signature
37. Cryptographic key management
38. Crypto security protocols",advanced analysis anonymity blockchain computing contracts cryptanalysis cryptanalytic crypto crypto-ransomware cryptoanalysis cryptocurrencies cryptocurrency cryptoforensics cryptofraud cryptographic cryptography cryptojackers cryptojacking cryptosystems cryptozoology darknet detection digital encryption espionage extortion functions hacking hash hashcat key keylogger management mining network networks phishing pools private protocols quantum security signature signatures smart standards stealthy steganographism techniques tokenization trading transactions verification virtual vpns wallet with wormhole
cryptography,evasive,5,"1. Cryptanalysis - The process of discovering or attempting to discover the secret key to a cryptographic system.
2. Enciphering - Changing plain text into cipher text using mathematical functions like substitution, permutation, or transposition.
3. Deciphering - Re-enciphering cipher text back into plaintext using the same methods used during encryption.
4. Key exchange - A method for generating shared secret keys between two communicating entities over an insecure channel.
5. Steganography - A technique that hides messages within digital media without being detected.
6. Digital signatures - Certificates that prove the authenticity and integrity of data transmitted over the internet.
7. Ciphers - Algorithms designed to transform plain text into cipher text under certain constraints.
8. Message hiding - Concealing information from unauthorized access or interception using cryptosystems.
9. Hash functions - Mathematical algorithms that produce a fixed-length string (hash) based on the input data.
10. Encryption standards - Official guidelines for secure communication and data protection.
11. Hash table - An array structure used to store data with constant-time complexity when accessing elements by position.
12. Public-key encryption - An encryption algorithm where only the corresponding private key can decrypt ciphertext.
13. Symmetric encryption - An encryption scheme that uses",access accessing algorithm algorithms and array attempting authenticity back based being between can certain certificates changing channel cipher ciphers ciphertext communicating communication complexity concealing constant-time constraints corresponding cryptanalysis cryptographic cryptosystems data deciphering decrypt designed detected digital discover discovering during elements enciphering encryption entities exchange fixed-length for from functions generating guidelines hash hides hiding information input insecure integrity interception internet into key keys like mathematical media message messages method methods official only over permutation plain plaintext position private process produce protection prove public-key re-enciphering same scheme secret secure shared signatures standards steganography store string structure substitution symmetric system table technique text that the transform transmitted transposition two unauthorized under used uses using when where with within without
cryptography,evasive,6,"1. Steganographie (steganography)
2. Cryptanalysis (cryptanalysis)
3. Hash Function (hash function)
4. AES (Advanced Encryption Standard)
5. RSA (Rivest-Shamir-Adleman algorithm)
6. DES (Data Encryption Standard)
7. ECDHE (Elliptic Curve Diffie-Hellman key exchange)
8. SSH (Secure Shell Protocol)
9. Kerberoasting (kerboretting)
10. PGP (Pretty Good Privacy)
11. TLS (Transport Layer Security)
12. RC4 (Round Robin Encryption Process)
13. LUKS (Linux Unified Key Setup Scheme)
14. AESGCM (Advanced Encryption Standard-Guaranteed Ciphertext-MAC)
15. HMAC (Hash-Based Message Authentication Code)
16. DSA (Diffe-Hellman algorithm)
17. DSS (DigiCert SSL/TLS Server Certificate Signing Service)
18. MD5 (Message-Digest Algorithm 5)
19. SHA-256 (SHA-256 hash function)
20. ECC (Elliptic Curve Cryptography)
21. SM2 (Square Modular Elliptic Curve with Private-Key Length",advanced aes aesgcm algorithm authentication certificate ciphertext-mac code cryptanalysis cryptography curve data des diffe-hellman diffie-hellman digicert dsa dss ecc ecdhe elliptic encryption exchange function good hash hash-based hmac kerberoasting kerboretting key layer length linux luks message message-digest modular pgp pretty privacy private-key process protocol rivest-shamir-adleman robin round rsa scheme secure security server service setup sha shell signing square ssh ssl standard standard-guaranteed steganographie steganography tls transport unified with
cryptography,evasive,7,"1. Steganography
2. Eavesdropping
3. Cryptanalysis
4. Cryptojacking
5. Homophony
6. Quantumkeying
7. Keygening
8. Bitwading
9. Ciphersim
10. Strobejacking
11. Cryptowalking
12. Keyeeting
13. Snoopin'
14. Cryptolocker
15. Steepjack
16. Cryptomining
17. Ciphertext
18. Keylogging
19. Spyjacking
20. Cryptovigilance
21. Steganometric
22. Cryptoconspiracy
23. Stenography
24. Crypto-terrorism
25. Crypto-escapism
26. Crypto-criminals
27. Crypto-tipping
28. Crypto-fraud
29. Crypto-surfing
30. Cryptovigilance
31. Crypto-cryptojournalism
32. Cryptocurrencies
33. Crypto-voting
34. Crypto-anomaly
35. Crypto-mania
36. Crypto-banking",bitwading ciphersim ciphertext cryptanalysis crypto-anomaly crypto-banking crypto-criminals crypto-cryptojournalism crypto-escapism crypto-fraud crypto-mania crypto-surfing crypto-terrorism crypto-tipping crypto-voting cryptoconspiracy cryptocurrencies cryptojacking cryptolocker cryptomining cryptovigilance cryptowalking eavesdropping homophony keyeeting keygening keylogging quantumkeying snoopin spyjacking steepjack steganography steganometric stenography strobejacking
cryptography,evasive,8,"1. Steganography - hidden message transmission
2. Cryptography - algorithm for secure data storage and transmission
3. Quantum Cryptography - cryptography based on quantum mechanics principles
4. Elliptic Curve Cryptography (ECC) - elliptic curve-based cryptography
5. Block Cipher - encryption algorithm using blocks as units
6. Stream Cipher - encryption algorithm that encrypts data one bit at a time
7. Hashing - transformation of data into a string of characters
8. Message Authentication Code (MAC) - digital signature for data integrity
9. Digital Signature - process to verify a message has not been altered
10. Digital Signatures - digital signatures used in digital currency transactions
11. Symmetric Key Cryptography - use of the same key for both encryption and decryption
12. Public-Key Cryptography - use of two keys for different purposes
13. Elliptic Curve Diffie-Hellman (ECDSA) - ECIES protocol
14. RSA Encryption - public-key method for creating symmetric key pairs
15. Advanced Encryption Standard (AES) - block cipher standard
16. Elliptic Curve Elliptic Curves (ECC) - alternative elliptic curves encryption algorithm
17.",advanced aes algorithm altered alternative and authentication based been bit block blocks both characters cipher code creating cryptography currency curve curve-based curves data decryption different diffie-hellman digital ecc ecdsa ecies elliptic encryption encrypts for has hashing hidden integrity into key keys mac mechanics message method not one pairs principles process protocol public-key purposes quantum rsa same secure signature signatures standard steganography storage stream string symmetric that the time transactions transformation transmission two units use used using verify
cryptography,evasive,9,"Here are 256 domain-specific terms and jargon related to cryptography:

1. Hash functions (HMAC)
2. Public key infrastructure (PKI)
3. Elliptic curve cryptography (ECC)
4. Quantum computing security
5. Stream ciphers (AES/CTR)
6. Hybrid encryption schemes
7. Elliptic curve digital signature algorithm (ECDSA)
8. Multi-party computation (MPCs)
9. Zero-knowledge proofs (ZKPs)
10. Secure multiparty computation (SMPCs)
11. Secure multi-party aggregation (SMAGs)
12. Zero-knowledge agreement protocols (ZKAPs)
13. Key escrow (KRKS)
14. Secure multiparty verification (SMVPs)
15. Non-interactive zero-knowledge proof (NIKPs)
16. Elliptic curve identity-based encryption (ECIES)
17. Secure multi-party identification (SMID)
18. Quantum secret sharing (QSS)
19. Multisignature systems
20. Cryptographic hash-based signatures (CHBS)
21. Universal hashing with cryptographic seeds (UHCDS)
22. Secure multi-party evaluation (SMSVE)
2",aes aggregation agreement algorithm and are chbs ciphers computation computing cryptographic cryptography ctr curve digital domain-specific ecc ecdsa ecies elliptic encryption escrow evaluation functions hash hash-based hashing here hmac hybrid identification identity-based infrastructure jargon key krks mpcs multi-party multiparty multisignature nikps non-interactive pki proof proofs protocols public qss quantum related schemes secret secure security seeds sharing signature signatures smags smid smpcs smsve smvps stream systems terms uhcds universal verification with zero-knowledge zkaps zkps
cryptography,evasive,10,"1. Cryptographic hash function
2. Hash table
3. Message authentication code (MAC)
4. Public key encryption
5. Symmetric-key encryption
6. Digital signature
7. Hash function
8. Hash algorithm
9. Hash value
10. Cipher block chaining (CBC) mode
11. Key establishment protocol
12. Key exchange method
13. Digital envelope
14. Block cipher
15. Hash function
16. Message digest
17. Hash function
18. Message authentication code (MAC)
19. Hash function
20. Hash function
21. Cipher block chaining (CBC) mode
22. Hash value
23. Hash function
24. Hash function
25. Hash function
26. Hash function
27. Hash function
28. Hash function
29. Hash function
30. Hash function
31. Hash function
32. Hash function
33. Hash function
34. Hash function
35. Hash function
36. Hash function
37. Hash function
38. Hash function
39. Hash function
40. Hash function
41",algorithm authentication block cbc chaining cipher code cryptographic digest digital encryption envelope establishment exchange function hash key mac message method mode protocol public signature symmetric-key table value
cryptography,destructive,1,"1. Cryptography - The science of secure communication using secret codes.
2. Forgery - Altering documents or information to appear as though they were original.
3. Tamper - To disrupt, change, or obstruct something that is already existing.
4. Encryption - The process of converting data into an unreadable form for those who do not have the key to decrypt it.
5. Decryption - The reverse of encryption, restoring the data from its encrypted state.
6. Forgery Scam - A deceptive scheme used to trick individuals into giving their passwords or credit card information to unknown actors.
7. Cybercrime - Criminal activities conducted online involving computer systems and internet communications.
8. Identity Theft - Illegally obtaining someone's personal information through fraudulent means, which can be maliciously exploited.
9. Robbering - Stealing money, property, or other items without authorization.
10. Electronic Commerce - Transactions that take place over digital networks (such as the Internet) rather than physical ones.
11. Online Banking - The system where financial transactions occur over the internet via a personal computer.
12. Financial Fraud - Activities that involve taking advantage of fraud laws or regulations, such as stealing identity funds or committing crimes through unauthorized access.
13. Digital Fore",access activities actors advantage already altering and appear authorization banking can card change codes commerce committing communication communications computer conducted converting credit crimes criminal cryptography cybercrime data deceptive decrypt decryption digital disrupt documents electronic encrypted encryption existing exploited financial for fore forgery form fraud fraudulent from funds giving have identity illegally individuals information internet into involve involving items its key laws maliciously means money networks not obstruct obtaining occur ones online original other over passwords personal physical place process property rather regulations restoring reverse robbering scam scheme science secret secure someone's something state stealing such system systems take taking tamper than that the theft their they those though through transactions trick unauthorized unknown unreadable used using via were where which who without
cryptography,destructive,2,"1. Decryption
2. Forgery
3. Tamper
4. Cryptography
5. Key Management
6. Hashing
7. Public Key Infrastructure (PKI)
8. Private Key
9. Digital Signatures
10. Digital Rights Management (DRM)
11. Elliptic Curve Cryptography (ECC)
12. Nonce
13. RSA Algorithm
14. SHA-256
15. AES Encryption
16. SSH
17. SSL/TLS
18. PKCS#1 v1.5
19. HMAC
20. RSA Key Pair
21. Bitwise XOR
22. AES-256
23. TLS
24. SSH Public Key Authentication (PKAC)
25. ECIES
26. Diffie-Hellman key exchange
27. ECDH (Elliptic Curve Diffie-Hellman)
28. RSA key size limit
29. ECC public keys
30. TLS encryption modes
31. SSH tunneling
32. SSH key management
33. HTTPS
34. SSH protocol version 2 (SSHv2)",aes algorithm authentication bitwise cryptography curve decryption diffie-hellman digital drm ecc ecdh ecies elliptic encryption exchange forgery hashing hmac https infrastructure key keys limit management modes nonce pair pkac pkcs pki private protocol public rights rsa sha signatures size ssh sshv ssl tamper tls tunneling version xor
cryptography,destructive,3,"1. Cryptography Decryption
2. Forgery Cryptanalysis
3. Tamper Detection
4. Cryptographic Key Exchange
5. Password Forensics
6. Digital Rights Management (DRM)
7. Hash Function Encryption
8. Symmetric Cryptosystems
9. Asymmetric Cryptosystems
10. Cryptovigilance
11. Cryptojacking
12. Cryptoextortion
13. Cryptovoting
14. Cryptocurrency Mining
15. Cryptofraud
16. Blockchain Security
17. Public-Key Infrastructure (PKI) Cryptography
18. Biometric Identification
19. Blockchain-Based Cryptography
20. Tokenization
21. Virtual Currency Cryptography
22. Cryptocurrency Mining
23. Blockchain Network Security
24. CryptoLocker
25. CryptoJacking Prevention
26. Blockchain Technology
27. Cryptojacking Mitigation
28. Blockchain Privacy
29. CryptoPunk
30. CryptoScam
31. Blockchain-Based Cryptographic Techniques
32. CryptoDestruction
33. CryptoCrimes
34. CryptoLocker Exclusion
35. CryptoLocker",asymmetric biometric blockchain blockchain-based cryptanalysis cryptocrimes cryptocurrency cryptodestruction cryptoextortion cryptofraud cryptographic cryptography cryptojacking cryptolocker cryptopunk cryptoscam cryptosystems cryptovigilance cryptovoting currency decryption detection digital drm encryption exchange exclusion forensics forgery function hash identification infrastructure key management mining mitigation network password pki prevention privacy public-key rights security symmetric tamper techniques technology tokenization virtual
cryptography,destructive,4,"1. Cryptanalysis
2. Key Exchange
3. Ciphertext
4. Hashing
5. Symmetric Encryption
6. Asymmetric Encryption
7. Digital Signature
8. Hash Message Authentication Code (HMAC)
9. Secure Socket Layer (SSL)/TLS
10. Secure Hash Algorithm (SHA-256)
11. Message Digest (MD5)
12. Block Cipher
13. Stream Cipher
14. Hash Table
15. Hash Function
16. Encryption Standard
17. Block Chain
18. Crypto-Policy Management
19. Hash Chain
20. Elliptic Curve Cryptography (ECC)
21. Message Authentication Code (MAC)
22. Keypair
23. Elliptic Curve Digital Signature Algorithm (ECDSA)
24. Public-Key Infrastructure (PKI)
25. Hash Based Message Authentication Codes (HBMACs)
26. Zero-Knowledge Argument
27. Digital Forgery Detection System
28. Digital Signage
29. Bit-Sensitive
30. Key Exchange Protocol
31. Cryptographic Hash Function
32. Message Integrity Verification (MIV)
33. Digital",algorithm argument asymmetric authentication based bit-sensitive block chain cipher ciphertext code codes cryptanalysis crypto-policy cryptographic cryptography curve detection digest digital ecc ecdsa elliptic encryption exchange forgery function hash hashing hbmacs hmac infrastructure integrity key keypair layer mac management message miv pki protocol public-key secure sha signage signature socket ssl standard stream symmetric system table tls verification zero-knowledge
cryptography,destructive,5,"1. Cryptanalysis
2. Digital signature
3. Hash function
4. Key management
5. Message authentication code (MAC)
6. Encryption algorithm
7. Ciphertext-only attack
8. Homomorphic encryption
9. Quantum key distribution (QKD)
10. Blind decoding
11. Key escrow
12. Certificateless cryptography
13. Elliptic curve cryptography (ECC)
14. Nonces
15. Block cipher
16. Asymmetric cryptography
17. Public-key infrastructure (PKI)
18. Zero-knowledge proofs
19. Hash-based encryption (HBe)
20. Signature scheme
21. Hybrid encryption
22. Symmetric-key cryptography
23. Post-quantum cryptography
24. Secure multiparty computation (MPC)
25. Digital envelope system
26. Zero knowledge proof
27. RSA public key encryption
28. Quantum key distribution (QKD)
29. Hashing functions
30. Secure multi-party computation (SMC)
31. Elliptic curve-based cryptography (ECB)
32. Fully homomorphic encryption (FHE)
33. Hash-based signature schemes",algorithm asymmetric attack authentication blind block certificateless cipher ciphertext-only code computation cryptanalysis cryptography curve curve-based decoding digital distribution ecb ecc elliptic encryption envelope escrow fhe fully function functions hash hash-based hashing hbe homomorphic hybrid infrastructure key knowledge mac management message mpc multi-party multiparty nonces pki post-quantum proof proofs public public-key qkd quantum rsa scheme schemes secure signature smc symmetric-key system zero zero-knowledge
cryptography,destructive,6,"1. Cryptanalysis - Breaking encryption schemes
2. Cipher - Algorithm used for encrypting data
3. Hash function - A one-way function that produces a fixed-size string of bytes as an output
4. Encryption algorithm - Method used for converting plaintext into ciphertext
5. Key exchange - Mechanism for establishing a shared secret key between two or more parties
6. Public-key cryptography - Use of two keys (public and private) for secure communication
7. Digital signature - Creation of a digital certificate with the recipient's public key proving the signer's identity
8. Trapdoor function - Function designed such that the degree of difficulty is inversely proportional to its size
9. Asymmetric cryptography - Use of different keys for both encryption and decryption
10. RSA - Public-key cryptosystem based on the factoring problem
11. Elliptic curve cryptography - Uses elliptic curves for secure communications
12. Digital envelope - Used in cryptographic protocols to ensure data integrity
13. Hash-based message authentication code (HMAC) - Encapsulates messages using hash functions to provide security
14. Quantum cryptography - Utilizes quantum computing capabilities for secure encryption
15. Zero-knowledge proof - Allows a party to prove knowledge of information",algorithm allows and asymmetric authentication based between both breaking bytes capabilities certificate cipher ciphertext code communication communications computing converting creation cryptanalysis cryptographic cryptography cryptosystem curve curves data decryption degree designed different difficulty digital elliptic encapsulates encrypting encryption ensure envelope establishing exchange factoring fixed-size for function functions hash hash-based hmac identity information integrity into inversely its key keys knowledge mechanism message messages method more one-way output parties party plaintext private problem produces proof proportional protocols prove provide proving public public-key quantum recipient's rsa schemes secret secure security shared signature signer's size string such that the trapdoor two use used uses using utilizes with zero-knowledge
cryptography,destructive,7,"cryptography, key exchange, hash function, encryption algorithm, digital signature, cryptographic analysis, rainbow tables, brute force attacks, hash table, hash function, salted encryption, obfuscation, encryption key recovery, digital fingerprinting, hash-based message authentication, digital certificates, hash functions, hash-based message integrity checks, hash-based data verification, hash table look-up, hash collision attack, hash-based signature, cryptanalysis, hash based authentication, hash table, hash-based security testing, hash-based access control, hash-based data integrity check, hash-based data integrity testing, hash-based secure key exchange, hash-based session identifier, hash-based digital signatures, hash-based digital fingerprints, hash-based digital watermarks, hash-based data protection, hash-based digital authentication, hash-based digital signature verification, hash-based digital fingerprinting, hash-based digital watermarking, hash-based digital certificate validation, hash-based digital signature confirmation, hash-based digital signature signing, hash-based digital watermarking, hash-based digital content protection, hash-based digital watermarking, hash-based digital signature evaluation, hash-based digital fingerprinting, hash-based digital watermarking, hash-based digital signature application, hash-based digital fingerprinting application, hash-based digital watermarking application, hash-based digital content protection application, hash-based digital watermarking",access algorithm analysis application attack attacks authentication based brute certificate certificates check checks collision confirmation content control cryptanalysis cryptographic cryptography data digital encryption evaluation exchange fingerprinting fingerprints force function functions hash hash-based identifier integrity key look-up message obfuscation protection rainbow recovery salted secure security session signature signatures signing table tables testing validation verification watermarking watermarks
cryptography,destructive,8,"1. Cryptanalysis
2. Cryptanalytic techniques
3. Digital signatures
4. Ciphertext
5. Key distribution
6. Encryption method
7. Key exchange process
8. Message authentication codes (MACs)
9. Asymmetric encryption
10. Public key infrastructure (PKI)
11. Hash function
12. Shamir's secret sharing scheme
13. Elliptic curve cryptography (ECC)
14. Hash-based one-time pad (HOTP)
15. Public-key cryptosystems
16. Secure multiparty computation (MPC)
17. RSA signature schemes
18. Nonces in PKS
19. AES mode of operation
20. Bitwise operations
21. AES-256 encryption algorithm
22. ElGamal cipher
23. Liskov trust chain model
24. PSS pre-shuffled SDES
25. DES block ciphers
26. RC4 stream ciphers
27. HMAC-based message authentication codes (MAKs)
28. ECC prime fields
29. Elgamal encryption technique
30. Paillier cryptography
31. GPG public key infrastructure",aes algorithm asymmetric authentication bitwise block chain cipher ciphers ciphertext codes computation cryptanalysis cryptanalytic cryptography cryptosystems curve des digital distribution ecc elgamal elliptic encryption exchange fields function gpg hash hash-based hmac-based hotp infrastructure key liskov macs maks message method mode model mpc multiparty nonces one-time operation operations pad paillier pki pks pre-shuffled prime process pss public public-key rsa scheme schemes sdes secret secure shamir's sharing signature signatures stream technique techniques trust
cryptography,destructive,9,"1. **Decryption Forgery**  
2. **Tamper Detection**  
3. **Secure Key Management**  
4. **Hash Function Encryption**  
5. **Cryptanalysis Techniques**  
6. **Symmetric Key Cryptography**  
7. **Asymmetric Key Cryptography**  
8. **Key Expansion**  
9. **Crypto-Policy Analysis**  
10. **Crypto-Signature**  
11. **Crypto-Scrambling Algorithm**  
12. **Digital Signature Verification**  
13. **Cipher Text Recovery**  
14. **Key Exchange Protocols**  
15. **Ciphertext-Hiding Mechanisms**  
16. **Block Cipher Modes**  
17. **Plaintext Reassembly**  
18. **Pre-Hashing Algorithms**  
19. **Nonce Generation**  
20. **Hash Message Authentication Codes (HMACs)**  
21. **Message Authentication Code (MAC)**  
22. **Key Agreement Protocol**  
23. **Encryption Scheme Security**  
24. **Signature-Based Cryptographic Hash Functions**  
25. **Password Protection Systems**  
26. **Cryptographically Secure Random Number Generators**  
2",agreement algorithm algorithms analysis asymmetric authentication block cipher ciphertext-hiding code codes cryptanalysis crypto-policy crypto-scrambling crypto-signature cryptographic cryptographically cryptography decryption detection digital encryption exchange expansion forgery function functions generation generators hash hmacs key mac management mechanisms message modes nonce number password plaintext pre-hashing protection protocol protocols random reassembly recovery scheme secure security signature signature-based symmetric systems tamper techniques text verification
cryptography,destructive,10,"1. Decryption Forgery  
2. Tamper Detection  
3. Cryptographic Security  
4. Digital Signature Verification  
5. Data Integrity Checking  
6. Cryptanalysis Techniques  
7. Hash Function Analysis  
8. Public Key Infrastructure (PKI)  
9. Key Management Systems (KMS)  
10. Electronic Signatures  
11. Secure Communication Protocols  
12. Secure Coding Practices  
13. Hash Functions for Encryption  
14. Digital Certificates  
15. Encryption Algorithms  
16. Digital Rights Management (DRM)  
17. Secure Boot Mechanisms  
18. Crypto Keys Management  
19. Cryptographic Key Exchange  
20. Digital Certificate Authorities (DCAs)  
21. Elliptic Curve Cryptography (ECC)  
22. Advanced Encryption Standard (AES)  
23. Block Ciphers  
24. Stream Ciphers  
25. Symmetric-Key Cryptography  
26. Public-Key Cryptosystems  
27. Digital Signature Algorithms (DSBs)  
28. Hash Functions  
29. Digital Inverse Functions  
30. RSA Cryptography  
31. ElGamal Cryptography  
32. Diffie-Hellman",advanced aes algorithms analysis authorities block boot certificate certificates checking ciphers coding communication cryptanalysis crypto cryptographic cryptography cryptosystems curve data dcas decryption detection diffie-hellman digital drm dsbs ecc electronic elgamal elliptic encryption exchange for forgery function functions hash infrastructure integrity inverse key keys kms management mechanisms pki practices protocols public public-key rights rsa secure security signature signatures standard stream symmetric-key systems tamper techniques verification
social_engineering,defensive,1,"1. Social Engineering Awareness Training
2. Advanced Social Engineering Techniques
3. Phishing Attacks Identification
4. Spear-Phishing Tactics
5. Malicious Email Scams
6. User ID Theft
7. Denial-of-Services Attack
8. Account Hijacking
9. Social Media Manipulation
10. Web Scraping and Data Breach
11. Insider Threat Management
12. Social Proof Manipulation
13. Phishing Detection Algorithms
14. Social Proof Engagement
15. Social Proof Perception
16. Cybersecurity Best Practices
17. Social Engineering Attack Analysis
18. Social Engineering Scenarios
19. Social Engineering Vulnerabilities
20. Social Engineering Tactics Implementation
21. Social Engineering Tools Development
22. Social Engineering Tactics Execution
23. Social Engineering Response Planning
24. Social Engineering Incident Response
25. Social Engineering Threat Intelligence
26. Social Engineering Scam Identification
27. Social Engineering Scam Prevention
28. Social Engineering Threats Mitigation
29. Social Engineering Scammers Identification
30. Social Engineering Scammers Response
31. Social Engineering Scam Scanning
32. Social Engineering Scam",account advanced algorithms analysis and attack attacks awareness best breach cybersecurity data denial-of-services detection development email engagement engineering execution hijacking identification implementation incident insider intelligence malicious management manipulation media mitigation perception phishing planning practices prevention proof response scam scammers scams scanning scenarios scraping social spear-phishing tactics techniques theft threat threats tools training user vulnerabilities web
social_engineering,defensive,2,"1. Social Engineering Awareness Training (SGET)
2. Social Engineering Verification (SEV)
3. Social Engineering Attacks (SOEs)
4. Psychological Impact on Victims (PIVs) 
5. Phishing Attacks
6. Email Attack Tactics (ETs)
7. Denial of Service (DoS) Techniques
8. Social Engineering Scanning
9. Exploitation Strategies (ES)
10. Social Engineering Response Framework (SFERF)
11. Spearphishing Attacks
12. Online Fraud Detection Techniques (OFDT)
13. Social Engineering Vulnerability Assessments (SEVA)
14. Social Engineering Threat Modeling (SETM)
15. Social Engineering Attack Simulation
16. Social Engineering Forensic Analysis (SEFA)
17. Social Engineering Threat Intelligence (SETI)
18. Social Engineering Botnet Exploitation Strategy (SBES)
19. Social Engineering Proof-of-Concept (SOCP)
20. Social Engineering Scavenger Hunt (SECH)
21. Social Engineering Reconnaissance (SER)
22. Social Engineering Target Acquisition (SETA)
23. Social Engineering Eavesdropping (SEE)
24. Social Engineering Network Scouting (SONS)
25",acquisition analysis assessments attack attacks awareness botnet denial detection dos eavesdropping email engineering ets exploitation forensic framework fraud hunt impact intelligence modeling network ofdt online phishing pivs proof-of-concept psychological reconnaissance response sbes scanning scavenger scouting sech see sefa ser service seta seti setm sev seva sferf sget simulation social socp soes sons spearphishing strategies strategy tactics target techniques threat training verification victims vulnerability
social_engineering,defensive,3,"1. Social Engineering - The art of exploiting human weaknesses to trick people into revealing sensitive information or taking action.
2. Psychological Manipulation - The technique used by hackers or social engineers to influence an individual's behavior or decision-making.
3. Phishing - A form of social engineering where cybercriminals send emails pretending to be from a legitimate company, asking for personal information such as passwords, credit card numbers, and account details.
4. Ransomware - A type of malware that encrypts sensitive data, causing users to pay a ransom (usually $10-50) to release it.
5. Man-in-the-Middle attack - An attack that occurs when a third party intercepts communication between two parties.
6. SQL Injection - A type of web application exploit where an attacker uses SQL code embedded in an HTTP request to gain unauthorized access or modify data on a website.
7. Cross-Site Scripting (XSS) - A vulnerability where an attacker injects malicious scripts into web pages loaded over another site, usually from a different domain.
8. Bypass Techniques - Any method used by attackers to avoid security protocols and restrictions set by organizations.
9. Denial-of-service attacks - A form of network attack where multiple systems are attacked simultaneously to overload them",access account action and another any application are art asking attack attacked attacker attackers attacks avoid behavior between bypass card causing code communication company credit cross-site cybercriminals data decision-making denial-of-service details different domain emails embedded encrypts engineering engineers exploit exploiting for form from gain hackers http human individual's influence information injection injects intercepts into legitimate loaded malicious malware man-in-the-middle manipulation method modify multiple network numbers occurs organizations over overload pages parties party passwords pay people personal phishing pretending protocols psychological ransom ransomware release request restrictions revealing scripting scripts security send sensitive set simultaneously site social sql such systems taking technique techniques that the them third trick two type unauthorized used users uses usually vulnerability weaknesses web website when where xss
social_engineering,defensive,4,"1. Social engineering attack
2. Ransomware infection
3. Phishing simulation
4. User behavior analysis
5. Social engineering vulnerability assessment
6. Identity theft exploitation
7. Malware distribution strategy
8. Social proof manipulation
9. Relying on human intuition
10. Scam identification techniques
11. Social media monitoring
12. Social engineering phishing attempt
13. Cyberbullying tactics
14. Social engineering penetration testing
15. Online identity theft protection
16. Insider threat management
17. Social engineering spear-phishing campaign
18. Psychological attack tactics
19. Social networking platform vulnerability assessment
20. Social engineering deception scheme
21. Social engineering social engineering communication technique
22. Social engineering social engineering psychological impact
23. Social engineering deception game
24. Social engineering social engineering ethical evaluation
25. Social engineering social engineering social engineering psychology
26. Social engineering social engineering cyber security research
27. Social engineering social engineering cyber attacks
28. Social engineering social engineering cybersecurity strategies
29. Social engineering social engineering social engineering education
30. Social engineering social engineering social engineering software
31. Social engineering social",analysis assessment attack attacks attempt behavior campaign communication cyber cyberbullying cybersecurity deception distribution education engineering ethical evaluation exploitation game human identification identity impact infection insider intuition malware management manipulation media monitoring networking online penetration phishing platform proof protection psychological psychology ransomware relying research scam scheme security simulation social software spear-phishing strategies strategy tactics technique techniques testing theft threat user vulnerability
social_engineering,defensive,5,"1. Social Engineering (n.) – The art and science of manipulating people into divulging confidential information or taking an action they did not intend.
2. Password Awareness Training (N/A) – A formal educational program designed to teach individuals how to protect their personal data through secure password choices and management practices.
3. Credential Hacking (N/A) – An act of gaining unauthorized access to system accounts or services using stolen credentials.
4. Spear Phishing (n.) – An email or text message that targets a specific individual to trick them into clicking on a link, providing fraudulent details about another person’s identity for further exploitation.
5. Email Spoofing (N/A) – The process of disguising a legitimate sender as a malicious or deceptive one via multiple means such as disguise, obfuscation, and deception.
6. User ID Management (N/A) – Techniques used to manage user IDs and track their activity within an organization's systems without being detected or traced.
7. Credential Bruteforcing (N/A) – The process of systematically testing various password lengths, character types, and other factors to find weak passwords among users’ databases.
8. Phishing Scam (N/A) – An internet-based attack that involves sending false emails with links to gain",about access accounts act action activity among and another art attack awareness being bruteforcing character choices clicking confidential credential credentials data databases deception deceptive designed details detected did disguise disguising divulging educational email emails engineering exploitation factors false find for formal fraudulent further gain gaining hacking how identity ids individual individuals information intend internet-based into involves legitimate lengths link links malicious manage management manipulating means message multiple not obfuscation one organization's other password passwords people person personal phishing practices process program protect providing scam science secure sender sending services social spear specific spoofing stolen such system systematically systems taking targets teach techniques testing text that the their them they through traced track training trick types unauthorized used user users using various via weak with within without
social_engineering,defensive,6,"social engineering
social networking
spoofing
tricking
phishing
misinformation
identity theft
cybersecurity
exploitation
malware
backdoor
vulnerability
attack surface
mitigation
white hat
black hat
ethical hacking
honeypot
red team operation
shadowsocks
MITM
SQL injection
cross-site scripting
script kiddies
botnet
virus
rootkit
malicious software
wanna-be malware
backdoor trojan
zero-day exploit
advanced persistent threat
network security audit
infrastructure as code
penetration testing
data encryption
man-in-the-middle attack
phishing website
web application vulnerability
suspicious activity log
end-to-end encryption
attestation certificate
certificateless cryptography
digital rights management
virtual private network (VPN)
sophisticated social engineering tactics
unauthorized access
credentials stealing
account compromise
sensitive information leakage
internal network penetration
external networks
remote desktop access
mobile app attacks
botnet infection
DDoS attack
password guessing attack
command and control communication
social engineering techniques
social engineering strategies
social engineering exercises
social engineering threats
social engineering vulnerabilities
social engineering phishing
social engineering countermeasures
social",access account activity advanced and app application attack attacks attestation audit backdoor black botnet certificate certificateless code command communication compromise control countermeasures credentials cross-site cryptography cybersecurity data ddos desktop digital encryption end-to-end engineering ethical exercises exploit exploitation external guessing hacking hat honeypot identity infection information infrastructure injection internal kiddies leakage log malicious malware man-in-the-middle management misinformation mitigation mitm mobile network networking networks operation password penetration persistent phishing private red remote rights rootkit script scripting security sensitive shadowsocks social software sophisticated spoofing sql stealing strategies surface suspicious tactics team techniques testing theft threat threats tricking trojan unauthorized virtual virus vpn vulnerabilities vulnerability wanna-be web website white zero-day
social_engineering,defensive,7,"1. Social engineering attack
2. Red team engagement
3. Social engineering tactics
4. Psychological manipulation
5. Spear-phishing attempt
6. Email spoofing
7. Phishing simulation
8. Botnet infiltration
9. Remote procedure call (RPC) injection
10. Trojan horse installation
11. Denial of Service (DoS)
12. Social engineering proofreading
13. Password brute-force attack
14. Man-in-the-Middle (MitM) attack
15. Online identity theft
16. Social engineering detection
17. Social engineering testing
18. Cybersecurity risk assessment
19. Social engineering evasion techniques
20. Social engineering exploitation
21. Social engineering evidence gathering
22. Social engineering vulnerability analysis
23. Social engineering penetration testing
24. Social engineering forensic investigation
25. Social engineering phishing campaign
26. Social engineering malware distribution
27. Social engineering botnet operation
28. Social engineering data collection
29. Social engineering compromise
30. Social engineering communication methods
31. Social engineering communication channels
32. Social engineering communication strategies
33. Social engineering communication patterns
34",analysis assessment attack attempt botnet brute-force call campaign channels collection communication compromise cybersecurity data denial detection distribution dos email engagement engineering evasion evidence exploitation forensic gathering horse identity infiltration injection installation investigation malware man-in-the-middle manipulation methods mitm online operation password patterns penetration phishing procedure proofreading psychological red remote risk rpc service simulation social spear-phishing spoofing strategies tactics team techniques testing theft trojan vulnerability
social_engineering,defensive,8,"1. Social Engineering
2. Phishing
3. Spear Phishing
4. Denial of Service (DoS)
5. Spoofing
6. Impersonation
7. Ransomware
8. Backdoor
9. Brute Force
10. Password Cracking
11. Credential Theft
12. Social Media Manipulation
13. Identity Theft
14. Man-in-the-Middle
15. Malware Scanning
16. Botnet
17. Web of Trust
18. Denial of Service (DoS)
19. Exploit
20. Zero-Day Bug
21. Exploitation
22. Cybersecurity Assessment
23. Penetration Testing
24. Threat Intelligence
25. Social Proof
26. Social Responsibility
27. Soft skills
28. Ethical Hacking
29. Privilege Escalation
30. Privilege Disclosure
31. User Experience
32. Social Engineering Techniques
33. Social Proof Effect
34. Digital Literacy
35. Social Engineering Awareness Training
36. Social Engineering Vulnerability Assessment
37. Social Engineering Response Plan",assessment awareness backdoor botnet brute bug cracking credential cybersecurity denial digital disclosure dos effect engineering escalation ethical experience exploit exploitation force hacking identity impersonation intelligence literacy malware man-in-the-middle manipulation media password penetration phishing plan privilege proof ransomware response responsibility scanning service skills social soft spear spoofing techniques testing theft threat training trust user vulnerability web zero-day
social_engineering,defensive,9,"1. Social Engineering Awareness Training
2. Psychological Manipulation
3. Identity Theft
4. Phishing
5. Cybersecurity Training
6. Social Engineering Tactics
7. Social Engineering Scams
8. Insider Threat Management
9. Social Proof
10. Denial of Service (DoS)
11. Exploitation Techniques
12. Phishing Scam
13. User Education
14. Cyber Espionage
15. Denial of Service Attack
16. Exploit Development
17. Social Media Monopoly
18. Cybersecurity Infiltration
19. Denial of Service Attack
20. Social Engineering Attacks
21. Insider Threat Mitigation
22. Exploiting Vulnerabilities
23. Social Engineering Skills
24. Social Engineering Techniques
25. Social Engineering Scams
26. Social Engineering Tactics
27. Cyber Security Risks
28. Social Proof
29. Exploitation Methods
30. Social Engineering Scare
31. Social Engineering Attack
32. Cybersecurity Threats
33. Social Proof Communication
34. Exploiting Weaknesses
35. Social Engineering Manip",attack attacks awareness communication cyber cybersecurity denial development dos education engineering espionage exploit exploitation exploiting identity infiltration insider management manip manipulation media methods mitigation monopoly phishing proof psychological risks scam scams scare security service skills social tactics techniques theft threat threats training user vulnerabilities weaknesses
social_engineering,defensive,10,awareness-training verification phishing deception social engineering skills social engineering tactics social engineering techniques insider knowledge offensive cyber attack identity theft social engineering methods social engineering attacks social engineering tactics social engineering psychology code breaking network reconnaissance impersonation social engineering strategies,attack attacks awareness-training breaking code cyber deception engineering identity impersonation insider knowledge methods network offensive phishing psychology reconnaissance skills social strategies tactics techniques theft verification
social_engineering,educational,1,"1. Psychological manipulation  
2. Cognitive dissonance  
3. Social loafing  
4. Cognitive biases  
5. Social proof  
6. Confirmation bias  
7. Self-presentation  
8. Ethical hacking  
9. Social engineering techniques  
10. Identity theft  
11. Cyberbullying  
12. Emotional manipulation  
13. Phishing attack  
14. Email marketing  
15. Social media influencer campaigns  
16. Online scams  
17. Social proof behavior  
18. Psychological defense mechanisms  
19. Persuasion tactics  
20. Psychological impact  
21. Social network analysis  
22. Online identity management  
23. Social networking sites  
24. Influence polls  
25. Social comparison  
26. Social desirability bias  
27. Conformity psychology  
28. Social media ethics  
29. Personalization  
30. Targeted messaging  
31. Social media monitoring  
32. Online reputation management  
33. Social proof effects  
34. Social desirability effect  
35. Incentive-based persuasion  
36. Social approval theory  
37. Social facilitation  
38. Peer influence  
3",analysis approval attack behavior bias biases campaigns cognitive comparison confirmation conformity cyberbullying defense desirability dissonance effect effects email emotional engineering ethical ethics facilitation hacking identity impact incentive-based influence influencer loafing management manipulation marketing mechanisms media messaging monitoring network networking online peer personalization persuasion phishing polls proof psychological psychology reputation scams self-presentation sites social tactics targeted techniques theft theory
social_engineering,educational,2,"1. Social engineering technique
2. Psychological manipulation
3. Influence of social media on communication
4. Ransomware attack tactics
5. Spear phishing method
6. Information gathering techniques
7. Social proof influencing decisions
8. Psychological disinformation strategy
9. Emotional intelligence skills
10. Cognitive biases in deception
11. Influence of online reputation management
12. Psychological impact of fake news exposure
13. Influence of social media algorithms
14. Influence of emotional appeal in advertising
15. Influence of social network groups
16. Influence of peer pressure in decision-making
17. Influence of personal information sharing
18. Influence of cyberbullying techniques
19. Influence of selective sharing within communities
20. Influence of social identity formation
21. Influence of groupthink in decision-making processes
22. Influence of peer pressure in career choice
23. Influence of social networks for business purposes
24. Influence of social networking sites for education
25. Influence of online forums for learning
26. Influence of school bullying in society
27. Influence of online gaming community dynamics
28. Influence of virtual reality simulation techniques
29. Influence of social",advertising algorithms appeal attack biases bullying business career choice cognitive communication communities community cyberbullying deception decision-making decisions disinformation dynamics education emotional engineering exposure fake for formation forums gaming gathering groups groupthink identity impact influence influencing information intelligence learning management manipulation media method network networking networks news online peer personal phishing pressure processes proof psychological purposes ransomware reality reputation school selective sharing simulation sites skills social society spear strategy tactics technique techniques virtual within
social_engineering,educational,3,"1. Social Proof
2. Influence
3. Psychological Persuasion
4. Persuasion
5. Cognitive Dissonance
6. Social Learning Theory
7. Ethical Hacking Techniques
8. Social Engineering Tactics
9. Social Engineering Techniques
10. Social Engineering Tactics Analysis
11. Psychological Attacks
12. Social Engineering Infiltration
13. Social Engineering Reconnaissance
14. Social Engineering Exploitation
15. Social Engineering Intrusion
16. Social Engineering Manipulation
17. Social Engineering Tactics Execution
18. Social Engineering Tactics Execution Analysis
19. Social Engineering Attack Planning
20. Social Engineering Attack Response
21. Social Engineering Exploit Strategy
22. Social Engineering Exploit Response
23. Social Engineering Intrusion Prevention
24. Social Engineering Infiltration Detection
25. Social Engineering Infiltration Mitigation
26. Social Engineering Threat Assessment
27. Social Engineering Threat Escalation
28. Social Engineering Threat Identification
29. Social Engineering Threat Exposure
30. Social Engineering Threat Mitigation
31. Social Engineering Threat Simulation
32. Social Engineering Threat Scanning
33. Social",analysis assessment attack attacks cognitive detection dissonance engineering escalation ethical execution exploit exploitation exposure hacking identification infiltration influence intrusion learning manipulation mitigation persuasion planning prevention proof psychological reconnaissance response scanning simulation social strategy tactics techniques theory threat
social_engineering,educational,4,"1. Psychological Manipulation 
2. Social Engineering Attack 
3. Influence Techniques 
4. Psychological Control 
5. Social Engineering Tactics 
6. Persuasion Art 
7. Psychological Deception 
8. Social Engineering Technique 
9. Psychological Pressure 
10. Social Engineering Impact 
11. Psychological Satire 
12. Social Engineering Strategy 
13. Psychological Sabotage 
14. Social Engineering Tactics 
15. Psychological Disguise 
16. Social Engineering Manipulation 
17. Psychological Exploitation 
18. Social Engineering Skill 
19. Psychological Influence 
20. Social Engineering Scam 
21. Psychological Subterfuge 
22. Social Engineering Deception 
23. Psychological Trickery 
24. Social Engineering Misrepresentation 
25. Psychological Suggestion 
26. Social Engineering Influence 
27. Psychological Prowession 
28. Social Engineering Assault 
29. Psychological Implication 
30. Social Engineering Ploy 
31. Psychological Manipulatoin 
32. Social Engineering Influence 
33. Psychological Manipulation Technique 
34. Social Engineering Influence Technique 
35. Psychological Disguise Technique 
36. Social Engineering",art assault attack control deception disguise engineering exploitation impact implication influence manipulation manipulatoin misrepresentation persuasion ploy pressure prowession psychological sabotage satire scam skill social strategy subterfuge suggestion tactics technique techniques trickery
social_engineering,educational,5,"Certainly! Here is a list of twenty-five (25) specific social engineering terms and terms within your specified context:

1. **Psychology Persuasion Influence**
2. **Social Proof**
3. **Echo Chamber Effect**
4. **Social Engineering Techniques**
5. **Liberation of Information**
6. **Informational Fallacy**
7. **Social Engineering Tactics**
8. **Psychological Manipulation**
9. **Spear Phishing**
10. **Rhetoric Influence**
11. **Surmise Technique**
12. **Deception**
13. **Phony Claim**
14. **Phony Message**
15. **Ponzi Scheme**
16. **Redemption Offer**
17. **Whistleblowing**
18. **Hacking Attack**
19. **Phoney Claims**
20. **Spamming**
21. **Email Scams**
22. **Intrusion Detection System**
23. **Identity Theft**
24. **Cyber Crime**
25. **Ransomware**",and attack certainly chamber claim claims context crime cyber deception detection echo effect email engineering fallacy hacking here identity influence information informational intrusion liberation list manipulation message offer persuasion phishing phoney phony ponzi proof psychological psychology ransomware redemption rhetoric scams scheme social spamming spear specific specified surmise system tactics technique techniques terms theft twenty-five whistleblowing within your
social_engineering,educational,6,"1. Social Engineering
2. Psychological Manipulation 
3. Influence Technique
4. Social Proof Effect
5. Social Proof Campaign
6. Social Lure
7. Social Proof Marketing
8. Persuasive Media
9. Social Cues
10. Social Proof Appeal
11. Social Proof Strategy
12. Influence Tactics
13. Influencer Psychology 
14. Social Proof Impact 
15. Psychological Manipulation Techniques  
16. Social Proof Engagement 
17. Influential Persuasion 
18. Social Proof Scenarios
19. Influenced Persuasion
20. Social Proof Tactics 
21. Social Proof Effects 
22. Social Proof Incentives 
23. Social Proof Influence 
24. Social Proof Psychology
25. Social Proof Communication
26. Social Proof Analysis
27. Social Proof Influence on Behavior
28. Social Proof Mechanism
29. Social Proof Manipulation
30. Social Proof Influence on Trust 
31. Social Proof Communication Style
32. Social Proof Incentive Mechanisms
33. Social Proof Influence on Decision Making
34. Social Proof Mechanism in Marketing
35. Social",analysis appeal behavior campaign communication cues decision effect effects engagement engineering impact incentive incentives influence influenced influencer influential lure making manipulation marketing mechanism mechanisms media persuasion persuasive proof psychological psychology scenarios social strategy style tactics technique techniques trust
social_engineering,educational,7,"1. Social Engineering
2. Phishing
3. Denial-of-Service (DoS)
4. Vetting and Security Assessment
5. Ransomware
6. Spear Phishing
7. Clickjacking
8. Impersonation
9. Social Proof Manipulation
10. Exploitation Techniques
11. Social Media Marketing
12. Cybersecurity Basics
13. Identity Theft
14. Web Application Firewall (WAF)
15. Online Tracking
16. Malware Scams
17. Botnet Infections
18. Social Fabric Influence
19. Ransomware Scams
20. Social Proof
21. Online Advertising
22. Virtual Passwords
23. Social Engineering Attacks
24. Psychological Impact Studies
25. Phishing Attempts
26. Cybersecurity Awareness Campaigns
27. Social Networking Sites
28. Social Engineering Strategies
29. Psychological Influence on Trust
30. Phishing Tactics
31. Social Proof in Education
32. Cybersecurity Threats
33. Social Engineering Skills Training
34. Social Proof in Education Context
35. Psychological Influence on Trust
3",advertising and application assessment attacks attempts awareness basics botnet campaigns clickjacking context cybersecurity denial-of-service dos education engineering exploitation fabric firewall identity impact impersonation infections influence malware manipulation marketing media networking online passwords phishing proof psychological ransomware scams security sites skills social spear strategies studies tactics techniques theft threats tracking training trust vetting virtual waf web
social_engineering,educational,8,"Sure, here's a list of specific domain-related terms and phrases that involve psychological influence for those involved in educating students or professionals working with educational systems:

1. Psychological manipulation techniques
2. Social impact theory (SIT)
3. Ethical decision-making
4. Cognitive dissonance (CD)
5. Social desirability (SD) bias
6. Emotional reasoning (ER) skills
7. Situational judgment (SJ)
8. Cognitive restructuring (CR) methods
9. Social proof effects
10. Attribution theory (AT)
11. Group dynamics analysis (GDA)
12. Deception (DE)
13. Persuasion (PRO) theories
14. In-group favoritism (IGF)
15. Self-esteem (SELF)
16. Moral reasoning (MR) models
17. Social cognition (SC) frameworks
18. Social norms (SOC)
19. Social identity (SI)
20. Social media influence
21. Power distance theory (PDT)
22. Normative standards
23. Moral hazard (MH) concepts
24. Self-interest principle (SIP)
25. Reciprocal interaction (RI)
26. Social",analysis and attribution bias cognition cognitive concepts deception decision-making desirability dissonance distance domain-related dynamics educating educational effects emotional ethical favoritism for frameworks gda group hazard here's identity igf impact in-group influence interaction involve involved judgment list manipulation media methods models moral normative norms pdt persuasion phrases power principle pro professionals proof psychological reasoning reciprocal restructuring self self-esteem self-interest sip sit situational skills soc social specific standards students sure systems techniques terms that theories theory those with working
social_engineering,educational,9,"1. Social Engineering Techniques  
2. Social Engineering Manipulation  
3. Phishing Tactics  
4. Identity Theft Scams  
5. Cyber Attacks on Students  
6. Denial of Service (DoS) Scammers  
7. Ransomware Attacks  
8. Botnets  
9. Advanced Persistent Threats (APTs)  
10. Psychological Influence Techniques  
11. Social Engineering Psychology  
12. Social Proof Effect  
13. Social Proof Culture  
14. Social Engineering Infiltration  
15. Social Engineering Influence  
16. Social Engineering Skills  
17. Social Engineering Vulnerabilities  
18. Social Engineering Awareness  
19. Social Engineering Disinformation  
20. Social Engineering Tactics  
21. Social Engineering Reconnaissance  
22. Social Engineering Exploitation  
23. Social Engineering Involvement  
24. Social Engineering Engagement  
25. Social Engineering Impact  
26. Social Engineering Strategy  
27. Social Engineering Tactics Development  
28. Social Engineering Targeting  
29. Social Engineering Analysis  
30. Social Engineering Response  
31. Social Engineering Misuse  
32. Social Engineering Risks  
33. Social Engineering Defense  
34. Social Engineering Detection",advanced analysis apts attacks awareness botnets culture cyber defense denial detection development disinformation dos effect engagement engineering exploitation identity impact infiltration influence involvement manipulation misuse persistent phishing proof psychological psychology ransomware reconnaissance response risks scammers scams service skills social strategy students tactics targeting techniques theft threats vulnerabilities
social_engineering,educational,10,"1. Psychological Impact
2. Social Engineering Manipulation
3. Cognitive Dissonance
4. Emotional Influence
5. Informed Consent
6. Suggestion Techniques
7. Ethical Hacking
8. Social Media Influence
9. Social Media Influence Techniques
10. Online Marketing Influence
11. Personalization Algorithms
12. Influence Marketing
13. Persuasion Tactics
14. Emotional Appeal
15. Social Proof Effect
16. Confirmation Bias
17. Social Comparison Culture
18. Social Proof
19. Targeted Advertising
20. Psychological Impact Analysis
21. Social Media Influence Metrics
22. Social Media Influencer Influence
23. Cybersecurity Awareness Campaigns
24. Psychological Safety
25. Behavioral Marketing
26. Digital Literacy
27. Social Media Engagement
28. Social Engineering Research
29. Psychological Saturation
30. Social Media Strategy
31. Psychological Projection
32. Social Proof Scenarios
33. Social Media Influence Paradox
34. Social Media Marketing Strategies
35. Psychological Influence Theory
36. Social Media Influence Control
37. Social Media Influence Psychology",advertising algorithms analysis appeal awareness behavioral bias campaigns cognitive comparison confirmation consent control culture cybersecurity digital dissonance effect emotional engagement engineering ethical hacking impact influence influencer informed literacy manipulation marketing media metrics online paradox personalization persuasion projection proof psychological psychology research safety saturation scenarios social strategies strategy suggestion tactics targeted techniques theory
social_engineering,offensive,1,"1. Pretexting
2. Baiting
3. Tailgating
4. Rummaging
5. Exploitation
6. Exploit
7. Phishing
8. Deception
9. Subterfuge
10. Scares
11. Scareware
12. Snipe
13. Snipe Attack
14. Tease
15. Tread
16. Steal
17. Takedown
18. Traps
19. Taint
20. Twirl
21. Twirled
22. Wraith
23. Xploit
24. XYP-Exploit
25. Yank
26. Yanked
27. Zybersecurity
28. Z-Sec
29. Z-sec
30. Zoom
31. Zenker
32. Zipper
33. Zipper Zone
34. Z-Packet
35. Zig-zag
36. Zombie
37. Zombos
38. Zealous
39. Zeal
40. Zealot
41. Ze",attack baiting deception exploit exploitation phishing pretexting rummaging scares scareware snipe steal subterfuge tailgating taint takedown tease traps tread twirl twirled wraith xploit xyp-exploit yank yanked z-packet z-sec zeal zealot zealous zenker zig-zag zipper zombie zombos zone zoom zybersecurity
social_engineering,offensive,2,"**1. Pretexting:** A scamming tactic where someone pretends to be another person or company they aren't.
**2. Baiting:** Creating an appearance that is tempting or persuasive.
**3. Tailgating:** The practice of entering places or buildings without permission, usually on a schedule.
**4. Scammer:** An individual who engages in fraudulent activities using deception and manipulation.
**5. Phishing:** An attempt to deceive people into giving personal information, often with the intent to make a transaction.
**6. Pwnage:** A malicious operation that exploits vulnerabilities in software systems or networks.
**7. Spear Phishing:** Targeted phishing designed specifically for one target rather than an entire organization.
**8. Email Spam:** Sending mass emails to large numbers of people from an email address meant for specific recipients.
**9. Credential stuffing:** Using pre-existing credentials to access more powerful accounts on websites.
**10. Social Engineering:** Methods of deceitful persuasion intended to gain trust or information about other people's security.
**11. Denial-of-Service Attack (DoS):** An attack in which an attacker floods a website or network with traffic so that it cannot function properly for legitimate users.
**12. Phishing",about access accounts activities address and another appearance aren't attack attacker attempt baiting buildings cannot company creating credential credentials deceitful deceive deception denial-of-service designed dos email emails engages engineering entering entire exploits floods for fraudulent from function gain giving individual information intended intent into large legitimate make malicious manipulation mass meant methods more network networks numbers often one operation organization other people people's permission person personal persuasion persuasive phishing places powerful practice pre-existing pretends pretexting properly pwnage rather recipients scammer scamming schedule security sending social software someone spam spear specific specifically stuffing systems tactic tailgating target targeted tempting than that the they traffic transaction trust users using usually vulnerabilities website websites where which who with without
social_engineering,offensive,3,"1. **Baiting**  
   - *Pretext*  
   - *Tailgate*  
   - *Stealth**_Attack_**_or** _**Pamphlet**_

2. **Exploitation**
   - **Scams**  
   - **Ransomware**  
   - **Phishing**

3. **Leverage**  
   - **Vantage Point**  

4. **Rallying**  
   - **Tactics**  
   - **Rumors**  

5. **Sniffing**
   - *Insider Intelligence*  

6. **Teasing**
   - *Mockingjay*  
   - *Pretense*  

7. **Wishful Thinking**
   - *Assumption*  

8. **X-factor**
   - *Targeting*  
   - *Reputation**_Falsification_**_

9. **Yield**
   - *Red Herrings*  
   - *Trickery**_Or_ _Rallying_**

10. **Zaps**
    - *Insider*  
    - *Spy**_Spice_**_
  
11. **Avoidance**
    - *P",assumption attack avoidance baiting exploitation falsification herrings insider intelligence leverage mockingjay pamphlet phishing point pretense pretext rallying ransomware red reputation rumors scams sniffing spice spy stealth tactics tailgate targeting teasing thinking trickery vantage wishful x-factor yield zaps
social_engineering,offensive,4,"1. Pretexting - Falsifying an identity or motive.
2. Baiting - Manipulating someone into divulging sensitive information without their consent.
3. Tailgating - Following someone into private spaces without permission.
4. Social Engineering (SE) - The practice of exploiting human weaknesses for malicious purposes.
5. Infiltration (IS) - Unauthorized entry into a computer system for nefarious purposes.
6. Exploit (EXPLOIT) - A trick used by attackers to gain unauthorized access to systems.
7. Malware (MWARE) - Computer programs designed to cause damage or disable other programs.
8. Social Engineering Frameworks (SFE) - Tools and techniques employed to exploit vulnerabilities in networks and systems.
9. Denial-of-Service (DOSS) - Techniques used to overwhelm a network with traffic to disrupt services.
10. Phishing - An attempt to deceive individuals into revealing confidential information about themselves or their personal circumstances.
11. Social Engineering Threats (SETT) - Attacks that use social engineering tactics to mislead users into making harmful decisions or taking actions against their own interests.
12. Insider Threat - Threats within organizations that originate from employees who possess knowledge or power over sensitive data.
13.",about access actions against and attackers attacks attempt baiting cause circumstances computer confidential consent damage data deceive decisions denial-of-service designed disable disrupt divulging doss employed employees engineering entry exploit exploiting falsifying following for frameworks from gain harmful human identity individuals infiltration information insider interests into knowledge making malicious malware manipulating mislead motive mware nefarious network networks organizations originate other over overwhelm own permission personal phishing possess power practice pretexting private programs purposes revealing sensitive services sett sfe social someone spaces system systems tactics tailgating taking techniques that the their themselves threat threats tools traffic trick unauthorized use used users vulnerabilities weaknesses who with within without
social_engineering,offensive,5,"Here is a list of domain-specific terms, jargon, and technical vocabulary related to social engineering in the context of an attack:

1. **Baiting** (A method used by attackers)
   - **Example**: ""Scrambled passwords"" or ""Phishing emails""

2. **Tailgating** (Method of identifying potential victims)
   - **Example**: ""Snitching"" or ""Social Engineering Snitching""

3. **Pretexting** (Method of inducing a victim into taking a wrong action without their knowledge)
   - **Example**: ""Exploiting a lack of awareness of security practices""
   - **Example**: ""Social Engineering Pretexts""

4. **Ransomware** (Type of malware intended as ransom)
   - **Example**: ""Ransomware that requires payment for decryption""
   - **Example**: ""Hacker uses phishing email to target a company with ransomware threat""

5. **Exploitation** (Method of gaining unauthorized access to computer systems)
   - **Example**: ""Using a vulnerability to bypass authentication""
   - **Example**: ""Exploiting a system error to take control over remote servers""

6. **Social Engineering Snitching** (Stealthy methods used to induce attacks",access action and attack attackers attacks authentication awareness baiting bypass company computer context control decryption domain-specific email emails engineering error example exploitation exploiting for gaining hacker here identifying induce inducing intended into jargon knowledge lack list malware method methods over passwords payment phishing potential practices pretexting pretexts ransom ransomware related remote requires scrambled security servers snitching social stealthy system systems tailgating take taking target technical terms that the their threat type unauthorized used uses using victim victims vocabulary vulnerability with without wrong
social_engineering,offensive,6,"1. **Pretexting** - Using deception or trickery as part of an attempt to gain access or information from someone.

2. **Baiting** - A tactic that involves attracting attention with something unpleasant or deceptive, designed to lure others into doing unwanted things.

3. **Tailgating** - The act of following vehicles heading towards the rear of a vehicle while waiting for the driver to stop or react. It is typically done to gather intelligence on the vehicle owner's behavior, often by leaving behind suspicious items such as garbage cans or trash bags.

4. **Rigging** - Any activity that takes advantage of a vulnerability in another person’s system.

5. **Lure** - To entice or attract someone or something else into your presence or action.

6. **Surprise attack** - An attempt to shock or surprise a victim by using inappropriate methods of communication without their knowledge or consent.

7. **Phishing** - The fraudulent sending of electronic messages intended to convince recipients into providing sensitive information, such as passwords or personal details.

8. **Social engineering** - The art or science of influencing people through deceptive means to get what one wants, usually without them realizing it.

9. **Threatening** - Threats or promises made",access act action activity advantage another any art attack attempt attention attract attracting bags baiting behavior behind cans communication consent convince deception deceptive designed details doing done driver electronic else engineering entice following for fraudulent from gain garbage gather get heading inappropriate influencing information intelligence intended into involves items knowledge leaving lure made means messages methods often one others owner's part passwords people person personal phishing presence pretexting promises providing react realizing rear recipients rigging science sending sensitive shock social someone something stop such surprise suspicious system tactic tailgating takes that the their them things threatening threats through towards trash trickery typically unpleasant unwanted using usually vehicle vehicles victim vulnerability waiting wants what while with without your
social_engineering,offensive,7,"1. Social Engineering 
2. Phishing 
3. Vishing 
4. Bots 
5. Malvertising 
6. SQL Injection 
7. Cross-Site Scripting (XSS) 
8. XSS Injection 
9. Buffer Overflow Attack 
10. Phising 
11. Ransomware 
12. Exploitation 
13. DDoS Attacks 
14. Metasploit Framework 
15. Web Application Protection Services (WAPS) 
16. Advanced Persistent Threats (APTs) 
17. Shadowsocks Protocol 
18. Tunneling 
19. Onion Routing 
20. SSL/TLS Certificate Validation 
21. HTTP Authentication 
22. Secure Sockets Layer (SSL) 
23. Digital Forensics 
24. Cyber Security Incident Response (CSIR) 
25. Penetration Testing 
26. Social Engineering Botnet 
27. Advanced Structured Query Language (SQL) 
28. SQL Injection Attack 
29. Data Exfiltration 
30. Social Engineering Techniques 
31. RCE (Remote Code Execution) 
32. SQL Injection Attack 
33. XSS with Pretexting",advanced application apts attack attacks authentication botnet bots buffer certificate code cross-site csir cyber data ddos digital engineering execution exfiltration exploitation forensics framework http incident injection language layer malvertising metasploit onion overflow penetration persistent phishing phising pretexting protection protocol query ransomware rce remote response routing scripting secure security services shadowsocks social sockets sql ssl structured techniques testing threats tls tunneling validation vishing waps web with xss
social_engineering,offensive,8,"1. Pretexting - The process of impersonating another person for the purpose of obtaining information or exploiting vulnerabilities.
2. Baiting - A deceptive method used to lure unsuspecting individuals into a trap or deceive them into disclosing confidential information.
3. Tailgating - The practice of searching through groups of people who are already inside a venue or building, typically using physical barriers like metal detectors, gates, or door locks.
4. Phishing - An attempt to trick an individual into divulging sensitive information, such as personal details, financial records, or passwords, by sending emails that mimic legitimate sources, but contain malicious attachments or links designed to steal data.
5. Ransomware - A malware program that encrypts data, forcing users to pay a ransom in exchange for decryption keys. It can also be used to steal personal or financial information.
6. Social Engineering - The art of manipulating others to achieve their goals through deception, often with the intent to gain unauthorized access to systems, networks, or other assets.
7. Denial of Service (DoS) - A method used by cybercriminals to overwhelm a target's computer system or network by overwhelming it with traffic from many sources simultaneously.
8. Breach - An unauthorized intrusion into a secure system or network",access achieve already also another are art assets attachments attempt baiting barriers breach building but can computer confidential contain cybercriminals data deceive deception deceptive decryption denial designed details detectors disclosing divulging door dos emails encrypts engineering exchange exploiting financial for forcing from gain gates goals groups impersonating individual individuals information inside intent into intrusion keys legitimate like links locks lure malicious malware manipulating many metal method mimic network networks obtaining often other others overwhelm overwhelming passwords pay people person personal phishing physical practice pretexting process program purpose ransom ransomware records searching secure sending sensitive service simultaneously social sources steal such system systems tailgating target's that the their them through traffic trap trick typically unauthorized unsuspecting used users using venue vulnerabilities who with
social_engineering,offensive,9,"1. Social Engineering: The art of manipulating people into committing wrong actions or divulging sensitive information.
2. Phishing: A type of social engineering where fake emails or messages attempt to trick individuals into revealing private data.
3. Baiting: A technique used for social engineering that involves sending multiple phishing emails with subtle differences in subject lines or content to entice recipients to click on malicious links.
4. Tailgating: An intrusion technique used by criminals to bypass access controls, typically requiring users to pass through an unmarked vehicle.
5. Pinger Attacks: A form of social engineering where attackers ping random IP addresses within a network to determine which hosts may be up and running.
6. Brute Force: An advanced form of social engineering where an attacker attempts to guess passwords or other user credentials by brute-forcing weak passwords.
7. Man-in-the-Middle (MitM): An attacker who intercepts communication between two parties without their knowledge and can potentially exploit vulnerabilities in protocols or software.
8. Social Engineering Scams: A class of scams designed to trick potential victims into providing personal and financial information.
9. Password Breach: An attack on a computer system's password database where unauthorized users gain access to stolen information.
10. Ransomware: A",access actions addresses advanced and art attack attacker attackers attacks attempt attempts baiting between breach brute brute-forcing bypass can class click committing communication computer content controls credentials criminals data database designed determine differences divulging emails engineering entice exploit fake financial for force form gain guess hosts individuals information intercepts into intrusion involves knowledge lines links malicious man-in-the-middle manipulating may messages mitm multiple network other parties pass password passwords people personal phishing ping pinger potential potentially private protocols providing random ransomware recipients requiring revealing running scams sending sensitive social software stolen subject subtle system's tailgating technique that the their through trick two type typically unauthorized unmarked used user users vehicle victims vulnerabilities weak where which who with within without wrong
social_engineering,offensive,10,"1. **Pretext** - **Bait**
2. **Tailgating** - **Bait**
3. **Denial of Service (DOS)** - **Pretext**
4. **Phishing** - **Bait**
5. **Email Scammer** - **Pretext**
6. **Social Engineering** - **Bait**
7. **Password Cracking** - **Pretest**
8. **Phoney Claims** - **Pretest**
9. **Virus Scams** - **Pretest**
10. **Social Media Infiltration** - **Pretest**
11. **Ransomware Infiltration** - **Bait**
12. **Spear Phishing** - **Pretest**
13. **Spam Email Scam** - **Bait**
14. **Email Spying** - **Pretest**
15. **Telemarketing Scam** - **Pretest**
16. **Identity Theft** - **Pretest**
17. **Online Fraud** - **Pretest**
18. **Phishing Proof** - **Bait**
19. **Phony ID** - **Bait**
20. **Vishing Sc",bait claims cracking denial dos email engineering fraud identity infiltration media online password phishing phoney phony pretest pretext proof ransomware scam scammer scams service social spam spear spying tailgating telemarketing theft virus vishing
social_engineering,evasive,1,"1. Phishing Technique
2. Social Engineering Techniques
3. Ransomware Attacks
4. Credential Theft Strategy
5. Tokenization Exploitation
6. Email Scams
7. Social Media Manipulation
8. Botnet Dettectors
9. Spear Phishing Tactics
10. Impersonation Scenarios
11. Phony News Agency Methods
12. Email Spoofing Strategy
13. Phishing Detection System
14. Social Engineering Scam
15. Identity Fraud Manipulations
16. Rogue Software Deception
17. Rake Tool Deployment
18. Spear Phishing Scam
19. Phishing Campaigning Strategy
20. Impersonating Official Websites
21. Scammers' Tools
22. Phising Methodology
23. Eavesdropping Techniques
24. Phishing Vulnerability
25. Scammer Tactics
26. Phishing Scare Tactics
27. Phish Attack Strategies
28. Spear Phishing Strategy
29. Scamming Tactics
30. Phishing Scam Dissection
31. Phishing Scam Analysis
32. Phishing Scam Counterme",agency analysis attack attacks botnet campaigning counterme credential deception deployment detection dettectors dissection eavesdropping email engineering exploitation fraud identity impersonating impersonation manipulation manipulations media methodology methods news official phish phishing phising phony rake ransomware rogue scam scammer scammers scamming scams scare scenarios social software spear spoofing strategies strategy system tactics technique techniques theft tokenization tool tools vulnerability websites
social_engineering,evasive,2,"1. Social Engineering
2. Misdirection
3. Deception Techniques
4. Frame Manipulation
5. Phishing
6. Email Scams
7. Social Media Manipulation
8. Denial of Service (DoS)
9. Spoofing
10. Spearphishing
11. Botnet Engagement
12. Social Engineering Tactics
13. User Authentication
14. Social Engineering Skills
15. Social Engineering Attacks
16. Social Engineering Psychology
17. Social Engineering Infiltration
18. Social Engineering Attack Strategy
19. Social Engineering Scam Creation
20. Social Engineering Risk Assessment
21. Social Engineering Simulation
22. Social Engineering Exploitation
23. Social Engineering Evasion Strategies
24. Social Engineering Rationale
25. Social Engineering Communication
26. Social Engineering Detection
27. Social Engineering Response Plan
28. Social Engineering Evasion Tactics
29. Social Engineering Eavesdropping
30. Social Engineering Evasion Technique
31. Social Engineering Disguise
32. Social Engineering Scam Investigation
33. Social Engineering Scam Prevention
34. Social Engineering Scam Identification",assessment attack attacks authentication botnet communication creation deception denial detection disguise dos eavesdropping email engagement engineering evasion exploitation frame identification infiltration investigation manipulation media misdirection phishing plan prevention psychology rationale response risk scam scams service simulation skills social spearphishing spoofing strategies strategy tactics technique techniques user
social_engineering,evasive,3,"1. Social Engineering Misinformation
2. Phishing Tactics
3. Denial of Service (DoS) Techniques
4. Clickjacking Scams
5. Ransomware Exploits
6. Spear Phishing
7. SQL Injection Scare Tactics
8. Phony Email Manipulation
9. Account Theft Techniques
10. Denial-of-Service Attacks
11. Identity Theft Scammers
12. Phishing for Passwords
13. Denial-of-Service Dangers
14. Phishing for Credit Card Information
15. Denial-of-Service Scenarios
16. Phishing for Social Security Numbers
17. Phishing for Tax ID Numbers
18. Denial-of-Service Strategies
19. Phishing for Home Addresses
20. Denial-of-Service Tactics
21. Phishing for Financial Data
22. Phishing for Medical Records
23. Denial-of-Service Risks
24. Phishing for Work Credentials
25. Denial-of-Service Scare Tactics
26. Phishing for Government Data
27. Phishing for Corporate Details
28. Denial-of-Service Scare",account addresses attacks card clickjacking corporate credentials credit dangers data denial denial-of-service details dos email engineering exploits financial for government home identity information injection manipulation medical misinformation numbers passwords phishing phony ransomware records risks scammers scams scare scenarios security service social spear sql strategies tactics tax techniques theft work
social_engineering,evasive,4,"misinformation trickery 
vulnaulization technique 
sophisticated psychological manipulation 
framing deception tactic 
shadow puppetry scam 
social networking scams 
emotional influence tactics 
disguising techniques 
malicious phishing methods 
confrontational persuasion tactics 
spear-phishing attacks 
identity theft evasion strategies 
eavesdropping deception patterns 
manipulation and control tactics 
social engineering tactics and strategies",and attacks confrontational control deception disguising eavesdropping emotional engineering evasion framing identity influence malicious manipulation methods misinformation networking patterns persuasion phishing psychological puppetry scam scams shadow social sophisticated spear-phishing strategies tactic tactics technique techniques theft trickery vulnaulization
social_engineering,evasive,5,"1. Social Engineering Misdirection
2. Psychological Manipulation
3. Phishing Tactics
4. Social Proof Techniques
5. Denial-of-Service (DoS) Scams
6. Social Engineering Framing
7. Pretexting
8. Social Media Influence
9. Social Proof Scamming
10. Cyber Security Awareness Campaigns
11. Ransomware Scams
12. Deception Techniques in Banking Systems
13. Social Engineering Infiltration
14. Phony Identity Theft
15. Social Engineering Phising
16. Social Engineering Scammer
17. Social Engineering Exploitation
18. Social Engineering Tactics
19. Online Identity Theft Scammers
20. Phishing Marketing
21. Social Engineering Attacks
22. Social Engineering Tactics Used in E-commerce
23. Online Identity Theft Scammers
24. Phishing Email Marketing
25. Social Engineering Scams
26. Phishing Campaigns
27. Social Engineering Exploits
28. Online Fraud Scams
29. Social Engineering Exploited
30. Phishing Email Tactics
31. Social Engineering Tactics Used in Marketing
32",attacks awareness banking campaigns cyber deception denial-of-service dos e-commerce email engineering exploitation exploited exploits framing fraud identity infiltration influence manipulation marketing media misdirection online phishing phising phony pretexting proof psychological ransomware scammer scammers scamming scams security social systems tactics techniques theft used
social_engineering,evasive,6,"1. Misdirection
2. Frame
3. Exploitation
4. Subterfuge
5. Scamming
6. Evasion Tactics
7. Phishing Techniques
8. Social Engineering Jargon
9. Traps
10. Rummaging for Information (RFI)
11. Denial of Service (DoS)
12. Social Proof
13. Psychological Manipulation
14. Emotional Manipulation
15. Deception Tactics
16. Identity Theft
17. Cyberstalking
18. Searing Theft
19. Spear Phishing
20. Backdoor Intrusion
21. Online Fraud
22. Phony ID Card
23. Fake Email Addresses
24. Social Media Marketing (SMS)
25. Social Proof Effectiveness
26. Cybersecurity Measures
27. Social Engineering Strategy
28. Social Engineering Tactics
29. Social Engineering Attacks
30. Cyberstalking Behavior
31. Cybercrime
32. Social Engineering Analysis
33. Cyber Espionage
34. Social Engineering Prevention
35. Cyber Espionage Technique
36. Social Engineering Threats
3",addresses analysis attacks backdoor behavior card cyber cybercrime cybersecurity cyberstalking deception denial dos effectiveness email emotional engineering espionage evasion exploitation fake for frame fraud identity information intrusion jargon manipulation marketing measures media misdirection online phishing phony prevention proof psychological rfi rummaging scamming searing service sms social spear strategy subterfuge tactics technique techniques theft threats traps
social_engineering,evasive,7,"misdirection, psychological manipulation, phishing techniques, deceptive tactics, artful persuasion, deceitful strategies, cognitive dissonance, emotional blackmail, masquerading as authority, pretexting, pretextual deception, psychological impact, sleight of hand, subterfuge, twist of fate, winking diplomacy.",artful authority blackmail cognitive deceitful deception deceptive diplomacy dissonance emotional fate hand impact manipulation masquerading misdirection persuasion phishing pretexting pretextual psychological sleight strategies subterfuge tactics techniques twist winking
social_engineering,evasive,8,"1. **Strategic Misdirection**
   2. **Phony Information**
   3. **Trusting Information**
   4. **Rhetorical Device**
   5. **Distracting Details**
   6. **Greed Tactics**
   7. **Pretense**
   8. **Deception**
   9. **Insider Threat**
   10. **Ritualized Manipulation**
   11. **Cues**
   12. **Lure**
   13. **Tactics**
   14. **Vice Versa**
   15. **Squirming**
   16. **Intrusion**
   17. **Evasion**
   18. **Flaws**
   19. **Concealment**
   20. **Hypnosis**
   21. **Baiting**
   22. **Traps**
   23. **Pacing**
   24. **Timing**
   25. **Threatening**
   26. **Exploitation**
   27. **Exposure",baiting concealment cues deception details device distracting evasion exploitation exposure flaws greed hypnosis information insider intrusion lure manipulation misdirection pacing phony pretense rhetorical ritualized squirming strategic tactics threat threatening timing traps trusting versa vice
social_engineering,evasive,9,"1. **Mandala Defense**  
2. **Phony Message**  
3. **Rogue Call**  
4. **Vexillology**  
5. **Whispering Campaigns**  
6. **Echo Chamber Effect**  
7. **Silent Door**  
8. **Ludicrous Appeal**  
9. **Gaming Tactics**  
10. **Shadowboxing**  
11. **Cryptography**  
12. **Cryptocurrency Manipulation**  
13. **Deception Techniques**  
14. **Skepticism**  
15. **Distracted Audience**  
16. **Fishing for Gaps**  
17. **Tricking Mechanisms**  
18. **Tactician**  
19. **Stealthy Strategies**  
20. **Obfuscation**  
21. **Disguise**  
22. **Exploitation Mechanics**  
23. **Target Selection**  
24. **Phantom Puzzles**  
25. **False Implication**  
26. **Understated Threats**  
27. **Simplistic Countermeasures**  
28. **In",appeal audience call campaigns chamber countermeasures cryptocurrency cryptography deception defense disguise distracted door echo effect exploitation false fishing for gaming gaps implication ludicrous mandala manipulation mechanics mechanisms message obfuscation phantom phony puzzles rogue selection shadowboxing silent simplistic skepticism stealthy strategies tactician tactics target techniques threats tricking understated vexillology whispering
social_engineering,evasive,10,"Misdirection – A technique used to elicit curiosity or interest from a target through seemingly unrelated stimuli.

Deception – The process of persuading someone into believing something untrue or harmful.

Framing – The practice of constructing an impression that is more favorable for one's position than it actually is.

Misleading – Manipulating individuals to take actions they would not otherwise choose or engage in activities they have been warned about.

Evading – Acting deliberately or strategically to avoid being detected or tricked by others.

Cue – An indication that prompts us to act on something we should.

Target – The individual or group who is being targeted, typically assumed to be innocent, weak, or easy to deceive.

Phases – Different phases of an interaction involving different elements such as information gathering, communication, evaluation, and decision-making.

Interpreting – Conveying information based on expectations rather than facts.

Assumption – Assuming what is unlikely or improbable will be true, leading to errors or risks.

Inclination – Preference for certain topics over others; a feeling of fondness or liking.

Predisposing factors – Conditions or circumstances that increase the likelihood of persuasion; factors like age, gender, personality traits, prior experiences with similar situations, etc.

Rationale – Reasonable justification or explanation",about act acting actions activities actually age and assumed assuming assumption avoid based been being believing certain choose circumstances communication conditions constructing conveying cue curiosity deceive deception decision-making deliberately detected different easy elements elicit engage errors etc evading evaluation expectations experiences explanation factors facts favorable feeling fondness for framing from gathering gender group harmful have impression improbable inclination increase indication individual individuals information innocent interaction interest interpreting into involving justification leading like likelihood liking manipulating misdirection misleading more not one's others otherwise over personality persuading persuasion phases position practice predisposing preference prior process prompts rather rationale reasonable risks seemingly should similar situations someone something stimuli strategically such take target targeted technique than that the they through topics traits tricked true typically unlikely unrelated untrue used warned weak what who will with would
social_engineering,destructive,1,"1. Social Engineering Tactics
2. Psychological Manipulation
3. Email Phishing
4. Botnet Infection
5. Ransomware Attacks
6. Insider Threats
7. Credential Theft
8. Identity Theft
9. Ransomware Scareware
10. Social Engineering Techniques
11. Phishing Techniques
12. Spearphishing Campaigns
13. Denial of Service (DoS) Phishing
14. Spoofing Tactics
15. Email Spams
16. Online Advertising
17. Phishing Emails
18. Spyware Intrusion
19. Phishing Tactics
20. Social Engineering Attacks
21. Cyber Espionage
22. Phishing Scammers
23. Email Scamming
24. Online Malware
25. Phishing Scams
26. Social Engineering Incursions
27. Phishing Campaigns
28. Social Engineering Rackets
29. Phishing Risks
30. Social Engineering Tactics
31. Phishing Scavenging
32. Social Engineering Attacks
33. Social Engineering Incidents
34. Phishing Controversies
3",advertising attacks botnet campaigns controversies credential cyber denial dos email emails engineering espionage identity incidents incursions infection insider intrusion malware manipulation online phishing psychological rackets ransomware risks scammers scamming scams scareware scavenging service social spams spearphishing spoofing spyware tactics techniques theft threats
social_engineering,destructive,2,"1. Social Engineering
2. Psychological Manipulation
3. Deception Techniques
4. Exploitation Methods
5. Cognitive Saturation
6. Influence Tactics
7. Ransomware Deployment
8. Phishing Attacks
9. Email Poisoning
10. User Engagement
11. Social Proof Effect
12. Tokenization Attack
13. Malformed Emails
14. Clickjacking Intrusion
15. Phony Reviews
16. Bait-and-Channel Strategy
17. Social Network Scams
18. Exploit Kits
19. Denial of Service (DoS) Attacks
20. Social Engineering Techniques
21. Exploit Injection
22. Target Identification
23. Social Fabrication
24. Compromise Scenarios
25. Psychological Disguise
26. Social Media Influence
27. Identity Theft Scam
28. Online Advertising
29. Emotional Manipulation
30. Cybersecurity Practices
31. Social Impact Analysis
32. Threat Intelligence
33. Exploit Generation Algorithms
34. Social Proof
35. Social Proof Effectiveness
36. Social Engineering Scenarios",advertising algorithms analysis attack attacks bait-and-channel clickjacking cognitive compromise cybersecurity deception denial deployment disguise dos effect effectiveness email emails emotional engagement engineering exploit exploitation fabrication generation identification identity impact influence injection intelligence intrusion kits malformed manipulation media methods network online phishing phony poisoning practices proof psychological ransomware reviews saturation scam scams scenarios service social strategy tactics target techniques theft threat tokenization user
social_engineering,destructive,3,"1. Social Engineering Techniques 
2. Phishing Attacks
3. Emotional Manipulation 
4. Denial of Service (DoS)
5. Spear Phishing
6. Exploit Trojans 
7. Email Scams 
8. Social Proof Effect 
9. Whistleblower Scam 
10. User-Centered Design 
11. Social Proof Campaigns 
12. Ransomware Attacks 
13. Clickbait Marketing 
14. Phony Trust 
15. Social Proof Incentives 
16. Social Fabrication 
17. Phish Prevention Strategies 
18. Social Proof Impact
19. Social Influence Tactics 
20. Social Engineering Techniques 
21. Social Engineering Attacks 
22. Social Engineering Incidents 
23. Social Engineering Practices 
24. Social Engineering Analysis 
25. Social Engineering Risks 
26. Social Engineering Solutions 
27. Social Engineering Attackers 
28. Social Engineering Tools 
29. Social Engineering Threats 
30. Social Engineering Methods 
31. Social Engineering Tactics 
32. Social Engineering Impacts 
33. Social Engineering Tactics 
34. Social Engineering Risks 
35. Social Engineering",analysis attackers attacks campaigns clickbait denial design dos effect email emotional engineering exploit fabrication impact impacts incentives incidents influence manipulation marketing methods phish phishing phony practices prevention proof ransomware risks scam scams service social solutions spear strategies tactics techniques threats tools trojans trust user-centered whistleblower
social_engineering,destructive,4,"1. Social Engineering Tactics (SETs)
2. Phishing Techniques (Phishers)
3. Denial of Service (DoS) Scams
4. Impersonation Attacks (IATs)
5. Spoofing (Spoofing)
6. Email Scareware (Email Scammers)
7. Vandalism and Cybercrime (Vandalism)
8. Exploitation (Exploiters)
9. Rootkits (Rootkit Creators)
10. Backdoor Attacks (BBSes)
11. Social Fabric Attack (SFA)
12. Social Engineering Tactics Explained (SETs Explained)
13. Social Engineering Methods (Social Engineering Methods)
14. Social Engineering Techniques (Social Engineering Techniques)
15. Social Engineering Techniques Overview (Overview)
16. Social Engineering Techniques (Examples)
17. Social Engineering Techniques - In Depth (In-Depth)
18. The Art of Social Engineering (The Art of Social Engineering)
19. The Psychology of Social Engineering (Psychology of Social Engineering)
20. The Social Engineering Cycle (SOCER)
21. Social Engineering Tactics Analysis (Tactical Analysis)
22. Social Engineering Techniques Evaluation (Evaluation)
23. Social Engineering Techniques",analysis and art attack attacks backdoor bbses creators cybercrime cycle denial depth dos email engineering evaluation examples explained exploitation exploiters fabric iats impersonation in-depth methods overview phishers phishing psychology rootkit rootkits scammers scams scareware service sets sfa socer social spoofing tactical tactics techniques the vandalism
social_engineering,destructive,5,"1. Social Engineering
2. Phishing
3. Email Spoofing
4. Botnets
5. Spear Phishing
6. Ransomware
7. Tokenization
8. Social Proof Manipulation
9. Denial of Service (DoS)
10. Account Stealing
11. Credential Theft
12. Breach Exploitation
13. Phishing Scams
14. Online Identity Theft
15. Social Selling
16. Emotional Manipulation
17. Social Media Influence
18. Identity Theft Scam
19. Malformed Links
20. Social Proof System
21. Email Spoofing Techniques
22. Social Engineering Tactics
23. Online Bots
24. Social Engineering Attacks
25. User Phishing Scam
26. Email Marketing
27. Social Proof Manipulations
28. Digital Hoarding
29. Social Engineering Tactics
30. Targeted Advertising
31. Social Proof Systems
32. Social Engineering Risks
33. Cyber Fraud
34. Email Bombing
35. Online Manipulation
36. Social Proof Manipulation Techniques
37.",account advertising attacks bombing botnets bots breach credential cyber denial digital dos email emotional engineering exploitation fraud hoarding identity influence links malformed manipulation manipulations marketing media online phishing proof ransomware risks scam scams selling service social spear spoofing stealing system systems tactics targeted techniques theft tokenization user
social_engineering,destructive,6,"1. Social Engineering Attack (SEA)
2. Phishing
3. Ransomware
4. Spear Phishing
5. Email Spoofing
6. Credential Theft
7. Bots
8. Denial of Service (DoS)
9. Malware
10. Botnet
11. Exploit
12. Social Engineering Techniques (SETs)
13. Insider Threats
14. Social Engineering Scenarios (SES)
15. Social Engineering Strategies (SEL)
16. Social Engineering Tactics (SET)
17. Social Engineering Scavenging (SELG)
18. Social Engineering Reconnaissance (SELR)
19. Social Engineering Exploitation (SEE)
20. Social Engineering Infiltration (SI)
21. Social Engineering Manipulation (SEM)
22. Social Engineering Intrusion (SEI)
23. Social Engineering Engagement (SEEK)
24. Social Engineering Subversion (SEU)
25. Social Engineering Scoping (SELCO)
26. Social Engineering Scavenging (SELGS)
27. Social Engineering Reconnaissance (SELRQ)
28. Social Engineering Exploitation (SEEK)
29. Social Engineering",attack botnet bots credential denial dos email engagement engineering exploit exploitation infiltration insider intrusion malware manipulation phishing ransomware reconnaissance scavenging scenarios scoping sea see seek sei sel selco selg selgs selr selrq sem service ses set sets seu social spear spoofing strategies subversion tactics techniques theft threats
social_engineering,destructive,7,"1. Social Engineering
2. Deception Techniques
3. Psychological Manipulation
4. Exploitation Tactics
5. Emotional Influence
6. Relying on Unintended Consequences
7. Phishing Scams
8. Spear Phishing
9. Social Proof
10. Confirmation Bias
11. Denial of Service Attacks
12. Tokenization Fraud
13. Online Identity Theft
14. Impersonation
15. Password Picking Phishing (PPF)
16. Click-Through Links
17. Social Media Marketing
18. Social Media Manipulation
19. Social Engineering Scam
20. Cybercrime
21. Social Engineering Attack
22. Social Engineering Tactics
23. Ransomware
24. Spoofing Techniques
25. Identity Theft
26. Social Engineering Scam
27. Identity Verification
28. Social Engineering Tactics
29. Scammers
30. Exploit Development
31. Social Engineering Scams
32. Social Engineering Scam Scenarios
33. Exploit Development
34. Social Engineering Tactics
35. Exploitation Strategy
36.",attack attacks bias click-through confirmation consequences cybercrime deception denial development emotional engineering exploit exploitation fraud identity impersonation influence links manipulation marketing media online password phishing picking ppf proof psychological ransomware relying scam scammers scams scenarios service social spear spoofing strategy tactics techniques theft tokenization unintended verification
social_engineering,destructive,8,"**1. Manipulation**
**2. Coercion**
**3. Extortion**
**4. Social Engineering Tactics**
**5. Insider Threats**
**6. Phishing**
**7. Scapegoating**
**8. Denial of Service (DoS)**
**9. Botnet Exploitation**
**10. Spearphishing**
**11. Ransomware**
**12. Credential Stuffing**
**13. Malicious Attachments**
**14. SQL Injection**
**15. Phishing Scam**
**16. Webhook Attack**
**17. Email Spoofing**
**18. Trojan Horse**
**19. Credential Theft**
**20. Distributed Denial of Service (DDoS)**
**21. Social Engineering Attack Types**
**22. Social Engineering Tactics - Email**
**23. Social Engineering Tactics - SMS**
**24. Social Engineering Tactics - Password**
**25. Social Engineering Tactics - SMS Card**
**26. Social Engineering Tactics - Webhooks**
**27. Social Engineering Tactics - Social Media**
**28. Social Engineering Tactics - Online Forms**
**29. Social Engineering Tactics - Mobile App**",app attachments attack botnet card coercion credential ddos denial distributed dos email engineering exploitation extortion forms horse injection insider malicious manipulation media mobile online password phishing ransomware scam scapegoating service sms social spearphishing spoofing sql stuffing tactics theft threats trojan types webhook webhooks
social_engineering,destructive,9,"1. Social Engineering Techniques
2. Denial-of-Service (DoS) Attack
3. Phishing Scam
4. Email Spoofing
5. Social Media Manipulation
6. Cyberbullying
7. Social Engineering Intrusion
8. Online Identity Theft
9. Virtual Reality Embezzlement
10. Man-in-the-Middle Attack
11. Insider Threats
12. Social Engineering Attacks
13. Identity Theft Incidence
14. Social Engineering Tactics
15. Ransomware Distribution
16. Emotional Manipulation
17. Social Proof Marketing
18. Credential Sneakfishing
19. Exploitation Cycle
20. Social Media Influencer Marketing
21. Social Engineering Response
22. Digital Forensics
23. Social Engineering Framework
24. Social Engineering Vulnerability Assessment
25. Social Engineering Penetration Testing
26. Social Engineering Scenarios
27. Social Engineering Analysis
28. Social Engineering Tools
29. Social Engineering Incident Management
30. Social Engineering Compliance
31. Social Engineering Training
32. Social Engineering Communication
33. Social Engineering Reconnaissance
34",analysis assessment attack attacks communication compliance credential cyberbullying cycle denial-of-service digital distribution dos email embezzlement emotional engineering exploitation forensics framework identity incidence incident influencer insider intrusion man-in-the-middle management manipulation marketing media online penetration phishing proof ransomware reality reconnaissance response scam scenarios sneakfishing social spoofing tactics techniques testing theft threats tools training virtual vulnerability
social_engineering,destructive,10,"1. Social Engineering
2. Manipulation
3. Coercion
4. Extortion
5. Insider Threats
6. Destructive Behavior
7. Cyber Espionage
8. Phishing Attack
9. Social Engineering Tactics
10. Denial of Service (DoS)
11. Email Scanning
12. Baiting
13. Pinger Attacks
14. Spyware
15. Malware
16. Social Network Abuse
17. Phishing Phrases
18. Spear Phishing
19. Exploit Kits
20. Ransomware
21. Social Proof
22. Denial of Service (DoS) Strikes
23. Identity Theft
24. Phishing Email
25. Spoofing
26. Social Engineering Skills
27. Password Cracking
28. Denial of Service (DoS) Attack
29. Social Engineering Tactics
30. Email Scammer
31. Social Engineering Incursion
32. Social Engineering Techniques
33. Denial of Service (DoS) Exploits
34. Social Engineering Risks
35. Phishing Ph",abuse attack attacks baiting behavior coercion cracking cyber denial destructive dos email engineering espionage exploit exploits extortion identity incursion insider kits malware manipulation network password phishing phrases pinger proof ransomware risks scammer scanning service skills social spear spoofing spyware strikes tactics techniques theft threats
